iteration,find_best_us,split_us,update_info_us,total_us,active_faces,n_vertices
0,2.931,0.106,8.855,12,2,9
1,0.098,42130.5,0.546,42131.2,5,16
2,0.238,28847.6,1.374,28849.4,9,26
3,0.281,7439.6,1.016,7441,13,36
4,0.3,1104.31,17.076,1121.93,14,39
5,3.206,12335.5,15.856,12354.7,15,42
6,0.4,45486.8,1.708,45489,26,65
7,0.359,28503.9,21.878,28526.2,38,89
8,0.268,0.036,24.307,24.709,38,89
9,4.089,20913.1,2.468,20919.8,42,97
10,0.332,6608.86,21.662,6631,48,109
11,13.167,15816.5,23.12,15852.9,52,117
12,0.298,5264.95,1.869,5267.22,58,129
13,0.393,0.081,32.947,33.521,58,129
14,13.898,4392.55,17.722,4424.38,59,132
15,0.295,1269.59,2.705,1272.69,63,140
16,0.857,2645.97,2.466,2649.43,68,151
17,9.339,10441.8,3.905,10455.3,73,162
18,0.299,19773.7,22.398,19796.6,88,193
19,18.798,4228.6,32.024,4279.54,90,197
20,0.346,3627.99,24.208,3652.65,96,209
21,0.311,4072.09,5.246,4077.8,100,217
22,0.337,13683.3,27.516,13711.3,109,236
23,0.392,19148.6,24.664,19173.7,126,271
24,0.34,5501.2,47.287,5548.98,133,286
25,0.54,3173.42,40.121,3214.22,141,302
26,27.247,1100,32.712,1160.16,142,305
27,0.521,3065.82,36.983,3103.43,149,320
28,0.423,14792.3,40.35,14833.2,165,352
29,28.069,4530.07,32.552,4590.99,166,355
30,0.415,4883.06,36.92,4920.48,173,370
31,0.277,1201.3,42.819,1244.49,174,373
32,0.555,0.036,83.636,84.321,174,373
33,0.06,578.83,46.73,625.723,176,377
34,0.505,2090.6,33.499,2124.71,180,385
35,0.408,3935.92,54.422,3990.86,185,396
36,0.368,0.041,77.135,77.658,185,396
37,0.072,6017.9,10.176,6028.27,188,403
38,0.373,1908.31,35.426,1944.24,194,415
39,0.356,2968.8,43.246,3012.5,201,430
40,0.268,6245.44,8.25,6254.17,204,437
41,31.387,7904.08,9.902,7945.61,210,449
42,0.351,9510.93,44.301,9555.72,224,477
43,0.386,4624.4,52.954,4677.83,231,492
44,0.294,1230.08,44.381,1275.02,235,500
45,0.509,685.364,72.266,758.259,237,504
46,0.469,3871.47,55.508,3927.7,242,515
47,0.395,0.036,79.826,80.39,242,515
48,0.058,0.048,84.151,84.352,242,515
49,0.07,0.035,34.53,34.735,242,515
50,1.13,3328.86,48.528,3378.62,249,530
51,0.292,2433.35,56.985,2490.76,253,538
52,0.333,0.037,89.801,90.264,253,538
53,0.107,845.362,70.873,916.478,255,542
54,0.553,0.036,92.351,93.04,255,542
55,0.055,5595.25,56.625,5652.03,260,553
56,0.517,9376.21,56.174,9433.11,268,569
57,0.353,3475.64,57.924,3534.12,272,577
58,0.484,1834.64,7.147,1842.41,276,585
59,54.19,2701.47,62.111,2817.88,279,592
60,0.592,3468.98,7.861,3477.64,284,603
61,0.337,0.081,116.248,116.804,284,603
62,44.758,2386.25,78.764,2509.91,286,607
63,0.547,3683.86,67.331,3751.84,292,619
64,0.471,0.034,68.905,69.576,292,619
65,0.06,0.037,73.466,73.668,292,619
66,0.117,0.061,49.083,49.362,292,619
67,0.132,635.889,56.668,692.824,294,623
68,0.186,0.086,95.254,95.661,294,623
69,0.155,0.033,72.135,72.417,294,623
70,0.054,3222.48,44.819,3267.45,301,638
71,50.734,3024.1,76.472,3151.49,303,642
72,0.305,3550.11,51.142,3601.67,309,654
73,0.308,3681.26,52.991,3734.68,315,666
74,0.378,8189.17,58.999,8248.65,331,698
75,0.371,759.893,81.542,841.928,333,702
76,0.518,0.036,90.139,90.786,333,702
77,0.059,0.037,83.114,83.302,333,702
78,0.053,724.307,102.955,827.417,335,706
79,0.475,0.035,100.873,101.514,335,706
80,0.117,2353.52,56.611,2410.34,341,718
81,0.413,580.934,71.148,652.612,343,722
82,0.157,5286.52,9.549,5296.35,351,738
83,63.115,1339.26,80.545,1483.08,353,742
84,0.356,2198.39,56.235,2255.1,357,750
85,0.4,0.056,118.513,119.064,357,750
86,0.056,3514.77,57.456,3572.4,363,762
87,0.319,0.035,125.384,125.921,363,762
88,0.121,3195.11,54.13,3249.51,373,782
89,0.435,785.716,89.103,875.5,375,786
90,0.386,1304.39,10.518,1315.57,379,794
91,0.36,3186.33,76.575,3263.4,385,806
92,0.328,3581,84.875,3666.3,390,817
93,0.347,0.036,146.622,147.175,390,817
94,0.162,0.039,130.245,130.541,390,817
95,1.051,0.409,241.245,242.876,390,817
96,0.07,1024.95,88.73,1113.85,392,821
97,0.424,0.036,91.503,92.056,392,821
98,0.115,0.033,143.54,143.866,392,821
99,0.128,0.258,117.138,117.619,392,821
100,1.272,3912.82,83.713,3997.97,400,837
101,0.376,3761.68,63.972,3826.18,408,853
102,0.292,1452.49,60.258,1513.15,412,861
103,0.449,960.657,72.327,1033.58,414,865
104,0.425,0.162,112.882,113.586,414,865
105,0.058,0.114,107.113,107.517,414,865
106,0.069,2512.14,18.859,2531.21,417,872
107,0.395,0.169,117.599,118.257,417,872
108,0.056,915.608,92.992,1008.77,419,876
109,0.299,398.354,74,472.753,421,880
110,0.25,0.094,97.657,98.097,421,880
111,0.057,1906.15,64.823,1971.21,425,888
112,79.154,1100.71,98.444,1278.49,427,892
113,0.5,1965.02,73.88,2039.57,431,900
114,0.41,2140.61,82.784,2223.99,435,908
115,0.41,1993.52,15.404,2009.43,438,915
116,0.363,0.051,132.319,132.821,438,915
117,0.093,3183.75,77.651,3261.62,444,927
118,0.373,2607.88,20.403,2628.81,447,934
119,0.382,1540.73,16.521,1557.74,450,941
120,0.433,1601.18,76.271,1678.15,454,949
121,0.542,749.793,122.512,873.074,456,953
122,0.353,347.961,90.037,438.48,458,957
123,0.215,2676.73,73.96,2751.02,466,973
124,78.208,2138.19,20.538,2237.11,470,981
125,0.71,773.698,109.853,884.356,472,985
126,0.534,805.965,109.201,915.872,474,989
127,0.373,2275.03,18.788,2294.35,477,996
128,0.319,1472.24,18.061,1490.79,481,1004
129,0.433,0.036,163.6,164.199,481,1004
130,0.059,1924.12,19.724,1943.99,485,1012
131,0.383,0.123,146.249,146.93,485,1012
132,0.12,1391.1,88.43,1479.78,489,1020
133,71.426,664.016,96.26,831.864,490,1023
134,0.429,702.838,89.977,793.341,492,1027
135,0.41,1219.77,68.099,1288.36,496,1035
136,0.394,1585.23,58.89,1644.63,502,1047
137,0.324,924.235,107.762,1032.43,504,1051
138,0.498,2917.89,87.141,3005.75,510,1063
139,0.527,3079.96,113.704,3194.33,516,1075
140,102.872,1528.37,116.838,1748.27,518,1079
141,0.467,922.42,121.905,1044.98,520,1083
142,0.366,401.484,125.247,527.19,522,1087
143,0.277,0.323,194.051,194.744,522,1087
144,0.061,0.036,150.426,150.616,522,1087
145,0.071,839.285,116.919,956.405,524,1091
146,0.596,2252.78,75.001,2328.49,530,1103
147,0.286,755.096,94.937,850.43,532,1107
148,0.286,0.091,173.537,174.003,532,1107
149,0.106,0.124,151.004,151.363,532,1107
150,0.105,0.14,177.934,178.266,532,1107
151,0.175,366.491,99.613,466.366,534,1111
152,0.107,2932.23,89.286,3021.75,542,1127
153,0.344,0.037,125.182,125.686,542,1127
154,0.059,0.034,175.097,175.282,542,1127
155,0.201,928.558,119.147,1048.04,544,1131
156,0.719,2168.91,121.379,2291.17,548,1139
157,90.779,535.878,118.35,745.164,550,1143
158,0.287,0.101,176.958,177.474,550,1143
159,0.057,2863.37,95.523,2959.08,558,1159
160,0.539,1153.38,20.975,1175.02,562,1167
161,0.475,2886.89,104.786,2992.36,566,1175
162,0.378,3073.25,85.904,3159.63,572,1187
163,0.291,0.118,192.681,193.178,572,1187
164,0.104,677.145,108.168,785.506,574,1191
165,0.205,849.974,114.403,964.7,576,1195
166,0.269,0.084,186.543,187.027,576,1195
167,0.104,0.031,116.584,116.807,576,1195
168,0.05,1866.25,79.848,1946.25,582,1207
169,0.443,1282.51,152.98,1436.13,584,1211
170,0.678,901.249,154.442,1056.54,586,1215
171,0.643,1708.31,20.389,1729.47,590,1223
172,0.399,1152.59,120.042,1273.19,592,1227
173,0.346,837.612,185.849,1023.94,594,1231
174,0.516,1721.79,33.407,1755.84,598,1239
175,0.409,2554.73,105.157,2660.52,604,1251
176,0.581,0.063,266.002,266.752,604,1251
177,0.11,2245.55,28.142,2273.95,608,1259
178,0.344,0.109,247.627,248.182,608,1259
179,0.111,3018.39,87.408,3106.01,616,1275
180,0.334,0.06,126.285,126.812,616,1275
181,0.107,2011.38,22.202,2033.82,620,1283
182,0.43,988.437,147.645,1136.62,622,1287
183,0.352,1979.36,118.745,2098.66,626,1295
184,0.631,0.201,111.158,112.093,626,1295
185,0.061,2330.06,24.582,2354.84,630,1303
186,0.482,2456.47,93.664,2550.75,635,1314
187,0.358,0.161,193.126,193.753,635,1314
188,0.106,2128.35,104.425,2233.06,639,1322
189,0.453,0.103,172.788,173.519,639,1322
190,0.115,995.456,133.439,1129.24,641,1326
191,0.442,481.651,166.557,648.754,643,1330
192,0.153,2962.93,123.159,3086.33,648,1341
193,0.339,387.439,133.722,521.614,650,1345
194,0.227,3131.01,104.542,3235.89,658,1361
195,0.393,1077.89,173.448,1251.93,660,1365
196,91.353,1268.87,173.396,1533.8,662,1369
197,0.399,640.008,152.71,793.222,664,1373
198,0.251,1069.9,171.59,1241.85,666,1377
199,0.813,1581.05,153.927,1735.92,668,1381
200,0.301,0.055,245.971,246.46,668,1381
201,0.098,2168.53,104.011,2272.74,674,1393
202,0.411,0.039,206.626,207.226,674,1393
203,0.121,7033.08,115.783,7149.13,680,1405
204,17.643,1553.76,235.871,1807.46,682,1409
205,0.466,2650.15,27.991,2678.72,688,1421
206,0.423,3423.04,55.797,3479.37,694,1433
207,0.349,477.724,167.232,645.409,696,1437
208,0.104,1065.51,198.522,1264.33,698,1441
209,0.389,573.15,150.154,723.797,700,1445
210,0.136,0.082,145.576,145.917,700,1445
211,0.067,0.334,261.121,261.7,700,1445
212,0.238,3092.72,109.327,3202.44,706,1457
213,0.461,600.284,167.479,768.331,708,1461
214,0.291,0.051,185.1,185.544,708,1461
215,0.128,0.293,275.006,275.608,708,1461
216,0.146,1104.38,167.611,1272.3,710,1465
217,0.385,0.3,256.208,256.998,710,1465
218,0.13,1841.73,202.075,2044.17,712,1469
219,108.202,226.88,153.454,488.66,713,1472
220,0.178,3084.13,155.58,3240.08,719,1484
221,0.985,1042.14,190.421,1233.7,720,1487
222,0.409,1011.7,195.943,1208.19,722,1491
223,0.522,0.132,320.54,321.367,722,1491
224,0.292,0.102,248.125,248.622,722,1491
225,0.092,474.639,146.948,621.782,724,1495
226,0.115,2682.33,35.215,2717.8,729,1506
227,0.463,0.251,353.709,354.526,729,1506
228,0.216,1725.2,121.01,1846.52,734,1517
229,110.368,666.291,160.762,937.53,736,1521
230,0.203,530.248,151.454,682.008,738,1525
231,0.314,0.281,282.953,283.642,738,1525
232,0.111,1799.96,33.892,1834.07,742,1533
233,0.581,4392.98,174.31,4568.01,749,1548
234,0.43,0.034,224.549,225.125,749,1548
235,0.145,1638.96,29.6,1668.82,753,1556
236,0.33,529.899,181.265,711.601,755,1560
237,117.022,1171.42,200.312,1488.92,757,1564
238,0.283,531.486,134.978,666.834,759,1568
239,0.175,3173.94,127.713,3301.93,765,1580
240,0.41,2082.07,136.131,2218.73,770,1591
241,1.086,0.245,419.491,420.915,770,1591
242,1.28,0.135,488.652,490.241,770,1591
243,0.486,4092.16,153.142,4245.93,777,1606
244,0.361,0.037,230.383,230.884,777,1606
245,0.111,0.195,334.005,334.475,777,1606
246,0.138,0.152,210.758,211.151,777,1606
247,0.11,1696.08,142.63,1838.94,781,1614
248,0.46,2446.82,65.515,2512.91,785,1622
249,0.397,1015.28,299.289,1315.08,787,1626
250,1.086,1826.16,149.992,1977.38,791,1634
251,119.35,427.975,147.447,694.88,792,1637
252,0.167,1102.28,198.509,1301.11,794,1641
253,0.4,580.467,189.379,770.356,796,1645
254,562.378,728.295,211.965,1502.84,798,1649
255,79.627,1981.83,37.772,2099.4,802,1657
256,113.819,1073.11,224.02,1411.07,804,1661
257,0.538,0.111,228.396,229.147,804,1661
258,0.103,2004.08,189.201,2193.52,808,1669
259,0.617,0.239,232.252,233.21,808,1669
260,0.115,6078.1,142.008,6220.36,820,1693
261,0.342,4995.5,177.176,5173.16,830,1713
262,0.423,649.846,198.436,848.813,832,1717
263,0.194,1930.18,38.51,1969.02,836,1725
264,0.592,0.231,326.789,327.751,836,1725
265,146.619,1210.86,232.762,1590.36,838,1729
266,0.459,653.816,208.837,863.23,840,1733
267,0.265,1529.49,219.285,1749.19,842,1737
268,0.361,2795.06,51.246,2846.8,846,1745
269,0.404,1130.58,259.524,1390.64,848,1749
270,0.555,0.212,321.088,321.974,848,1749
271,0.118,703.582,215.083,918.961,850,1753
272,0.241,0.185,394.256,394.794,850,1753
273,0.188,3878.11,185.367,4063.81,858,1769
274,0.4,0.145,331.901,332.649,858,1769
275,0.196,0.065,379.032,379.47,858,1769
276,0.33,2182.02,41.905,2224.41,862,1777
277,0.429,0.186,212.898,213.624,862,1777
278,0.115,1767.22,137.887,1905.38,865,1784
279,0.667,271.928,213.07,485.775,866,1787
280,360.996,2162.28,216.996,2740.39,869,1794
281,0.413,1722.82,60.608,1783.98,872,1801
282,0.342,2129.51,173.25,2303.25,876,1809
283,0.3,1963.82,179.23,2143.5,880,1817
284,1.853,0.207,299.162,301.333,880,1817
285,132.345,675.852,207.751,1016.07,882,1821
286,0.178,2192.47,51.05,2243.84,886,1829
287,175.81,2054.78,46.846,2277.58,890,1837
288,0.401,0.157,417.324,417.986,890,1837
289,0.124,1102.09,277.113,1379.5,892,1841
290,139.8,636.623,232.155,1008.72,894,1845
291,0.237,2151.72,158.059,2310.19,898,1853
292,0.968,924.49,214.581,1140.19,900,1857
293,0.218,2111.79,48.602,2160.71,904,1865
294,1.135,0.227,694.255,695.78,904,1865
295,0.211,0.036,361.476,361.834,904,1865
296,0.112,1234.33,247.448,1482.04,906,1869
297,251.29,3014.79,186.023,3452.38,912,1881
298,0.584,1279.77,239.144,1519.6,914,1885
299,0.537,2289.13,181.025,2470.81,918,1893
300,0.806,2035.36,170.794,2207.06,921,1900
301,111.65,1413.25,251.277,1776.31,923,1904
302,0.36,645.14,236.942,882.563,925,1908
303,0.136,0.112,373.474,373.855,925,1908
304,0.114,1375.56,241.021,1616.81,927,1912
305,125.778,684.9,239.709,1050.51,929,1916
306,0.291,2224.91,144.416,2369.71,933,1924
307,0.333,0.107,391.357,391.927,933,1924
308,0.152,0.115,254.009,254.378,933,1924
309,0.106,2519.16,52.921,2572.28,937,1932
310,143.611,2147.42,45.749,2336.95,941,1940
311,0.487,3521.75,200.921,3723.31,947,1952
312,0.465,0.07,429.97,430.609,947,1952
313,175.213,2340.44,198.336,2714.22,951,1960
314,1.193,1005.7,279.636,1286.7,953,1964
315,0.673,3236.85,237.957,3475.65,958,1975
316,0.486,745.743,240.781,987.162,960,1979
317,0.249,2250.13,47.662,2298.15,964,1987
318,0.554,1292.58,255.765,1549.07,966,1991
319,0.388,3986.1,182.496,4169.12,974,2007
320,0.243,1541.55,171.39,1713.28,977,2014
321,0.328,1275.28,265.632,1541.35,979,2018
322,0.426,0.055,277.29,277.869,979,2018
323,0.14,5345.6,237.234,5583.12,987,2034
324,0.276,0.102,448.271,448.746,987,2034
325,0.109,2275.77,51.712,2327.69,991,2042
326,0.623,753.629,268.646,1023.06,993,2046
327,0.309,1776.42,285.806,2073.87,995,2050
328,0.467,1994.7,278.226,2273.55,999,2058
329,0.571,0.096,443.24,444.012,999,2058
330,0.115,771.75,214.528,986.494,1001,2062
331,0.32,2393.67,234.691,2628.84,1005,2070
332,0.412,706.097,256.06,962.68,1007,2074
333,0.172,2327.2,60.497,2388.01,1011,2082
334,0.498,1444.72,295.636,1740.97,1013,2086
335,149.827,2438.02,65.6,2653.6,1017,2094
336,0.546,771.174,265.955,1037.78,1019,2098
337,0.265,0.191,500.888,501.441,1019,2098
338,0.115,2488.33,55.947,2544.54,1023,2106
339,0.559,2567.35,47.51,2615.58,1027,2114
340,0.412,0.136,304.858,305.531,1027,2114
341,0.14,0.063,270.017,270.337,1027,2114
342,0.126,6039.64,262.755,6302.66,1037,2134
343,0.475,4757.27,238.634,4996.54,1047,2154
344,0.352,1284.98,49.726,1335.19,1050,2161
345,0.313,1209.98,235.706,1446.12,1052,2165
346,124.71,1351.07,277.413,1753.35,1054,2169
347,0.364,2367.53,59.712,2427.77,1058,2177
348,0.358,0.067,469.202,469.752,1058,2177
349,0.153,5166.97,246.5,5413.75,1066,2193
350,0.286,2925.62,210.347,3136.36,1070,2201
351,0.373,1351.48,356.976,1708.99,1072,2205
352,0.37,811.684,294.287,1106.46,1074,2209
353,0.24,0.168,462.115,462.631,1074,2209
354,0.179,2647.09,64.679,2712.06,1078,2217
355,0.391,2296.73,74.232,2371.51,1081,2224
356,0.422,1382.99,262.827,1646.38,1083,2228
357,0.342,1510.1,281.303,1792.18,1085,2232
358,0.303,813.551,279.374,1093.34,1087,2236
359,0.232,2081,252.747,2334.07,1091,2244
360,0.271,0.079,443.831,444.285,1091,2244
361,0.12,700.143,264.334,964.705,1093,2248
362,0.166,0.049,325.091,325.4,1093,2248
363,0.1,1536.34,303.502,1840.09,1095,2252
364,0.511,2619.36,205.496,2825.53,1099,2260
365,0.365,0.062,359.184,359.776,1099,2260
366,0.104,0.055,488.192,488.468,1099,2260
367,142.859,1534.23,266.645,1943.89,1101,2264
368,0.354,2561.25,270.574,2832.33,1105,2272
369,0.349,868.464,347.497,1216.49,1107,2276
370,0.215,0.073,631.346,631.74,1107,2276
371,0.194,875.56,281.021,1156.94,1109,2280
372,0.29,2713.61,242.219,2956.29,1113,2288
373,0.433,1663.48,357.244,2021.3,1115,2292
374,0.463,0.086,399.66,400.32,1115,2292
375,164.649,905.646,293.708,1364.13,1117,2296
376,0.203,0.127,435.426,435.857,1117,2296
377,0.132,891.539,291.544,1183.37,1119,2300
378,0.171,2886.38,217.48,3104.15,1123,2308
379,0.624,0.166,465.464,466.38,1123,2308
380,0.241,0.147,502.022,502.577,1123,2308
381,0.181,0.092,554.257,554.638,1123,2308
382,0.17,0.154,532.626,533.055,1123,2308
383,0.194,2853.04,71.611,2925.01,1127,2316
384,0.641,2724.75,64.67,2790.17,1130,2323
385,538.047,3357.61,283.871,4179.67,1135,2334
386,0.352,2671.86,65.235,2737.64,1139,2342
387,0.309,819.115,303.19,1122.81,1141,2346
388,0.258,0.097,588.899,589.423,1141,2346
389,0.26,1600.34,351.758,1952.5,1143,2350
390,0.349,886.153,297.68,1184.29,1145,2354
391,0.333,0.085,427.023,427.576,1145,2354
392,0.153,0.099,351.877,352.255,1145,2354
393,0.13,1093.6,252.883,1346.73,1146,2357
394,0.438,887.392,290.827,1178.82,1148,2361
395,0.231,816.519,276.396,1093.28,1150,2365
396,0.18,0.145,488.92,489.384,1150,2365
397,0.089,2594.31,259.783,2854.29,1154,2373
398,0.278,2090.68,241.396,2332.49,1157,2380
399,0.375,0.121,535.884,536.473,1157,2380
400,1.125,1271.64,374.298,1647.23,1159,2384
401,0.265,0.091,599.477,599.935,1159,2384
402,0.202,0.094,455.508,455.97,1159,2384
403,0.21,2608.8,263.823,2872.97,1163,2392
404,0.308,0.081,469.052,469.55,1163,2392
405,0.099,0.061,366.44,366.694,1163,2392
406,0.133,3608.89,233.812,3842.95,1169,2404
407,0.37,0.107,364.705,365.303,1169,2404
408,0.193,1575.13,372.149,1947.56,1171,2408
409,0.47,457.914,238.018,696.496,1172,2411
410,0.106,0.231,370.367,370.815,1172,2411
411,0.281,0.061,497.041,497.511,1172,2411
412,0.137,3007.56,81.24,3089.09,1176,2419
413,0.384,804.796,313.826,1119.11,1178,2423
414,0.153,3643.04,80.078,3723.43,1182,2431
415,0.41,2821.07,108.429,2930.07,1186,2439
416,0.431,2204.78,64.807,2270.19,1190,2447
417,0.34,0.091,561.297,561.881,1190,2447
418,0.158,6337.7,275.663,6613.69,1198,2463
419,0.529,0.097,570.671,571.398,1198,2463
420,0.124,0.117,386.255,386.599,1198,2463
421,0.109,3779.51,266.696,4046.42,1204,2475
422,0.484,4516.39,254.713,4771.73,1210,2487
423,0.392,878.95,337.866,1217.32,1212,2491
424,0.183,3817.35,253.163,4070.8,1218,2503
425,189.447,714.741,291.727,1196.04,1219,2506
426,0.303,0.174,505.01,505.59,1219,2506
427,0.061,0.105,532.031,532.289,1219,2506
428,0.165,0.081,479.991,480.339,1219,2506
429,0.096,1628.9,379.565,2008.71,1221,2510
430,0.444,962.682,375.284,1338.56,1223,2514
431,364.971,1110,323.387,1798.46,1225,2518
432,0.256,754.695,339.399,1094.44,1227,2522
433,0.293,1302.71,395.951,1699.09,1229,2526
434,0.383,507.315,245.931,753.799,1230,2529
435,185.287,804.508,287.951,1277.86,1232,2533
436,0.226,2832.4,286.97,3119.76,1236,2541
437,0.388,0.143,591.145,591.794,1236,2541
438,0.124,0.191,576.31,576.836,1236,2541
439,0.134,0.051,396.289,396.604,1236,2541
440,0.119,2958.11,276.044,3234.42,1239,2548
441,0.41,4263.58,307.446,4571.6,1245,2560
442,0.396,3023.26,284.294,3308.11,1249,2568
443,0.389,0.238,597.621,598.423,1249,2568
444,178.362,2084.11,437.241,2699.88,1251,2572
445,0.395,0.19,498.709,499.414,1251,2572
446,0.153,3116.47,337.133,3453.91,1255,2580
447,0.381,486.929,271.963,759.39,1256,2583
448,0.113,3295.56,325.331,3621.18,1260,2591
449,0.664,4380.39,280.898,4662.11,1266,2603
450,1.192,0.269,1082.59,1084.18,1266,2603
451,0.199,0.14,672.79,673.23,1266,2603
452,0.162,0.114,609.503,609.901,1266,2603
453,0.17,4447.25,80.223,4527.77,1272,2615
454,0.37,0.196,612.221,612.891,1272,2615
455,145.702,559.652,652.237,1357.72,1273,2618
456,0.414,1595.68,322.886,1919.1,1275,2622
457,0.306,0.085,631.395,631.876,1275,2622
458,0.108,929.062,305.485,1234.78,1277,2626
459,0.224,2825.15,243.197,3068.72,1281,2634
460,179.134,857.039,443.656,1479.99,1283,2638
461,0.397,0.118,430.754,431.371,1283,2638
462,0.136,4087.61,295.201,4383.05,1289,2650
463,0.233,0.06,430.933,431.316,1289,2650
464,653.015,1177.5,374.656,2205.35,1291,2654
465,0.226,0.157,528.634,529.14,1291,2654
466,0.134,0.036,543.81,544.07,1291,2654
467,0.181,541.088,292.506,833.881,1292,2657
468,0.219,887.483,373.812,1261.66,1294,2661
469,0.237,3039.85,259.826,3300.06,1298,2669
470,0.382,1249.78,326.676,1577.01,1299,2672
471,0.551,3393.5,313.285,3707.5,1303,2680
472,0.326,2883.57,341.839,3225.89,1306,2687
473,0.46,1059.94,398.259,1458.76,1308,2691
474,0.205,0.055,651.533,651.908,1308,2691
475,0.194,3156.37,290.432,3447.17,1312,2699
476,207.347,1170.96,326.673,1705.11,1314,2703
477,0.296,0.082,573.56,574.071,1314,2703
478,164.329,1854.62,372.481,2391.59,1316,2707
479,0.488,0.238,722.529,723.364,1316,2707
480,0.192,0.11,607.23,607.639,1316,2707
481,0.121,1069.27,400.086,1469.64,1318,2711
482,0.194,2070.55,498.162,2569.08,1320,2715
483,0.467,0.054,563.53,564.233,1320,2715
484,0.155,3927.18,306.37,4233.85,1326,2727
485,0.379,1836.53,415.325,2252.38,1328,2731
486,0.401,3495.24,299.383,3795.16,1332,2739
487,0.354,0.091,647.979,648.562,1332,2739
488,0.215,2131.71,78.034,2210.06,1336,2747
489,0.215,2131.43,72.677,2204.44,1339,2754
490,0.32,848.076,335.554,1184.05,1341,2758
491,0.09,0.09,584.952,585.221,1341,2758
492,0.09,864.117,364.904,1229.21,1343,2762
493,0.146,0.155,509.528,509.931,1343,2762
494,388.057,1149.15,333.574,1870.9,1345,2766
495,163.583,1128.61,324.122,1616.43,1347,2770
496,0.227,1315.3,381.488,1697.14,1349,2774
497,0.24,0.154,584.443,584.932,1349,2774
498,0.151,1004.91,391.588,1396.75,1351,2778
499,0.128,0.257,670.378,670.855,1351,2778
500,0.154,0.129,579.901,580.285,1351,2778
501,159.677,1953.62,458.774,2572.18,1353,2782
502,0.316,0.182,642.857,643.483,1353,2782
503,0.191,1160.73,397.328,1558.41,1355,2786
504,0.317,3228.39,88.388,3317.2,1359,2794
505,0.288,3147.21,110.852,3258.49,1363,2802
506,0.307,4924.16,381.005,5305.59,1369,2814
507,0.434,1112.04,392.798,1505.37,1371,2818
508,0.276,1151.61,421.122,1573.11,1373,2822
509,0.273,0.083,490.818,491.34,1373,2822
510,0.167,1136.78,457.307,1594.43,1375,2826
511,0.398,5030.69,429.402,5460.66,1381,2838
512,0.461,3269.66,351.177,3621.45,1385,2846
513,1,4953.98,343.563,5298.69,1391,2858
514,517.787,2997.88,92.052,3607.89,1395,2866
515,0.295,1850.51,434.884,2285.84,1397,2870
516,0.397,0.057,553.916,554.561,1397,2870
517,0.184,1009.16,372.982,1382.43,1399,2874
518,0.095,3863.29,319.586,4183.09,1403,2882
519,0.512,0.071,596.385,597.126,1403,2882
520,0.179,1097.84,455.904,1554.09,1405,2886
521,0.273,0.138,739.97,740.507,1405,2886
522,0.122,1824.23,472.705,2297.18,1407,2890
523,0.393,978.986,399.843,1379.35,1409,2894
524,0.105,0.101,621.795,622.096,1409,2894
525,184.477,1933.08,370.603,2488.31,1411,2898
526,0.293,0.113,874.365,874.916,1411,2898
527,0.34,2924.93,101.203,3026.57,1415,2906
528,0.388,3455.35,338.915,3794.75,1420,2917
529,0.264,1096.39,383.049,1479.83,1421,2920
530,0.218,0.125,702.31,702.777,1421,2920
531,0.182,0.137,974.071,974.483,1421,2920
532,0.18,1111.59,514.585,1626.46,1423,2924
533,0.211,1060.76,586.088,1647.19,1425,2928
534,0.425,5272.49,346.549,5619.56,1431,2940
535,0.349,3431.42,79.472,3511.34,1435,2948
536,0.392,0.129,432.944,433.556,1435,2948
537,0.104,0.07,437.345,437.625,1435,2948
538,0.104,1272.26,396.154,1668.65,1436,2951
539,0.484,0.192,676.608,677.409,1436,2951
540,0.142,1273.35,441.556,1715.15,1438,2955
541,0.214,513.561,358.475,872.354,1439,2958
542,0.221,1936.88,491.819,2429.07,1441,2962
543,0.465,0.138,808.661,809.437,1441,2962
544,0.109,6862.19,424.577,7287.03,1449,2978
545,0.629,1921.92,421.884,2344.57,1451,2982
546,0.494,0.107,575.737,576.495,1451,2982
547,206.397,1264.03,433.631,1904.17,1453,2986
548,0.215,1218.23,432.22,1650.76,1455,2990
549,0.32,0.115,569.15,569.765,1455,2990
550,0.16,7361.79,363.355,7725.4,1463,3006
551,0.459,3525.41,78.629,3604.66,1467,3014
552,0.401,4114.73,146.037,4261.32,1471,3022
553,0.446,0.108,892.727,893.452,1471,3022
554,209.28,2177.84,446.57,2833.84,1473,3026
555,0.414,1152.73,450.849,1604.11,1475,3030
556,0.333,0.342,528.554,529.388,1475,3030
557,0.15,0.093,519.581,519.922,1475,3030
558,0.184,1780.48,466.206,2247,1477,3034
559,205.005,605.466,365.883,1176.5,1478,3037
560,597.373,1449.92,432.259,2479.68,1480,3041
561,0.232,4732.44,341.537,5074.32,1486,3053
562,0.218,1094.48,458.752,1553.56,1488,3057
563,0.234,1148.67,469.046,1618.09,1490,3061
564,0.216,1709.25,452.057,2161.64,1492,3065
565,2.165,1835.57,421.977,2259.82,1494,3069
566,0.675,8056.32,410.354,8467.52,1502,3085
567,1.533,2133.23,657.679,2792.61,1504,3089
568,368.543,4711.86,114.18,5194.81,1508,3097
569,0.57,0.117,993.875,994.743,1508,3097
570,0.374,0.081,753.131,753.764,1508,3097
571,0.174,0.174,727.314,727.764,1508,3097
572,0.157,0.182,898.446,899.013,1508,3097
573,234.601,5378.42,414.56,6027.75,1514,3109
574,0.416,2079.45,409.84,2489.81,1516,3113
575,0.415,2673.17,93.562,2767.25,1520,3121
576,0.133,1945.16,499.322,2444.75,1522,3125
577,0.474,3697.71,306.659,4004.98,1526,3133
578,0.286,0.06,439.714,440.153,1526,3133
579,0.119,2679.07,329.53,3008.83,1530,3141
580,0.239,4776.61,323.621,5100.6,1536,3153
581,213.255,1888.95,489.593,2591.95,1538,3157
582,0.209,1181.15,491.97,1673.47,1540,3161
583,0.245,2034.08,464.807,2499.27,1542,3165
584,0.414,2773.72,354.205,3128.44,1546,3173
585,0.204,4510.36,363.785,4874.48,1551,3184
586,0.35,1383.6,518.698,1902.78,1553,3188
587,0.236,0.095,607.57,607.993,1553,3188
588,0.107,0.103,737.827,738.158,1553,3188
589,0.217,0.187,780.573,781.106,1553,3188
590,0.171,3831.15,106.167,3937.6,1557,3196
591,0.311,2292.24,94.915,2387.59,1560,3203
592,0.225,6218.73,346.445,6565.54,1566,3215
593,0.516,627.809,378.408,1006.84,1567,3218
594,0.177,0.199,687.561,688.04,1567,3218
595,0.221,1296.45,438.44,1735.27,1568,3221
596,0.622,3315.51,443.298,3759.58,1572,3229
597,0.341,10053.9,455.993,10510.4,1582,3249
598,0.524,0.085,833.377,834.151,1582,3249
599,0.239,0.082,885.611,886.081,1582,3249
600,0.158,0.135,583.568,583.972,1582,3249
601,215.449,1329.21,894.169,2439.01,1584,3253
602,0.565,2497.66,608.484,3106.87,1586,3257
603,0.476,1523.07,540.268,2063.93,1588,3261
604,0.404,3397.7,409.119,3807.32,1591,3268
605,234.727,4244,160.98,4639.89,1595,3276
606,235.01,5843.74,435.823,6514.71,1601,3288
607,227.845,1315.47,443.428,1986.9,1603,3292
608,0.262,2199.43,445.58,2645.41,1605,3296
609,0.355,1160.29,463.777,1624.56,1607,3300
610,0.16,0.119,760.393,760.801,1607,3300
611,0.154,0.106,484.544,484.936,1607,3300
612,0.113,1636.18,562.089,2198.51,1609,3304
613,209.119,796.347,366.077,1371.73,1610,3307
614,0.242,0.109,876.821,877.326,1610,3307
615,0.283,4586.22,395.799,4982.44,1616,3319
616,0.272,1015.54,481.256,1497.2,1617,3322
617,0.296,0.114,702.518,703.076,1617,3322
618,0.126,0.141,774.459,774.821,1617,3322
619,0.132,6319.73,489.271,6809.28,1623,3334
620,0.426,5814.57,487.896,6303.04,1629,3346
621,0.382,4279.94,123.394,4403.83,1633,3354
622,0.307,1572.61,621.707,2194.81,1635,3358
623,0.281,4120.39,127.871,4248.67,1639,3366
624,0.364,6797.89,713.963,7512.37,1645,3378
625,0.583,1219.78,404.484,1625.02,1646,3381
626,0.442,4336.61,1040.89,5378.1,1650,3389
627,0.435,6352.23,415.618,6768.44,1656,3401
628,0.501,3548.19,106.504,3655.36,1660,3409
629,249.539,2186.55,840.458,3276.71,1662,3413
630,0.449,6477.04,581.279,7058.96,1668,3425
631,0.4,1474.71,609.974,2085.26,1670,3429
632,0.207,0.082,900.754,901.208,1670,3429
633,0.193,0.124,748.352,748.781,1670,3429
634,0.14,0.171,843.553,844.032,1670,3429
635,0.19,2479.68,422.919,2902.89,1673,3436
636,0.167,2978.17,524.914,3503.4,1675,3440
637,0.421,6620.6,583.016,7204.2,1681,3452
638,0.453,0.067,896.903,897.575,1681,3452
639,226.432,1580.22,525.822,2332.6,1683,3456
640,766.526,1761.76,507.794,3036.25,1685,3460
641,0.228,0.042,921.628,922.067,1685,3460
642,0.18,8008.7,527.022,8536.02,1693,3476
643,0.402,1291.62,1342,2634.22,1695,3480
644,0.397,0.12,716.541,717.193,1695,3480
645,0.194,0.112,828.114,828.581,1695,3480
646,0.214,7222.78,413.514,7636.64,1703,3496
647,0.308,0.17,632.243,632.856,1703,3496
648,0.219,1687.89,688.542,2376.81,1705,3500
649,0.359,6354.47,436.457,6791.41,1711,3512
650,0.283,0.094,725.984,726.49,1711,3512
651,0.177,6603.23,454.495,7058.01,1717,3524
652,0.305,0.168,644.142,644.742,1717,3524
653,0.259,5120.92,361.204,5482.51,1721,3532
654,212.568,2450.74,1015.39,3678.84,1723,3536
655,0.354,1472.76,687.152,2160.39,1725,3540
656,0.31,3556.87,466.562,4023.89,1729,3548
657,0.386,5304.42,116.1,5421.02,1733,3556
658,0.462,1710.88,658.491,2369.97,1735,3560
659,0.241,4538.27,575.273,5113.94,1739,3568
660,0.98,0.251,1516.84,1518.24,1739,3568
661,1.192,7528.96,616.7,8147.02,1745,3580
662,1.057,0.18,1787.18,1788.58,1745,3580
663,0.926,1947.54,582.24,2530.88,1747,3584
664,1.076,4653.94,123.584,4778.72,1751,3592
665,0.377,0.128,1210.4,1211.02,1751,3592
666,1.311,4095.34,453.554,4550.37,1755,3600
667,0.95,4563.84,119.848,4684.8,1759,3608
668,1.253,2835.6,639.924,3476.94,1761,3612
669,0.458,7394.92,606.549,8002.08,1767,3624
670,0.397,0.19,1329.83,1330.59,1767,3624
671,0.279,6841.7,454.535,7296.66,1773,3636
672,0.532,1857.5,614.633,2472.88,1775,3640
673,0.23,0.233,1046.34,1046.97,1775,3640
674,0.33,9197.26,530.468,9728.22,1783,3656
675,0.382,2788.94,891.225,3680.7,1785,3660
676,264.64,1678.57,534.682,2478.07,1787,3664
677,0.266,0.13,1453.01,1453.62,1787,3664
678,0.25,7231.78,1059.94,8292.15,1793,3676
679,1.227,3980.28,507.639,4489.31,1797,3684
680,1.052,3036.51,709.593,3747.29,1799,3688
681,0.45,0.173,1368.55,1369.32,1799,3688
682,0.964,6415.28,489.509,6905.88,1804,3699
683,1.05,0.191,2420.14,2421.58,1804,3699
684,0.748,10245.7,704.765,10951.4,1812,3715
685,1.096,2969.37,610.905,3581.54,1814,3719
686,1.097,0.312,1785.4,1786.98,1814,3719
687,1.253,0.256,1239.45,1241.15,1814,3719
688,1.189,10081.2,540.796,10623.4,1822,3735
689,0.352,0.117,1051.19,1051.82,1822,3735
690,1.049,3487.33,967.492,4456.05,1824,3739
691,0.954,17190.6,602.192,17793.9,1838,3767
692,0.427,4576.63,514.921,5092.11,1842,3775
693,0.352,9675.77,622.878,10299.2,1850,3791
694,0.397,0.197,1340.86,1341.62,1850,3791
695,0.375,4782.22,183.149,4965.95,1854,3799
696,0.459,0.137,1569.56,1570.35,1854,3799
697,0.365,3505.32,542.3,4048.13,1856,3803
698,0.464,0.136,901.753,902.512,1856,3803
699,1.693,0.403,1803.68,1805.94,1856,3803
700,1.597,1915.15,522.232,2439.15,1857,3806
701,0.624,0.214,1267.28,1268.28,1857,3806
702,1.34,2282.75,643.096,2927.34,1859,3810
703,1.085,6974.86,519.432,7495.53,1865,3822
704,1.229,0.29,1211.19,1212.85,1865,3822
705,1.198,2379.78,674.724,3055.88,1867,3826
706,750.542,2655.29,835.884,4241.9,1869,3830
707,1.345,0.419,1523.34,1525.28,1869,3830
708,0.301,0.087,1038.47,1039.03,1869,3830
709,0.254,5974.41,350.843,6325.7,1873,3838
710,0.916,0.126,1399.28,1400.51,1873,3838
711,0.351,2041.82,672.504,2714.83,1875,3842
712,0.417,9610.02,597.74,10208.4,1883,3858
713,17.642,5629.28,142.554,5789.63,1887,3866
714,1.362,6209.25,136.968,6347.74,1891,3874
715,0.323,3744.01,172.238,3916.84,1895,3882
716,0.487,6929.11,611.448,7541.21,1899,3890
717,0.484,2210.95,774.225,2985.83,1901,3894
718,0.397,11001.8,674.582,11677,1909,3910
719,0.415,7911.04,119.814,8031.4,1915,3922
720,0.424,0.141,1069.28,1069.98,1915,3922
721,0.209,14563.2,624.721,15188.2,1927,3946
722,0.357,7488.78,127.811,7617.09,1933,3958
723,0.282,2815.13,852.059,3667.63,1935,3962
724,0.572,5557.69,621.145,6179.61,1939,3970
725,0.609,0.066,1515.34,1516.19,1939,3970
726,508.746,5963.71,539.525,7012.19,1943,3978
727,0.478,4569.29,192.026,4761.94,1947,3986
728,0.581,0.165,1121.02,1121.94,1947,3986
729,507.493,2644.02,1079.09,4230.76,1949,3990
730,0.427,0.15,1082.51,1083.25,1949,3990
731,0.172,1759.07,607.097,2366.49,1951,3994
732,0.234,0.266,1601.19,1601.86,1951,3994
733,0.28,2422.48,655.194,3078.1,1953,3998
734,0.352,2479.23,714.37,3194.11,1955,4002
735,0.7,3969.59,133.064,4103.51,1959,4010
736,0.409,2844.84,799.19,3644.59,1961,4014
737,0.407,0.14,832.76,833.472,1961,4014
738,0.262,5641.71,676.13,6318.28,1965,4022
739,0.392,0.154,1318.57,1319.28,1965,4022
740,0.233,0.083,823.835,824.316,1965,4022
741,0.238,1833.42,856.028,2689.85,1967,4026
742,0.33,7251.39,818.407,8070.3,1972,4037
743,0.441,0.12,1482.75,1483.47,1972,4037
744,0.205,0.198,1357.9,1358.48,1972,4037
745,0.32,0.082,1503.62,1504.2,1972,4037
746,0.265,3266.87,653.988,3921.25,1974,4041
747,0.354,1787.72,717.235,2505.52,1976,4045
748,0.312,0.15,1499.86,1500.49,1976,4045
749,0.299,0.224,1064.56,1065.22,1976,4045
750,1.187,2680.95,671.633,3353.89,1978,4049
751,0.152,5784.66,160.116,5945.07,1981,4056
752,0.373,1621.89,680.735,2303.2,1982,4059
753,0.324,0.134,1966.89,1967.53,1982,4059
754,0.372,3209.59,943.949,4154.09,1984,4063
755,726.292,2515.15,694.811,3936.4,1986,4067
756,0.841,1527.04,580.38,2108.41,1987,4070
757,0.716,2809.79,692.503,3503.18,1989,4074
758,0.97,3391.58,1255.22,4647.99,1991,4078
759,312.181,5623.97,674.084,6610.45,1995,4086
760,0.35,1086.39,627.626,1714.63,1996,4089
761,0.332,7100.61,1060.63,8161.82,2000,4097
762,0.562,0.24,1025.72,1026.71,2000,4097
763,0.2,1276.84,863.396,2140.61,2001,4100
764,0.238,9047.29,861.628,9909.31,2007,4112
765,0.392,2084.05,1142.3,3226.94,2009,4116
766,1.206,10921,744.822,11667.3,2015,4128
767,0.867,6789.76,269.578,7060.4,2019,4136
768,0.446,2250.14,695.847,2946.58,2021,4140
769,0.348,0.149,1466.24,1466.89,2021,4140
770,0.246,7692.39,610.1,8302.88,2027,4152
771,0.375,9636.35,554.27,10191.1,2033,4164
772,0.271,0.159,660.154,660.761,2033,4164
773,0.112,0.056,1072.95,1073.29,2033,4164
774,0.317,1672.35,663.657,2336.44,2035,4168
775,0.255,5888.7,664.257,6553.35,2039,4176
776,0.511,0.092,1416.17,1416.93,2039,4176
777,0.287,10317.2,593.489,10911.1,2047,4192
778,0.539,1032.47,628.146,1661.3,2048,4195
779,0.237,3095.2,719.406,3814.97,2050,4199
780,0.361,858.535,488.792,1347.81,2051,4202
781,0.201,0.101,763.927,764.347,2051,4202
782,0.272,0.097,1344.06,1344.58,2051,4202
783,0.29,0.076,1159.44,1159.92,2051,4202
784,0.27,0.215,1333.55,1334.15,2051,4202
785,0.214,1696.86,586.163,2283.35,2053,4206
786,0.303,1893.33,723.894,2617.66,2055,4210
787,0.259,0.078,1091.62,1092.08,2055,4210
788,0.175,9204.82,690.805,9895.96,2061,4222
789,0.423,2530,685.846,3216.44,2063,4226
790,0.377,5271.79,778.83,6051.22,2067,4234
791,1058.31,2375.11,791.244,4224.9,2069,4238
792,0.349,3036.07,930.721,3967.36,2071,4242
793,0.267,0.32,1152.08,1152.83,2071,4242
794,0.241,2973.94,850.275,3824.62,2073,4246
795,0.324,0.26,1366.51,1367.26,2073,4246
796,0.148,0.089,1502.76,1503.16,2073,4246
797,0.369,0.191,1494.49,1495.23,2073,4246
798,0.302,0.168,1497.48,1498.13,2073,4246
799,0.191,0.129,1122.59,1123.08,2073,4246
800,1.145,0.311,2747.58,2749.2,2073,4246
801,0.464,6977.85,292.225,7270.66,2077,4254
802,0.283,0.178,1490.26,1490.85,2077,4254
803,0.153,0.192,1032.34,1032.8,2077,4254
804,0.249,0.111,1609.67,1610.16,2077,4254
805,0.218,0.118,2272.32,2272.83,2077,4254
806,0.351,0.176,2060.85,2061.54,2077,4254
807,0.376,9521.79,644.3,10166.7,2083,4266
808,0.633,9615.22,614.139,10230.1,2088,4277
809,0.343,0.193,1395.01,1395.72,2088,4277
810,0.124,4419.72,585.656,5005.65,2092,4285
811,0.177,0.159,1751.29,1751.8,2092,4285
812,0.385,3366.34,652.629,4019.48,2094,4289
813,0.356,4156.68,555.038,4712.19,2098,4297
814,0.3,9524.84,659.882,10185.2,2104,4309
815,0.416,7742.65,168.255,7911.47,2108,4317
816,0.308,7394.84,1215.46,8610.84,2114,4329
817,0.311,3646.5,1392.51,5039.49,2116,4333
818,0.636,0.062,1614.98,1615.86,2116,4333
819,372.048,6996.41,574.213,7942.85,2120,4341
820,0.455,0.051,868.931,869.638,2120,4341
821,0.472,0.22,1078.9,1079.76,2120,4341
822,0.32,2386.97,1368.71,3756.21,2122,4345
823,0.709,6904.44,172.092,7077.41,2126,4353
824,0.287,4276.92,613.738,4891.08,2130,4361
825,0.272,0.081,1676.64,1677.12,2130,4361
826,0.249,9107.08,727.306,9834.76,2135,4372
827,0.459,9998.14,141.891,10140.6,2141,4384
828,0.528,8603.27,595.778,9199.71,2147,4396
829,0.686,4193.22,587.899,4781.92,2151,4404
830,0.237,0.159,1125.33,1125.85,2151,4404
831,267.972,1029.31,1157.71,2455.16,2152,4407
832,0.358,7770.19,655.981,8426.69,2156,4415
833,0.441,16050.4,1109.51,17160.5,2164,4431
834,0.423,3157.49,1226.88,4385,2166,4435
835,0.418,3455.26,762.69,4218.53,2168,4439
836,0.537,1977.57,746.402,2724.67,2170,4443
837,0.163,9263.77,201.361,9465.49,2174,4451
838,0.394,1946.65,836.448,2783.7,2175,4454
839,0.323,3820.04,1094.84,4915.35,2177,4458
840,0.428,4562.76,499.297,5062.62,2181,4466
841,0.229,6077.78,256.582,6334.82,2185,4474
842,0.518,13111,1472.75,14584.5,2191,4486
843,0.388,0.188,1594.4,1595.15,2191,4486
844,0.311,0.163,1098.1,1098.75,2191,4486
845,0.358,0.132,1521.12,1521.78,2191,4486
846,0.299,3332.22,1148.96,4481.67,2193,4490
847,0.397,4057.45,1642.89,5700.91,2195,4494
848,0.483,7726.58,1297.96,9025.24,2200,4505
849,0.292,0.204,2187.61,2188.34,2200,4505
850,0.301,0.138,1550.69,1551.3,2200,4505
851,0.299,0.074,832.463,833.016,2200,4505
852,0.247,0.1,1500.08,1500.61,2200,4505
853,0.265,0.107,1507.41,1507.96,2200,4505
854,0.282,2305.46,855.48,3161.44,2202,4509
855,0.282,0.156,1320.02,1320.63,2202,4509
856,1.313,13273.2,815.583,14090.3,2206,4517
857,0.834,3327.82,1252.43,4581.25,2208,4521
858,1.324,8795.98,408.404,9205.91,2212,4529
859,0.842,2594.79,943.868,3539.64,2214,4533
860,334.439,1893.78,730.596,2958.97,2216,4537
861,0.203,2516.74,719.091,3236.16,2218,4541
862,1.114,0.356,2901.46,2903.1,2218,4541
863,0.621,11776.6,1336.53,13113.9,2224,4553
864,0.386,0.148,4544.96,4545.7,2224,4553
865,0.455,7323.47,1230.57,8554.68,2228,4561
866,0.396,0.165,2081.22,2081.96,2228,4561
867,0.354,12876.8,944.826,13822.2,2234,4573
868,0.536,0.189,2450.79,2451.66,2234,4573
869,0.382,4256.54,1183.83,5440.9,2236,4577
870,0.662,3886.83,1099.24,4986.9,2238,4581
871,0.399,8487.26,643.245,9131.03,2242,4589
872,0.301,0.055,1018.85,1019.34,2242,4589
873,0.152,5757.5,660.644,6418.42,2246,4597
874,0.251,8102.42,200.573,8303.4,2250,4605
875,0.427,9837.55,927.618,10765.8,2254,4613
876,0.487,2578.88,1565.64,4145.22,2256,4617
877,1.105,14045,1008.63,15054.9,2262,4629
878,0.88,0.404,2516.52,2517.93,2262,4629
879,663.974,4008.09,1521.67,6193.98,2264,4633
880,483.458,2251.22,737.003,3471.81,2266,4637
881,0.843,3057.49,836.457,3894.96,2267,4640
882,0.53,18689.3,1348.1,20038.2,2275,4656
883,0.525,2540.46,1507.92,4049.16,2277,4660
884,0.284,0.215,1878.27,1878.93,2277,4660
885,0.22,0.146,2196.34,2197.03,2277,4660
886,0.172,0.206,1789.44,1790,2277,4660
887,1.457,17529.5,739.629,18270.7,2285,4676
888,0.594,7394.75,1181.69,8577.2,2289,4684
889,0.55,14260.5,1177.43,15438.7,2295,4696
890,0.783,42033.1,1261.34,43295.4,2313,4732
891,0.499,4582.91,964.769,5548.31,2315,4736
892,0.568,3583.13,1180.87,4765.01,2317,4740
893,0.35,7711.29,291.684,8003.47,2321,4748
894,0.457,17179.5,1434.49,18614.6,2329,4764
895,0.628,0.036,1524.25,1525.09,2329,4764
896,0.289,0.124,1802.04,1802.63,2329,4764
897,0.396,8779.23,251.596,9031.43,2333,4772
898,0.365,3378.69,1055.89,4435.12,2335,4776
899,0.296,4666.93,966.08,5633.47,2337,4780
900,0.442,4020.36,1398.56,5419.53,2339,4784
901,0.567,3361.05,1521.24,4883.07,2341,4788
902,0.662,10158.6,438.561,10598,2345,4796
903,0.499,15646.3,898.675,16545.7,2351,4808
904,0.444,0.084,2464.1,2464.87,2351,4808
905,409.153,3768.72,1194.96,5373.07,2353,4812
906,366.59,11432.3,1221.07,13020.1,2359,4824
907,389.164,2472.04,984.336,3845.72,2361,4828
908,17.389,14407.8,1090.31,15515.6,2368,4843
909,0.655,0.239,2114.92,2115.97,2368,4843
910,0.735,7063.55,268.096,7332.55,2371,4850
911,0.793,4464.4,1306.06,5771.39,2373,4854
912,0.613,3325.16,877.006,4202.87,2375,4858
913,0.288,0.26,1384.69,1385.33,2375,4858
914,324.075,2055.66,798.073,3177.96,2377,4862
915,0.226,7478.42,233.572,7712.35,2381,4870
916,0.407,12135.1,1096.56,13232.2,2387,4882
917,0.757,5146.27,2594.77,7741.96,2389,4886
918,0.595,0.143,4155,4155.9,2389,4886
919,0.24,0.142,3517.55,3518.09,2389,4886
920,0.244,24409.5,1985.45,26395.4,2397,4902
921,0.534,0.175,3219.08,3219.95,2397,4902
922,0.28,0.274,2483.29,2484.01,2397,4902
923,0.327,0.085,3150.01,3150.59,2397,4902
924,938.309,7997.08,1327.42,10263,2401,4910
925,318.44,2944.77,1603.45,4866.87,2403,4914
926,0.408,3827.76,1827.96,5656.33,2405,4918
927,0.507,0.16,1678.05,1678.86,2405,4918
928,0.287,10080.7,415.998,10497.1,2409,4926
929,0.419,10284,1090.52,11375.1,2413,4934
930,0.342,14888,1197.58,16086,2419,4946
931,0.351,0.069,1646.76,1647.31,2419,4946
932,0.209,0.08,2439.55,2439.98,2419,4946
933,0.135,0.119,1803.51,1803.9,2419,4946
934,0.167,3342.36,1659.54,5002.2,2421,4950
935,0.282,13617.7,1015.38,14633.5,2426,4961
936,0.951,0.301,2141.73,2143.16,2426,4961
937,400.828,6714.67,1303.33,8419.03,2430,4969
938,0.576,10419.3,1493.98,11914,2434,4977
939,0.497,0.218,2941.69,2942.58,2434,4977
940,0.489,16319,1032.63,17352.3,2440,4989
941,0.511,10091.6,816.523,10908.8,2444,4997
942,0.393,2483.5,979.615,3463.62,2446,5001
943,0.174,2944.72,1408.1,4353.19,2448,5005
944,0.296,12832.6,1422.47,14255.6,2454,5017
945,0.439,0.13,2460.64,2461.32,2454,5017
946,0.217,3663.44,1021.73,4685.55,2456,5021
947,0.337,2964.13,989.816,3954.44,2458,5025
948,0.177,0.219,1305.74,1306.25,2458,5025
949,0.255,0.046,1482.23,1482.62,2458,5025
950,1.467,12009.5,234.184,12245.3,2462,5033
951,0.356,0.215,1837.53,1838.2,2462,5033
952,0.164,27117.7,1369.16,28487.2,2474,5057
953,0.55,0.069,2410.87,2411.67,2474,5057
954,0.308,3972.88,1235.94,5209.28,2476,5061
955,0.293,0.184,2471.66,2472.3,2476,5061
956,0.509,8192.71,1727.2,9920.58,2480,5069
957,0.777,0.207,2150.11,2151.26,2480,5069
958,0.357,3688.32,1525.45,5214.28,2482,5073
959,402.008,3763.05,1773.21,5938.43,2484,5077
960,0.418,5883.33,2406.21,8290.12,2486,5081
961,0.527,4440.56,1921.15,6362.4,2488,5085
962,467.336,4629.08,1672.77,6769.37,2490,5089
963,1102.75,3614.45,1154.72,5872.1,2492,5093
964,389.248,2287.86,969.702,3646.98,2493,5096
965,0.348,7170.54,973.175,8144.21,2497,5104
966,0.383,4877.02,1925.97,6803.54,2499,5108
967,0.435,12649.7,259.376,12909.7,2505,5120
968,1052.08,5438.54,1444.88,7935.68,2507,5124
969,0.645,9023.52,464.799,9489.14,2511,5132
970,0.558,21441.7,1518.27,22960.7,2519,5148
971,406.263,5957.14,1349.89,7713.47,2521,5152
972,0.385,1504.98,1159.52,2665.08,2522,5155
973,0.557,4996.83,1528.44,6526.01,2524,5159
974,0.387,11643.6,1052.35,12696.5,2528,5167
975,0.38,22972.7,1645.59,24618.9,2538,5187
976,0.317,23700.7,1497.6,25198.8,2548,5207
977,0.419,18281,1183.45,19465.1,2556,5223
978,593.557,5122.13,1836.78,7552.66,2558,5227
979,0.385,9609.64,409.277,10019.4,2562,5235
980,0.456,9277.41,1241.68,10519.7,2566,5243
981,0.414,10567.5,255.751,10823.8,2570,5251
982,0.477,12400.6,498.122,12899.4,2574,5259
983,0.424,0.114,2719.89,2720.59,2574,5259
984,0.402,0.119,2886.53,2887.22,2574,5259
985,0.241,4582.26,1344.07,5926.75,2576,5263
986,0.423,0.175,2923.3,2924.1,2576,5263
987,0.289,3030.14,1060.2,4090.78,2578,5267
988,0.275,25274.1,1903.78,27178.4,2587,5286
989,0.944,23296.6,1640.83,24938.5,2595,5304
990,0.418,4652.99,2372.2,7025.78,2597,5308
991,701.777,4828.61,1828.62,7359.17,2599,5312
992,0.728,8873.63,1266.08,10140.6,2602,5319
993,0.463,0.156,3274.6,3275.38,2602,5319
994,0.328,0.159,3024.71,3025.36,2602,5319
995,0.524,5000.6,1445.73,6447.02,2604,5323
996,471.572,4582.66,1354.24,6408.66,2606,5327
997,1146.66,8978.4,294.052,10419.3,2610,5335
998,0.247,10078.7,292.649,10371.7,2614,5343
999,0.482,0.304,2632.57,2633.5,2614,5343
1000,1.406,0.249,4231.7,4233.51,2614,5343
1001,0.343,5580.91,1456.32,7037.72,2616,5347
1002,0.47,23133.4,1184.12,24318.1,2624,5363
1003,0.434,27419.2,1581.66,29001.5,2634,5383
1004,0.509,10534.9,314.923,10850.5,2638,5391
1005,0.428,11557.6,315.798,11873.9,2642,5399
1006,0.427,19020.7,1136.85,20158.1,2648,5411
1007,0.434,16695.8,1125.96,17822.3,2654,5423
1008,0.338,0.166,3431.63,3432.31,2654,5423
1009,0.324,0.186,1608.88,1609.52,2654,5423
1010,0.241,15360.1,1175,16535.5,2658,5431
1011,0.334,14817.4,839.754,15657.6,2664,5443
1012,0.413,10436.5,291.456,10728.5,2668,5451
1013,417.751,3855.69,1492.5,5766.1,2670,5455
1014,0.351,2855.38,1109.1,3964.95,2672,5459
1015,0.235,16527,1560.89,18088.2,2677,5470
1016,0.606,9071.19,1680.22,10752.2,2681,5478
1017,0.31,12258.6,1548.14,13807.2,2685,5486
1018,0.487,25208.2,1720.92,26929.7,2693,5502
1019,437.393,4463.81,1900.77,6802.15,2695,5506
1020,385.525,4896.15,1376.52,6658.34,2697,5510
1021,0.353,13481.6,1429.66,14911.8,2701,5518
1022,0.682,5229.38,2202.82,7433.02,2703,5522
1023,0.348,0.187,3272.21,3272.9,2703,5522
1024,0.364,0.242,3498.49,3499.26,2703,5522
1025,667.146,5583.54,2235.83,8486.74,2705,5526
1026,474.128,6315.26,2535.8,9325.43,2707,5530
1027,0.38,0.153,4221.39,4222.1,2707,5530
1028,0.313,5270.82,1922.49,7193.79,2709,5534
1029,0.234,2477.89,1678.82,4157.12,2710,5537
1030,0.488,18359.5,1071.59,19431.7,2716,5549
1031,735.015,15391.3,2249.14,18375.7,2720,5557
1032,0.551,3418.89,1584.49,5004.11,2721,5560
1033,0.427,0.091,4439.61,4440.32,2721,5560
1034,0.277,26824.6,1315.78,28140.8,2731,5580
1035,0.672,6889.66,1936.24,8826.74,2733,5584
1036,0.43,0.191,2084.24,2085.02,2733,5584
1037,0.289,4914.62,1807.2,6722.26,2735,5588
1038,0.295,12792.4,262.169,13055,2739,5596
1039,0.36,0.13,3418.03,3418.67,2739,5596
1040,0.475,0.202,3253.34,3254.16,2739,5596
1041,0.372,26460,1462.23,27922.8,2749,5616
1042,0.466,12464.5,1011.45,13476.6,2753,5624
1043,0.266,4269.61,1757.68,6027.69,2755,5628
1044,0.296,0.173,2304.64,2305.24,2755,5628
1045,0.262,3250.55,1600.82,4851.77,2757,5632
1046,0.353,3987.68,1421.8,5410.02,2759,5636
1047,0.269,4287.27,1150.14,5437.8,2761,5640
1048,0.2,17833.6,1405.99,19240,2767,5652
1049,0.448,0.128,3533.25,3533.98,2767,5652
1050,1.051,0.188,4039.09,4040.46,2767,5652
1051,0.21,0.162,2864.89,2865.4,2767,5652
1052,0.22,4382.76,1903.8,6286.97,2769,5656
1053,0.375,0.166,2663.79,2664.45,2769,5656
1054,398.072,3533.09,1385.43,5316.75,2771,5660
1055,0.303,2267.89,1321.41,3589.73,2772,5663
1056,0.405,17547.8,1516.65,19065.1,2778,5675
1057,388.265,4012.44,1319.27,5720.12,2780,5679
1058,0.25,17789.6,1454.48,19244.5,2786,5691
1059,0.442,26154.9,2014.77,28170.3,2794,5707
1060,0.775,5674.67,2520.85,8196.48,2796,5711
1061,1117.01,9360.49,402.993,10880.7,2800,5719
1062,0.42,12538.4,1756.84,14295.8,2804,5727
1063,0.425,5311.37,2060.15,7372.1,2806,5731
1064,0.342,32776.4,1150.15,33927.1,2816,5751
1065,464.315,4790.93,2153.5,7408.95,2818,5755
1066,0.717,27532.5,1275.93,28809.3,2828,5775
1067,0.623,12623.6,1436.55,14060.9,2832,5783
1068,540.106,4967.33,2558.63,8066.22,2834,5787
1069,0.575,26632.3,1885.93,28519,2842,5803
1070,0.556,5158.9,2001.81,7161.42,2844,5807
1071,0.504,11872.1,506.175,12378.9,2848,5815
1072,0.492,12644.2,420.478,13065.3,2852,5823
1073,0.481,5723.46,2267.48,7991.57,2854,5827
1074,0.463,13534.7,1835.75,15371.1,2858,5835
1075,0.472,12784.9,358.429,13143.9,2862,5843
1076,0.474,10797.7,290.983,11089.3,2866,5851
1077,0.314,11807.2,420.262,12227.9,2870,5859
1078,0.361,9703.12,272.751,9976.36,2874,5867
1079,0.389,3784.31,1235.29,5020.13,2876,5871
1080,0.161,29774.2,1392.38,31167,2884,5887
1081,924.175,6905.96,2113.16,9943.46,2886,5891
1082,0.407,0.159,3490.97,3491.66,2886,5891
1083,0.284,43554.2,2161.24,45715.9,2900,5919
1084,0.451,0.173,3938.2,3939,2900,5919
1085,0.386,0.141,4647.64,4648.38,2900,5919
1086,0.667,7283.69,3561.12,10845.7,2902,5923
1087,1.01,0.277,4491.18,4492.64,2902,5923
1088,0.287,5284.06,2202.75,7487.22,2904,5927
1089,963.967,5835.81,2659.85,9459.86,2906,5931
1090,1.632,0.288,3615.26,3617.43,2906,5931
1091,0.529,20268.3,440.164,20709.4,2912,5943
1092,0.332,0.173,3256.6,3257.3,2912,5943
1093,480.248,6454,2519.26,9453.74,2914,5947
1094,0.648,0.289,3002.4,3003.5,2914,5947
1095,0.358,15267.4,462.006,15729.9,2918,5955
1096,0.528,0.125,3495.52,3496.32,2918,5955
1097,0.379,15942.4,1732.85,17675.7,2924,5967
1098,0.244,15607,1813.63,17421,2928,5975
1099,0.73,6125.31,2307.84,8434.05,2930,5979
1100,1.026,0.226,4590.99,4592.39,2930,5979
1101,0.273,12849.3,1614.2,14463.9,2934,5987
1102,0.346,5436.06,2003.51,7440.04,2936,5991
1103,0.477,28478.2,2111.81,30590.6,2944,6007
1104,0.569,5231.82,1478.61,6711.15,2946,6011
1105,0.339,12004,379.006,12383.5,2950,6019
1106,0.396,27270.7,1766.39,29037.7,2958,6035
1107,443.382,17296.8,529.375,18269.7,2964,6047
1108,0.702,33846.8,1701.48,35549.1,2974,6067
1109,0.435,5541.9,2205.75,7748.27,2976,6071
1110,0.33,5382.92,2227.48,7610.86,2978,6075
1111,0.378,5337.38,2165.45,7503.33,2980,6079
1112,0.187,0.14,3548.2,3548.66,2980,6079
1113,0.38,14539.6,373.447,14913.6,2984,6087
1114,0.657,4870.48,2504.93,7376.23,2986,6091
1115,0.72,5972.77,2121.47,8095.16,2988,6095
1116,0.575,13644,390.46,14035.2,2992,6103
1117,0.328,26004.2,1851.99,27856.7,3000,6119
1118,0.479,24849.6,1377.28,26227.5,3008,6135
1119,0.509,0.056,1638.91,1639.63,3008,6135
1120,0.245,26694.4,1797.69,28492.4,3016,6151
1121,0.524,13950.9,2026.98,15978.6,3020,6159
1122,0.518,0.149,4410.99,4411.83,3020,6159
1123,0.554,6186.11,2508.64,8695.46,3022,6163
1124,0.455,13360.6,418.715,13779.9,3026,6171
1125,894.473,6889.21,2492.37,10276.2,3028,6175
1126,0.506,6390.45,2597.29,8988.44,3030,6179
1127,0.743,0.117,5135.45,5136.46,3030,6179
1128,532.508,14746.3,1763.89,17042.9,3034,6187
1129,0.384,6465.93,2921.27,9387.75,3036,6191
1130,0.623,4405.11,1662.83,6068.7,3037,6194
1131,1.273,5542.15,2075.41,7618.97,3039,6198
1132,0.309,28114.8,1654.24,29769.4,3047,6214
1133,0.391,12580.7,393.747,12975,3051,6222
1134,1389.64,6571.75,2353.76,10315.3,3053,6226
1135,0.508,13799.6,1833.96,15634.2,3057,6234
1136,0.52,26950.2,370.163,27321.1,3065,6250
1137,0.392,11954,1808.48,13763,3069,6258
1138,0.367,14847.9,2487.35,17335.8,3073,6266
1139,0.61,16253.3,1775.23,18029.3,3077,6274
1140,0.462,25177.7,1951.41,27129.7,3083,6286
1141,0.639,24264.2,441.471,24706.4,3089,6298
1142,0.455,6167.17,2504.67,8672.48,3091,6302
1143,0.742,6181.71,2461.93,8644.53,3093,6306
1144,0.494,20319.1,2064.14,22383.8,3099,6318
1145,0.264,0.12,2347.55,2348.12,3099,6318
1146,0.342,0.193,2519.24,2519.93,3099,6318
1147,0.208,21731.5,1734.96,23466.9,3105,6330
1148,0.297,21191.6,1804.23,22996.2,3111,6342
1149,0.422,0.242,4254.87,4255.69,3111,6342
1150,1.27,0.312,4817.05,4818.82,3111,6342
1151,0.313,0.162,4467.31,4467.96,3111,6342
1152,0.508,7294.21,2545.69,9840.57,3113,6346
1153,0.633,2941.33,2312.25,5254.4,3114,6349
1154,0.325,7895.92,2807.29,10703.7,3116,6353
1155,0.432,27482.9,2319.05,29802.5,3122,6365
1156,0.461,32941.2,1419.39,34361.2,3130,6381
1157,0.416,34035.8,2854.19,36890.6,3138,6397
1158,0.656,17008.8,590.311,17599.9,3142,6405
1159,0.527,0.153,4384.53,4385.37,3142,6405
1160,593.399,3340.01,2320.68,6254.32,3143,6408
1161,0.521,36472.8,2874.25,39347.8,3151,6424
1162,0.842,0.114,4642.77,4643.94,3151,6424
1163,0.484,16433.8,2051.21,18485.7,3155,6432
1164,0.477,8038.29,2457.25,10496.2,3157,6436
1165,561.577,6424.98,2383.79,9370.55,3159,6440
1166,0.31,0.168,4200.81,4201.42,3159,6440
1167,491.318,5207.38,2355.87,8054.74,3161,6444
1168,0.464,22092.9,1809.58,23920,3167,6456
1169,0.609,29509.2,1511.98,31021.9,3175,6472
1170,0.413,17437.4,398.974,17837,3179,6480
1171,1.405,0.302,6498.52,6500.39,3179,6480
1172,0.563,7306.59,2654.4,9961.7,3181,6484
1173,0.432,16523.2,600.849,17124.6,3185,6492
1174,607.593,5135.46,2427.8,8171.11,3187,6496
1175,0.394,13681.1,428.42,14110.1,3191,6504
1176,0.426,0.232,3555.27,3556.08,3191,6504
1177,0.167,14167.2,2038.19,16205.7,3195,6512
1178,0.63,0.107,3722.65,3723.55,3195,6512
1179,0.322,0.162,4738.28,4738.89,3195,6512
1180,0.333,14986.7,621.195,15608.3,3199,6520
1181,0.439,0.53,3115.61,3116.72,3199,6520
1182,0.336,5695.74,2544.71,8240.92,3201,6524
1183,0.314,13900.9,569.106,14470.5,3204,6531
1184,0.462,0.217,3737.9,3738.75,3204,6531
1185,0.489,6822,2708.41,9531.09,3206,6535
1186,0.491,32458.2,1969.92,34428.8,3214,6551
1187,0.599,34955.9,1616.17,36572.8,3224,6571
1188,0.292,27246.8,2527.86,29775.1,3230,6583
1189,0.528,0.051,5739.82,5740.59,3230,6583
1190,0.743,0.258,5544.63,5545.83,3230,6583
1191,0.402,0.309,4635.32,4636.21,3230,6583
1192,0.632,27990.1,1956.45,29947.4,3236,6595
1193,519.824,5949.6,1889.94,8359.53,3238,6599
1194,0.544,14700.4,615.714,15316.8,3242,6607
1195,0.44,20681.2,2402.03,23083.9,3248,6619
1196,1.473,8329.45,2466.7,10797.8,3250,6623
1197,0.434,40105.8,1870.8,41977.2,3260,6643
1198,0.312,31423.7,477.99,31902.2,3268,6659
1199,1.112,44763.3,1651.85,46416.4,3278,6679
1200,1.388,23245.9,2263.75,25511.3,3284,6691
1201,0.33,0.185,3886.83,3887.55,3284,6691
1202,0.31,7192.65,2393.48,9586.6,3286,6695
1203,0.303,31200.1,1952.61,33153.2,3294,6711
1204,0.494,0.247,3316.22,3317.11,3294,6711
1205,1356.88,6316.14,2502.75,10175.9,3296,6715
1206,542.115,6010.9,2838.08,9391.24,3298,6719
1207,0.53,0.086,3685.22,3685.97,3298,6719
1208,0.383,13823.5,2176.98,16001,3302,6727
1209,0.435,6737.79,2678.4,9416.75,3304,6731
1210,500.236,2850.11,1949.11,5299.6,3305,6734
1211,0.358,22142.8,1825.46,23968.8,3311,6746
1212,0.467,18065.8,1875.8,19942.2,3315,6754
1213,0.574,16376.2,452.796,16829.8,3319,6762
1214,0.632,7522.54,2707.02,10230.3,3321,6766
1215,0.441,15658.2,2305.48,17964.2,3325,6774
1216,0.366,15486.8,445.345,15932.6,3329,6782
1217,1.214,28134.6,506.358,28642.4,3335,6794
1218,1.064,28044.7,2334.74,30380.6,3341,6806
1219,0.405,41284.8,2280.8,43566.2,3351,6826
1220,0.428,25905.6,517.354,26423.5,3357,6838
1221,0.94,32984.3,621.47,33606.8,3365,6854
1222,0.548,6140.64,2789.22,8930.56,3367,6858
1223,0.344,7937.91,2955.4,10893.8,3369,6862
1224,0.664,27723.8,2212.01,29936.7,3375,6874
1225,0.531,18112.7,2440.76,20554.2,3379,6882
1226,628.113,6809.76,2844.79,10282.9,3381,6886
1227,0.467,0.274,3942.38,3943.27,3381,6886
1228,0.38,0.159,5032.93,5033.69,3381,6886
1229,0.29,0.256,4939.32,4940.02,3381,6886
1230,0.354,0.192,4436.41,4437.11,3381,6886
1231,0.348,6784.12,2252.11,9036.73,3383,6890
1232,0.6,6862.16,2360.09,9223,3385,6894
1233,0.276,15501.6,2271.72,17773.8,3389,6902
1234,0.393,26203.7,2086.75,28291,3395,6914
1235,0.547,30796.6,2107.02,32904.3,3403,6930
1236,0.396,23427.1,528.817,23956.5,3409,6942
1237,0.48,0.148,4962.6,4963.41,3409,6942
1238,0.457,0.243,5065.94,5066.77,3409,6942
1239,0.416,15920.6,1800.37,17721.5,3413,6950
1240,0.307,35620.6,3292,38913.1,3421,6966
1241,0.779,8701.76,3577.61,12280.3,3423,6970
1242,0.386,7056.92,3483.53,10541,3425,6974
1243,0.416,4303.85,3308.08,7612.53,3426,6977
1244,0.738,9005.94,3266.62,12273.5,3428,6981
1245,643.265,7960.65,2866.95,11471.1,3430,6985
1246,848.037,6639.53,2525.32,10013,3432,6989
1247,0.559,14560.5,1818.21,16379.4,3436,6997
1248,0.45,0.14,3661.59,3662.34,3436,6997
1249,0.367,0.245,3532.41,3533.16,3436,6997
1250,914.026,8719.23,3621.8,13255.2,3438,7001
1251,0.552,19906.6,2736.05,22643.4,3442,7009
1252,0.594,0.145,2869.76,2870.66,3442,7009
1253,0.313,36823.3,2260.68,39084.5,3450,7025
1254,1318.41,7489.08,3285.29,12092.9,3452,7029
1255,0.483,24501.8,2263.08,26765.5,3457,7040
1256,0.515,0.177,4733.93,4734.8,3457,7040
1257,0.42,0.141,2695.97,2696.74,3457,7040
1258,0.252,0.25,2708.13,2708.83,3457,7040
1259,0.331,0.175,5052.65,5053.35,3457,7040
1260,0.441,51286.4,2605.07,53892.1,3467,7060
1261,0.821,18951.6,2888.97,21841.6,3471,7068
1262,0.621,19225,605.854,19831.6,3475,7076
1263,0.575,9405.27,3971.88,13377.9,3477,7080
1264,0.522,17393.1,523.974,17917.8,3481,7088
1265,0.766,18534.8,645.156,19180.9,3485,7096
1266,0.633,0.203,5219.86,5220.9,3485,7096
1267,0.587,18305.4,580.19,18886.4,3489,7104
1268,0.558,45598,661.687,46260.4,3499,7124
1269,0.431,0.16,3837.56,3838.3,3499,7124
1270,0.316,29596,2600.45,32197,3505,7136
1271,0.371,8251.73,3278.03,11530.3,3507,7140
1272,0.58,26971,2114.49,29086.2,3513,7152
1273,0.437,0.157,5365.04,5365.82,3513,7152
1274,0.533,35674.2,2005.03,37679.9,3521,7168
1275,0.349,53481.9,2073.09,55555.5,3533,7192
1276,0.636,0.172,3293.59,3294.52,3533,7192
1277,0.478,0.207,4054.44,4055.3,3533,7192
1278,1.055,20093.1,2567.22,22661.5,3537,7200
1279,1.219,34118.1,2771.36,36890.8,3543,7212
1280,1007.25,25416.4,419.929,26843.7,3549,7224
1281,0.413,50527.1,2257.56,52785.2,3561,7248
1282,0.398,81423.1,1607.1,83030.7,3581,7288
1283,673.742,6401.21,2429.38,9504.56,3583,7292
1284,0.525,0.115,5165.77,5166.55,3583,7292
1285,0.434,0.092,3647.5,3648.21,3583,7292
1286,564.354,6477.25,2627.89,9669.64,3585,7296
1287,0.285,5943.51,2801.38,8745.35,3587,7300
1288,0.184,8655.24,3536.78,12192.4,3589,7304
1289,0.6,8197.98,3325.14,11523.9,3591,7308
1290,1.188,18968.7,2225.79,21195.9,3595,7316
1291,0.516,0.286,4658.9,4659.91,3595,7316
1292,1062.09,7632.29,3167.64,11862.2,3597,7320
1293,0.526,20155.8,609.612,20766.1,3601,7328
1294,0.549,27720,2068.04,29788.8,3607,7340
1295,0.529,16977.2,527.795,17505.6,3611,7348
1296,0.393,0.175,5222.36,5223.11,3611,7348
1297,0.637,17561,662.806,18224.6,3615,7356
1298,0.56,26370.1,537.869,26908.6,3621,7368
1299,0.377,0.216,5348.73,5349.45,3621,7368
1300,0.915,40869.3,2637.85,43508.2,3629,7384
1301,0.767,21522.3,2886.39,24409.6,3633,7392
1302,0.935,40251.4,2726.73,42979.2,3641,7408
1303,0.616,64283,2625.61,66909.3,3653,7432
1304,0.548,0.143,6059,6059.86,3653,7432
1305,0.412,0.311,4904.9,4905.79,3653,7432
1306,0.409,8414.4,3112.41,11527.4,3655,7436
1307,0.553,0.168,6118.95,6119.84,3655,7436
1308,0.454,0.119,3787.07,3787.8,3655,7436
1309,0.384,29765.1,2198.52,31964.2,3661,7448
1310,5.393,0.12,5231.24,5236.93,3661,7448
1311,0.3,6453.84,2930.5,9384.78,3663,7452
1312,0.582,7392.61,2904.46,10297.8,3665,7456
1313,0.436,7887.38,3840,11728.1,3667,7460
1314,1420.24,9144.44,3765.06,14330,3669,7464
1315,0.485,9105.04,3862.76,12968.5,3671,7468
1316,0.426,19686.2,2801.16,22488,3675,7476
1317,0.427,18540.1,2638.66,21179.4,3679,7484
1318,0.538,53750.4,2828,56579.1,3689,7504
1319,0.571,9288.81,3558.7,12848.3,3691,7508
1320,0.476,35127,2851.24,37978.9,3697,7520
1321,0.757,0.26,6676.36,6677.55,3697,7520
1322,0.558,8740.84,3701.63,12443.2,3699,7524
1323,0.523,8990.84,3378.51,12370,3701,7528
1324,0.555,8754.37,3712.73,12467.8,3703,7532
1325,0.32,8527.9,2677.14,11205.5,3705,7536
1326,0.322,62876.1,2709.04,65585.6,3719,7564
1327,0.462,0.18,6602.92,6603.73,3719,7564
1328,0.325,0.128,5700.52,5701.16,3719,7564
1329,0.406,8836.7,3151.71,11989,3721,7568
1330,0.599,9799.7,3428.24,13228.7,3723,7572
1331,0.37,53205,802.67,54008.2,3733,7592
1332,0.548,19274.5,2566.93,21842.1,3737,7600
1333,871.571,7790.11,3252.51,11914.4,3739,7604
1334,0.325,0.178,5960.81,5961.45,3739,7604
1335,0.367,18289.9,589.102,18879.5,3743,7612
1336,0.484,24521.8,2497.65,27020.1,3749,7624
1337,0.382,0.296,5259.57,5260.4,3749,7624
1338,0.487,0.076,3840.35,3841.06,3749,7624
1339,0.433,43441,3199.01,46640.6,3757,7640
1340,0.397,39382.3,587.109,39969.9,3765,7656
1341,0.35,29581.7,558.719,30140.9,3771,7668
1342,0.491,9675.25,3181.91,12857.8,3773,7672
1343,0.44,8807.12,3613.21,12421,3775,7676
1344,0.378,0.234,6085.12,6085.89,3775,7676
1345,0.49,8360.72,3136.58,11498,3777,7680
1346,0.566,21402.2,2628.35,24031.3,3781,7688
1347,0.503,41392.9,2557.06,43950.7,3789,7704
1348,0.489,18164.2,2519.73,20684.6,3793,7712
1349,0.441,7460.02,3017.12,10477.8,3795,7716
1350,1.181,0.333,4674.38,4676.1,3795,7716
1351,0.621,41728.8,2532.09,44261.7,3803,7732
1352,0.501,7829.31,3328.16,11158.1,3805,7736
1353,0.492,19760.7,594.812,20356.2,3809,7744
1354,0.363,84392.9,2941.04,87334.5,3825,7776
1355,752.988,8832.16,3528.67,13114,3827,7780
1356,0.537,0.106,5744.65,5745.45,3827,7780
1357,0.463,30703.5,3119.56,33823.7,3833,7792
1358,0.686,43630.1,2847.75,46478.7,3841,7808
1359,0.564,8684.39,3410.72,12095.9,3843,7812
1360,0.432,21349.2,2740.39,24090.1,3847,7820
1361,1.026,38145.6,2544.14,40691,3855,7836
1362,0.54,0.206,2991.97,2992.85,3855,7836
1363,0.301,39382.3,2640.27,42023,3863,7852
1364,0.582,44358.1,2385,46743.8,3871,7868
1365,0.468,9300.76,3790.62,13092,3873,7872
1366,0.491,65593.9,2960.29,68554.9,3885,7896
1367,0.599,10225.5,3825.17,14051.5,3887,7900
1368,0.466,9016.14,3606.97,12623.7,3889,7904
1369,0.372,21881.8,713.28,22595.6,3893,7912
1370,0.388,62831.2,2800.18,65631.9,3905,7936
1371,0.4,30959.8,2766.98,33727.3,3911,7948
1372,0.474,50724.2,2841.44,53566.3,3921,7968
1373,0.504,69555,2988.05,72543.7,3933,7992
1374,0.835,31119,568.783,31688.7,3939,8004
1375,0.469,8025.99,3293.55,11320.1,3941,8008
1376,0.326,33030.4,3215.1,36246,3947,8020
1377,0.506,31789.4,2865.89,34656,3953,8032
1378,1514.01,19467.3,740.742,21722.3,3957,8040
1379,0.36,21122.9,732.454,21855.9,3961,8048
1380,0.527,40489.4,2705.24,43195.4,3969,8064
1381,0.527,19922.7,621.948,20545.3,3973,8072
1382,0.313,0.2,6029.68,6030.33,3973,8072
1383,0.32,31816.2,3383.48,35200.2,3978,8083
1384,0.582,45599.7,3425.09,49025.5,3985,8098
1385,0.653,49489.1,3312.33,52802.2,3993,8114
1386,0.574,23099.9,779.46,23880.1,3997,8122
1387,0.672,10334.1,3977.49,14312.4,3999,8126
1388,0.62,76088,3243.66,79332.4,4011,8150
1389,0.55,41063.2,2627.29,43691.1,4019,8166
1390,0.267,29999.5,2585.19,32585.2,4025,8178
1391,987.484,10063.6,4063.6,15114.9,4027,8182
1392,0.635,58821.5,2779.69,61601.9,4037,8202
1393,0.409,20139.6,923.729,21063.9,4041,8210
1394,0.848,20978.2,2849.22,23828.4,4045,8218
1395,0.621,22956.9,3195.78,26153.5,4049,8226
1396,0.733,23024,3216.11,26241,4053,8234
1397,0.641,24583.5,749.296,25333.6,4057,8242
1398,0.555,9589.12,3859.44,13449.3,4059,8246
1399,0.627,9857.5,3865.23,13723.5,4061,8250
1400,1.159,57075.2,2816.78,59893.3,4071,8270
1401,0.519,35994.8,3020.29,39015.7,4077,8282
1402,0.465,0.265,6534.74,6535.65,4077,8282
1403,0.489,41975.8,2867.96,44844.4,4085,8298
1404,0.762,36758.8,2888.68,39648.4,4092,8313
1405,1946.81,10487.9,4383.09,16818.1,4094,8317
1406,0.488,0.187,7122.16,7122.99,4094,8317
1407,0.647,51743.6,3517.71,55262.1,4102,8335
1408,0.555,10012.4,4063.64,14076.8,4104,8339
1409,750.471,9728.62,4075.66,14554.9,4106,8343
1410,0.702,34280.6,3561.06,37842.5,4112,8355
1411,0.697,23436.3,813.923,24251.1,4116,8363
1412,0.498,38188.6,3042.37,41231.7,4122,8375
1413,0.545,0.11,4687.98,4688.81,4122,8375
1414,0.592,0.161,3694.07,3695.01,4122,8375
1415,10.886,10250.6,4059.28,14320.9,4124,8379
1416,0.541,0.142,7253.91,7254.76,4124,8379
1417,0.302,36771.3,3283.8,40055.6,4130,8391
1418,1.848,29692.2,1012.53,30706.7,4134,8399
1419,0.672,12275.2,4004.13,16280.2,4136,8403
1420,0.361,73182.8,2832.54,76015.9,4150,8431
1421,0.368,0.136,6415.26,6415.97,4150,8431
1422,0.341,0.114,6782.27,6782.86,4150,8431
1423,0.237,0.089,5887.78,5888.3,4150,8431
1424,0.396,8848.39,3600.95,12449.9,4152,8435
1425,0.368,0.153,6205.58,6206.27,4152,8435
1426,0.412,0.116,5232.9,5233.61,4152,8435
1427,0.453,10400,4448.66,14849.3,4154,8439
1428,0.429,64689.1,828.878,65518.6,4164,8459
1429,0.512,10696.2,4091.65,14788.5,4166,8463
1430,0.565,62354.5,3010.41,65365.6,4176,8483
1431,0.58,74806,3395.27,78202,4188,8507
1432,0.492,38891.7,3356.1,42248.5,4194,8519
1433,0.529,65814.3,3117.99,68933.1,4206,8543
1434,0.476,39776.8,726.434,40503.9,4212,8555
1435,0.484,26841.6,879.622,27721.8,4216,8563
1436,0.632,34138.7,668.909,34808.4,4222,8575
1437,0.852,9791.34,3599.48,13391.8,4224,8579
1438,0.361,9232.76,3711.52,12944.8,4226,8583
1439,0.337,0.219,6671.95,6672.64,4226,8583
1440,2102.88,10242.4,4290.45,16635.9,4228,8587
1441,0.514,24561.1,843.829,25405.6,4232,8595
1442,0.532,9980.76,4175.41,14156.9,4234,8599
1443,0.55,25435,3501.49,28937.2,4238,8607
1444,0.537,0.312,7060.08,7061.11,4238,8607
1445,0.369,69966.5,3039.44,73006.4,4250,8631
1446,1.01,0.286,6766.59,6768.06,4250,8631
1447,2064.79,9859.99,3483.99,15409,4252,8635
1448,1.143,9578.55,3744.33,13324.2,4254,8639
1449,1.236,25788.8,3439.09,29229.3,4258,8647
1450,1.085,36315.1,3062.29,39378.6,4264,8659
1451,0.456,109019,3557.88,112578,4282,8695
1452,0.53,44636.3,2984.87,47621.8,4290,8711
1453,0.486,44139.1,3116.07,47255.8,4298,8727
1454,0.454,84087.7,3368.04,87456.3,4312,8755
1455,0.644,10286.5,3979.73,14267.1,4314,8759
1456,0.559,0.272,7223.56,7224.59,4314,8759
1457,0.413,25869,3519.58,29389.2,4318,8767
1458,0.592,25804.3,3485.76,29290.8,4322,8775
1459,1.22,47946.4,760.648,48708.4,4330,8791
1460,0.414,70163,3495.52,73659.1,4342,8815
1461,0.614,122630,3982.08,126613,4360,8851
1462,1.2,107529,3683.32,111214,4376,8883
1463,1034.12,10914.2,4455.04,16403.5,4378,8887
1464,0.517,38416.1,2969.41,41386.2,4384,8899
1465,0.348,34269.1,766.495,35036.1,4390,8911
1466,0.442,0.253,4463.68,4464.59,4390,8911
1467,0.204,26771,942.552,27713.9,4394,8919
1468,0.501,76272,3044.66,79317.3,4406,8943
1469,0.493,0.217,7132.06,7132.96,4406,8943
1470,1217.04,10892.4,4280.35,16390,4408,8947
1471,0.664,10863.9,4381.62,15246.3,4410,8951
1472,0.787,18126.9,816.76,18944.6,4413,8958
1473,0.401,9637.93,3903.54,13542,4415,8962
1474,0.314,0.193,5486.99,5487.68,4415,8962
1475,0.436,0.177,3880.11,3880.91,4415,8962
1476,1321.86,39101.1,904.329,41327.5,4421,8974
1477,0.607,10273.6,4242.26,14516.7,4423,8978
1478,0.552,24819,3452.36,28272.1,4427,8986
1479,0.352,26937.7,1102.61,28040.9,4431,8994
1480,0.627,10920.7,4583.84,15505.4,4433,8998
1481,0.784,0.215,3574.09,3575.28,4433,8998
1482,0.437,43266.2,3895.63,47162.4,4439,9010
1483,1176.75,11300.8,4483.64,16961.4,4441,9014
1484,0.723,10861.6,4571.31,15433.9,4443,9018
1485,0.962,93577.3,3096.55,96675,4459,9050
1486,0.526,37760.2,875.3,38636.2,4465,9062
1487,0.702,44549.2,3672.49,48222.6,4471,9074
1488,1.147,11480.4,4513.43,15995.1,4473,9078
1489,863.126,5410.65,3678.31,9952.28,4474,9081
1490,0.525,0.303,5257.32,5258.3,4474,9081
1491,0.382,41089.2,3672.78,44762.6,4480,9093
1492,0.553,0.311,8167.7,8168.76,4480,9093
1493,1742.82,11812.1,4700.24,18255.4,4482,9097
1494,1.101,22729.1,757.212,23487.6,4486,9105
1495,0.415,39520.4,3110.21,42631.2,4492,9117
1496,0.481,23146.7,3077.39,26224.7,4496,9125
1497,0.396,36106.3,859.938,36966.8,4502,9137
1498,0.989,84349,3577.55,87927.7,4516,9165
1499,928.059,10637.8,4339.07,15905.2,4518,9169
1500,1.313,128635,3638.36,132275,4538,9209
1501,0.634,66488.6,3522.5,70011.9,4548,9229
1502,0.424,10013.8,4642.9,14657.3,4550,9233
1503,0.65,67493.9,3800.82,71295.6,4560,9253
1504,1.057,115338,3835.77,119175,4576,9285
1505,0.553,41696,3205.28,44902,4582,9297
1506,0.473,71051.2,3151.23,74203.1,4594,9321
1507,0.367,36609.7,3238.07,39848.3,4600,9333
1508,0.592,44267.8,3752.29,48020.8,4606,9345
1509,0.583,26654.3,3282.97,29938,4610,9353
1510,0.439,24098.7,852.099,24951.3,4614,9361
1511,0.365,24313.6,3361.96,27676.2,4618,9369
1512,0.452,32046.1,872.748,32919.4,4623,9380
1513,0.654,42152.9,3290.55,45444.2,4630,9395
1514,0.396,42112.1,3961.38,46074.1,4636,9407
1515,0.495,0.181,8275.71,8276.58,4636,9407
1516,0.559,74700.2,3891.19,78592.1,4646,9427
1517,0.508,110624,3403.01,114027,4662,9459
1518,0.334,0.177,6610.69,6611.37,4662,9459
1519,0.319,0.183,6757.06,6757.74,4662,9459
1520,0.366,0.231,7384.97,7385.74,4662,9459
1521,0.259,113382,3761.43,117144,4680,9495
1522,0.61,101549,4007.88,105558,4694,9523
1523,0.696,101225,3586.69,104813,4708,9551
1524,0.445,127928,3850.17,131779,4728,9591
1525,0.553,112173,3619.44,115794,4744,9623
1526,1232.54,12625.3,5041.49,18899.6,4746,9627
1527,1.291,26208.3,824.334,27034.1,4750,9635
1528,0.54,0.148,7376.52,7377.4,4750,9635
1529,0.191,108976,3622.04,112599,4766,9667
1530,0.397,53121.8,3305.25,56427.6,4774,9683
1531,0.405,10437.5,4314.54,14752.7,4776,9687
1532,0.592,25906.9,865.207,26772.8,4780,9695
1533,0.451,0.183,7252.33,7253.14,4780,9695
1534,0.539,10300.1,4175.05,14475.9,4782,9699
1535,0.514,10586.8,4450.18,15037.6,4784,9703
1536,0.31,69972.6,3858.82,73831.9,4794,9723
1537,0.644,60606.2,4153.97,64761,4802,9739
1538,0.562,0.12,6000.35,6001.22,4802,9739
1539,0.461,28486.2,3823.07,32309.9,4806,9747
1540,0.825,43777.5,3534.63,47313.2,4812,9759
1541,0.396,89345.3,4442.19,93788,4826,9787
1542,0.495,57923.7,1016.44,58940.8,4834,9803
1543,0.684,101105,3720.37,104826,4848,9831
1544,0.648,36412.4,1039.37,37452.7,4853,9842
1545,0.679,0.269,5830.17,5831.31,4853,9842
1546,1070.29,11893.7,5177.51,18141.7,4855,9846
1547,0.601,29829.4,4002.15,33832.3,4859,9854
1548,0.628,0.285,8820.34,8821.44,4859,9854
1549,0.801,43125.3,4209.82,47336.1,4865,9866
1550,0.908,25441.4,3480.12,28922.6,4869,9874
1551,0.382,25415.5,863.412,26279.4,4873,9882
1552,0.556,53734.9,3945.09,57680.8,4880,9897
1553,1286.38,10948.2,4227.71,16462.4,4882,9901
1554,0.309,66452.1,3587.95,70040.6,4892,9921
1555,0.425,104455,3571.99,108027,4908,9953
1556,0.474,179601,3850.94,183452,4932,10001
1557,0.699,61715.7,4090,65806.6,4940,10017
1558,0.605,117873,922.492,118796,4956,10049
1559,0.601,128907,4474.88,133382,4972,10081
1560,1.559,32178,1073.25,33253,4976,10089
1561,0.504,35378.3,1387.46,36766.5,4980,10097
1562,0.663,118014,3816.49,121831,4996,10129
1563,0.609,49756.9,3699.72,53457.5,5004,10145
1564,0.508,0.247,5254.22,5255.15,5004,10145
1565,0.444,10951.4,4337.25,15289.2,5006,10149
1566,1660.81,25565.9,873.661,28100.5,5010,10157
1567,0.606,10758.8,4361.55,15121.1,5012,10161
1568,0.441,11007.2,4468.02,15475.8,5014,10165
1569,0.477,65397.8,862.769,66261.2,5024,10185
1570,0.375,10951.1,4607.45,15559.1,5026,10189
1571,0.611,26134.5,905.257,27040.6,5030,10197
1572,0.349,0.24,5322.66,5323.38,5030,10197
1573,0.399,77917,3691.93,81609.5,5040,10217
1574,0.591,0.167,6352.45,6353.39,5040,10217
1575,0.355,26678.2,893.893,27572.6,5044,10225
1576,0.435,26486.1,940.033,27426.8,5048,10233
1577,0.751,57969.4,3704.97,61675.3,5056,10249
1578,0.5,20966.3,3830.96,24797.9,5059,10256
1579,0.593,5642.82,3629.18,9272.74,5060,10259
1580,0.453,52793.6,4164.31,56958.5,5067,10274
1581,0.436,0.238,9138.45,9139.27,5067,10274
1582,0.379,60445,996.292,61441.9,5075,10290
1583,0.604,29594.6,1068.2,30663.6,5079,10298
1584,0.486,12278.2,5163.02,17442,5081,10302
1585,0.444,100143,4516.34,104660,5093,10326
1586,0.484,54021.1,3773.41,57795.1,5101,10342
1587,0.421,52974.9,4029.35,57004.8,5108,10357
1588,0.399,48708.8,4904.8,53614.2,5114,10369
1589,1.417,0.325,7233.48,7235.43,5114,10369
1590,1.33,0.189,10229.1,10230.7,5114,10369
1591,0.62,13372.4,5396.93,18770.2,5116,10373
1592,0.581,13171.4,5289.16,18461.3,5118,10377
1593,0.481,14200.4,5548.94,19750,5120,10381
1594,1.087,74947.3,3768.07,78716.6,5130,10401
1595,0.551,102864,4383.88,107249,5142,10425
1596,0.83,121811,3733.87,125546,5158,10457
1597,0.436,26966.5,3905.54,30872.7,5162,10465
1598,0.482,60126.2,3766.2,63893.1,5170,10481
1599,0.446,53469.1,3827.27,57296.9,5178,10497
1600,2320.73,11468.4,4757.08,18546.4,5180,10501
1601,0.599,27845.9,3728.64,31575.3,5184,10509
1602,0.413,50661.8,4103.57,54765.9,5191,10524
1603,0.768,72225.8,4524.76,76751.5,5201,10544
1604,0.532,50723.4,1171.59,51895.7,5207,10556
1605,0.792,0.18,8568.47,8569.62,5207,10556
1606,0.521,13374.2,4731.41,18106.3,5209,10560
1607,0.413,88238.1,3714.27,91952.9,5221,10584
1608,0.425,11155.3,4521.43,15677.4,5223,10588
1609,0.263,10929.8,4588.69,15519,5225,10592
1610,0.372,75074.4,4746.79,79821.7,5234,10611
1611,0.705,49593.3,1100.29,50694.5,5240,10623
1612,0.581,0.251,6759.65,6760.67,5240,10623
1613,0.489,0.192,7648.97,7649.85,5240,10623
1614,0.605,33460.4,1149.28,34610.5,5244,10631
1615,0.453,84666.6,4425.89,89093.1,5254,10651
1616,0.478,0.3,10097.8,10098.8,5254,10651
1617,0.558,29081.2,4137.9,33219.9,5258,10659
1618,0.492,57237.1,902.751,58140.5,5266,10675
1619,0.543,0.115,8696.03,8696.87,5266,10675
1620,0.385,28184.6,3796.86,31982,5270,10683
1621,1537.71,13859.2,5439.26,20836.4,5272,10687
1622,0.477,64636.1,4422.88,69059.6,5280,10703
1623,0.539,0.222,7848.65,7849.64,5280,10703
1624,0.683,51567.4,4466.1,56034.4,5286,10715
1625,0.467,101771,3728.97,105501,5300,10743
1626,0.38,85333.6,1054.49,86388.7,5312,10767
1627,0.705,32489.4,4460.71,36951,5316,10775
1628,0.389,0.137,9969.87,9970.59,5316,10775
1629,0.543,50185.6,3765.64,53952,5322,10787
1630,0.377,74137.8,4326.67,78464.9,5332,10807
1631,0.509,57830.8,3738.34,61569.9,5340,10823
1632,1.052,44747.5,3885.3,48634.1,5346,10835
1633,0.377,116550,4295.67,120846,5360,10863
1634,0.541,0.132,8590.06,8590.95,5360,10863
1635,0.317,32626.6,5575.93,38203,5364,10871
1636,2368.88,13364.7,5413.18,21146.9,5366,10875
1637,0.705,30974,1026.04,32000.9,5370,10883
1638,0.641,44943.3,1034.9,45979,5376,10895
1639,0.567,169334,3954.83,173290,5398,10939
1640,0.399,49767.2,1084.45,50852.3,5404,10951
1641,1298.4,13502.2,5547.01,20347.9,5406,10955
1642,0.592,52740.7,3891.58,56633,5413,10970
1643,0.743,28549.5,3942.74,32493.1,5417,10978
1644,0.341,50412.4,4676.28,55089.2,5423,10990
1645,0.633,125314,3890.09,129205,5438,11021
1646,0.592,12109.4,5037.05,17147.2,5440,11025
1647,0.355,78040.4,3843.05,81883.9,5450,11045
1648,0.453,0.117,8965.52,8966.2,5450,11045
1649,0.401,12807,5774.51,18582.1,5452,11049
1650,0.719,131076,4156.87,135234,5468,11081
1651,0.503,48272.5,1016.21,49289.3,5474,11093
1652,954.226,12347.4,4945.26,18247.1,5476,11097
1653,1075.2,12610.7,5096.86,18783,5478,11101
1654,0.47,12799.9,4829.84,17630.4,5480,11105
1655,0.856,30083.3,1008.78,31093.1,5484,11113
1656,0.499,61045.1,4205.56,65251.3,5492,11129
1657,0.631,0.143,7169.53,7170.48,5492,11129
1658,0.306,12655.4,5102.51,17758.3,5494,11133
1659,863.381,12475.9,4929.53,18269,5496,11137
1660,0.384,0.114,8732.01,8732.68,5496,11137
1661,922.38,44421.8,4134.71,49479.1,5502,11149
1662,0.5,29328.1,4077.85,33406.6,5506,11157
1663,0.596,0.189,9184.8,9185.71,5506,11157
1664,0.481,59702,4773.77,64476.4,5514,11173
1665,0.593,66969.8,4688.36,71658.9,5522,11189
1666,0.543,32520.9,4160.47,36682.1,5526,11197
1667,0.449,0.166,6274.95,6275.69,5526,11197
1668,0.438,57532.4,3896.43,61429.4,5534,11213
1669,0.589,31024.6,5060.65,36086.1,5538,11221
1670,0.651,49585.5,3980.63,53567,5544,11233
1671,0.254,64119.2,4833.28,68952.9,5552,11249
1672,0.551,33124.1,1159.36,34284.3,5556,11257
1673,2183.58,14577.6,5957.62,22719.1,5558,11261
1674,0.668,76148.8,5252.71,81402.3,5566,11277
1675,2091.53,12885.5,5332.68,20309.8,5568,11281
1676,0.522,12734.4,5305.05,18040.2,5570,11285
1677,0.412,81453.7,4036.47,85490.8,5580,11305
1678,0.594,0.16,8892.49,8893.42,5580,11305
1679,0.585,59513.5,4647.9,64162.2,5588,11321
1680,0.645,35340.4,1440.04,36781.3,5592,11329
1681,0.668,17069.7,7141.15,24211.8,5594,11333
1682,0.471,16206.2,5801.81,22008.7,5596,11337
1683,2069.02,29638.8,4218.65,35926.7,5600,11345
1684,0.499,43109.6,1053.55,44163.8,5606,11357
1685,0.565,109058,4714.09,113772,5618,11381
1686,0.692,0.239,10358.6,10359.7,5618,11381
1687,0.688,0.223,10230.7,10231.7,5618,11381
1688,5.166,0.117,9094.57,9100,5618,11381
1689,0.527,0.098,5801.51,5802.3,5618,11381
1690,0.534,14033.3,5917.36,19951.4,5620,11385
1691,0.414,0.143,10533.1,10533.8,5620,11385
1692,0.531,14271.4,5685.44,19957.5,5622,11389
1693,0.431,64518.8,3927.23,68446.6,5630,11405
1694,0.582,112942,4351.71,117295,5644,11433
1695,2328.94,17746.7,6687.27,26763.2,5646,11437
1696,0.554,72189.9,6316.55,78507.2,5654,11453
1697,0.722,40814.3,1132.77,41947.9,5658,11461
1698,0.672,0.114,10336.1,10337.1,5658,11461
1699,0.62,0.194,10322.7,10323.7,5658,11461
1700,1.183,35331.1,1226.85,36559.3,5662,11469
1701,0.571,69673,1181.89,70855.7,5670,11485
1702,1160.78,33673.6,4732.73,39567.3,5674,11493
1703,0.915,0.324,6329.01,6330.37,5674,11493
1704,1.637,0.083,6092.39,6094.24,5674,11493
1705,0.376,49820,5018.31,54838.9,5680,11505
1706,0.509,51323.8,4899.58,56224.1,5686,11517
1707,0.639,0.187,9535.81,9536.87,5686,11517
1708,0.576,0.233,10768.1,10769.1,5686,11517
1709,0.604,49779.3,1066.45,50846.5,5692,11529
1710,0.463,0.092,9560.16,9560.91,5692,11529
1711,0.423,111867,1167.67,113035,5706,11557
1712,1573.78,30883.8,4200.37,36658.3,5710,11565
1713,0.407,66190.2,4164.87,70355.7,5718,11581
1714,0.478,63491.2,4401.91,67893.8,5726,11597
1715,0.428,0.091,9893,9893.65,5726,11597
1716,0.355,78765,1049.68,79815.3,5736,11617
1717,0.487,140355,4267.72,144624,5752,11649
1718,0.503,13075.4,5215.05,18291,5754,11653
1719,0.582,0.319,6255.4,6256.43,5754,11653
1720,0.515,78240.8,4806.57,83048,5764,11673
1721,0.651,97932.7,5101.43,103035,5774,11693
1722,0.533,55919.7,1286.42,57206.8,5780,11705
1723,1.292,38536,5087.14,43624.7,5784,11713
1724,0.495,34078.4,4313.46,38392.6,5788,11721
1725,1.206,14577.5,5890.82,20469.7,5790,11725
1726,0.942,64621.4,4454.36,69076.9,5798,11741
1727,0.894,12782.5,5227.35,18010.9,5800,11745
1728,1.174,32421.7,1104.55,33527.6,5804,11753
1729,0.5,61110.4,4794.88,65905.9,5811,11768
1730,0.477,56195.1,4884.58,61080.4,5817,11780
1731,0.551,56249.9,1480.96,57731.6,5823,11792
1732,0.666,36064.4,1200.9,37266.1,5827,11800
1733,0.351,0.267,10719.3,10720.1,5827,11800
1734,0.541,122369,4569.23,126939,5841,11828
1735,2646.93,39156.4,1372.32,43175.8,5845,11836
1736,0.617,36694.4,1251.39,37946.5,5849,11844
1737,0.435,79292.9,5236.06,84529.5,5857,11860
1738,0.598,59246.6,5141.92,64389.3,5863,11872
1739,0.518,121541,4962.99,126505,5877,11900
1740,0.749,14968,6146.77,21115.7,5879,11904
1741,0.445,14725.5,6247.92,20974,5881,11908
1742,0.592,59166.1,1342.26,60509.1,5887,11920
1743,0.739,132261,4946.94,137209,5901,11948
1744,0.6,36140.4,1245.04,37386.2,5905,11956
1745,0.605,34819.6,1121.76,35942.1,5909,11964
1746,0.612,48944.1,4564.29,53509.1,5915,11976
1747,0.543,49784.1,1070.03,50854.8,5921,11988
1748,0.55,117950,5175.21,123126,5935,12016
1749,1412.63,7550.5,5102.14,14065.5,5936,12019
1750,1595.42,33074.5,1124.62,35794.7,5940,12027
1751,0.566,137481,4845.11,142327,5956,12059
1752,0.522,113054,4834.29,117889,5970,12087
1753,0.57,36349,4993.68,41343.4,5974,12095
1754,0.645,82494,4475.42,86970.2,5984,12115
1755,1.434,15806.8,6092.32,21900.8,5986,12119
1756,0.55,96629,5227.57,101857,5996,12139
1757,0.606,36929.4,1300.96,38231.2,6000,12147
1758,0.591,16150.6,6419.87,22571.3,6002,12151
1759,0.489,76465.1,4666.94,81132.7,6010,12167
1760,1654.41,15223.4,6275.02,23153.1,6012,12171
1761,0.733,144655,4937.04,149593,6028,12203
1762,0.509,73890,5445.58,79336.3,6036,12219
1763,1715.21,15897.1,6408.89,24021.4,6038,12223
1764,0.53,162978,4408.64,167388,6056,12259
1765,0.415,50655.2,4536.88,55192.7,6062,12271
1766,0.436,32046.9,1137.15,33184.7,6066,12279
1767,0.347,83460.5,4424.4,87885.4,6076,12299
1768,0.531,88452.1,1247.24,89700.1,6086,12319
1769,0.892,14319.5,5664.95,19985.5,6088,12323
1770,0.599,33119.3,1222.48,34342.5,6092,12331
1771,0.555,125202,5090.41,130293,6106,12359
1772,0.559,94130.3,4482.76,98613.8,6116,12379
1773,0.37,52074.9,4503.39,56578.9,6122,12391
1774,0.595,52147.9,4933.74,57082.4,6128,12403
1775,0.587,33288.1,4459.46,37748.3,6132,12411
1776,0.44,14045.5,5765.4,19811.5,6134,12415
1777,1218.13,13971.1,5810.2,20999.7,6136,12419
1778,0.887,77779.5,4561.68,82342.3,6144,12435
1779,0.413,33167.8,1140.78,34309.2,6148,12443
1780,0.353,148170,5223.98,153395,6164,12475
1781,0.767,76367.7,4562.22,80930.8,6172,12491
1782,0.533,13663.8,5773.32,19437.8,6174,12495
1783,0.513,13794.5,5965.43,19760.6,6176,12499
1784,0.741,53430.6,4548.03,57979.5,6182,12511
1785,0.394,106706,5234.9,111942,6194,12535
1786,0.623,0.148,12069.8,12070.7,6194,12535
1787,0.577,52942.2,4785.11,57728,6200,12547
1788,0.584,67599.8,4708.58,72309.2,6208,12563
1789,0.471,102518,5562.31,108081,6218,12583
1790,0.718,0.271,8178.22,8179.39,6218,12583
1791,0.797,82690.5,5265.22,87956.6,6226,12599
1792,0.457,54399.5,1095.69,55495.8,6232,12611
1793,0.338,49191.3,4665.38,53857.2,6238,12623
1794,0.434,128692,5306,133998,6252,12651
1795,0.39,0.235,11690.4,11691.2,6252,12651
1796,0.426,35652.7,4613.54,40266.9,6256,12659
1797,0.567,68573.9,4786.42,73361.1,6264,12675
1798,0.392,82952.6,5384.05,88337.2,6274,12695
1799,0.576,15706.7,6536.96,22244.4,6276,12699
1800,2428.33,34941.3,1254.9,38624.8,6280,12707
1801,1.32,41696.4,1387.88,43085.8,6284,12715
1802,0.606,87227.8,5610.07,92838.7,6292,12731
1803,0.438,39338.2,5401.88,44740.7,6296,12739
1804,1.256,40227,1356.28,41584.8,6300,12747
1805,0.624,105960,5741.04,111702,6310,12767
1806,0.656,142223,5705.43,147929,6326,12799
1807,1.16,0.286,12246.7,12248.3,6326,12799
1808,0.437,116754,5179.94,121935,6338,12823
1809,2673.56,39826.9,5445.23,47945.9,6342,12831
1810,0.462,0.192,12388,12388.8,6342,12831
1811,0.654,81649.4,5574.29,87224.5,6350,12847
1812,2324.46,16331.8,6720.09,25376.7,6352,12851
1813,0.944,0.231,12369.6,12371,6352,12851
1814,0.462,155375,4945.15,160321,6368,12883
1815,0.66,156367,5915.54,162283,6384,12915
1816,0.789,177294,5657.09,182952,6402,12951
1817,0.512,17384.3,7284.71,24669.7,6404,12955
1818,2177.5,17258,6689.2,26125,6406,12959
1819,1651.85,16286.8,6651.97,24590.9,6408,12963
1820,0.591,15900,6597.49,22498.2,6410,12967
1821,0.415,40117.3,5332.16,45450,6414,12975
1822,0.779,0.256,10711.5,10712.7,6414,12975
1823,0.685,39441.8,5573.27,45015.9,6418,12983
1824,0.41,63451.6,5432.44,68884.6,6424,12995
1825,0.7,39997.8,1372.94,41371.6,6428,13003
1826,0.502,110993,4990.4,115984,6440,13027
1827,0.5,14651.7,6094.85,20747.3,6442,13031
1828,0.586,0.194,9753.03,9753.97,6442,13031
1829,0.385,110664,5637.83,116303,6454,13055
1830,1568.41,16518.4,6930.02,25017.1,6456,13059
1831,0.645,40279.8,5654.64,45935.2,6460,13067
1832,0.562,0.31,12560.2,12561.3,6460,13067
1833,0.644,42422.9,5586.63,48010.3,6464,13075
1834,0.624,83125.6,5684.86,88811.2,6472,13091
1835,1756.79,16639,6743.85,25139.9,6474,13095
1836,0.627,38960.4,1319.1,40280.3,6478,13103
1837,0.466,16131.6,6757.3,22889.6,6480,13107
1838,0.391,170874,4865.18,175740,6498,13143
1839,0.503,14474,5925.48,20400.1,6500,13147
1840,0.724,55856.3,5771.73,61629,6506,13159
1841,0.622,177111,4826,181938,6524,13195
1842,0.495,71458.1,1204.36,72663.1,6532,13211
1843,0.41,52575.4,5020.09,57596,6538,13223
1844,0.447,71947,1234.92,73182.5,6546,13239
1845,0.5,71903.7,1237.35,73141.6,6554,13255
1846,0.503,111236,4932.46,116169,6566,13279
1847,0.486,0.191,10968.3,10969.1,6566,13279
1848,0.473,0.138,9909.21,9910,6566,13279
1849,0.327,114109,4763.08,118872,6578,13303
1850,1.126,58731.7,5704.72,64437.6,6584,13315
1851,0.359,0.264,12644.3,12645,6584,13315
1852,0.373,150022,5994.3,156016,6598,13343
1853,0.763,180864,5797.76,186662,6616,13379
1854,2012.26,16859.2,7007.36,25879.1,6618,13383
1855,0.856,41280.6,5768.98,47050.6,6622,13391
1856,2392.88,14621.3,6066.52,23080.9,6624,13395
1857,0.578,35662.6,5122.74,40786.1,6628,13403
1858,0.595,76425.7,4894.21,81320.7,6636,13419
1859,0.523,0.155,10870.3,10871.1,6636,13419
1860,0.384,95363.1,4869.44,100233,6646,13439
1861,0.494,105730,5978.01,111709,6656,13459
1862,0.621,56184.5,5131.57,61316.8,6662,13471
1863,1.409,18329.4,7622.96,25953.9,6664,13475
1864,1.288,59212.5,5734.97,64948.9,6670,13487
1865,1.001,80880.2,5864.91,86746.2,6678,13503
1866,0.656,17309.4,7248.64,24558.9,6680,13507
1867,1.083,58674.9,1487.03,60163.2,6686,13519
1868,0.78,41360.8,1426.16,42787.9,6690,13527
1869,0.371,0.306,12730.7,12731.5,6690,13527
1870,0.371,83329.2,5766.6,89096.4,6698,13543
1871,2281.51,36522.9,5058.61,43863.2,6702,13551
1872,0.395,52318.1,1321.28,53640,6708,13563
1873,0.577,0.24,8747.99,8749,6708,13563
1874,0.466,160470,5748.49,166219,6724,13595
1875,0.563,106062,6108.63,112171,6734,13615
1876,0.646,0.206,13462.4,13463.4,6734,13615
1877,0.529,95797.5,5096.06,100894,6744,13635
1878,0.538,37104,5228.75,42333.4,6748,13643
1879,0.577,39029.3,1435.52,40465.6,6752,13651
1880,0.667,0.123,12631.3,12632.3,6752,13651
1881,0.471,0.14,12529.8,12530.6,6752,13651
1882,0.561,16980.3,7134.58,24115.6,6754,13655
1883,0.759,0.215,11358.5,11359.7,6754,13655
1884,0.635,17296.6,7146.43,24443.9,6756,13659
1885,0.546,60531,5261.23,65792.9,6762,13671
1886,1687.29,15386.5,6270.31,23344.3,6764,13675
1887,0.466,103828,6231.2,110060,6774,13695
1888,0.626,65408.6,1212.27,66621.6,6780,13707
1889,0.371,55272.4,1256.84,56529.8,6786,13719
1890,0.397,35713.4,5002.07,40716,6790,13727
1891,0.273,62520.1,1538.5,64059.1,6796,13739
1892,0.648,18159,7449.98,25609.9,6798,13743
1893,0.616,18046.2,7471.37,25518.4,6800,13747
1894,0.668,0.333,13457.2,13458.3,6800,13747
1895,2384.03,15074.1,6085.54,23543.9,6802,13751
1896,0.387,71281.3,4994.57,76276.4,6810,13767
1897,0.465,36091.2,5064.71,41156.5,6814,13775
1898,0.398,96317.9,4987.98,101306,6824,13795
1899,0.419,181103,6062.28,187166,6840,13827
1900,1.022,196445,5301.66,201747,6860,13867
1901,0.454,15324.3,6623.39,21948.4,6862,13871
1902,2394.77,7734.52,5260.18,15389.7,6863,13874
1903,0.405,38444.7,5401.92,43847.2,6867,13882
1904,0.414,55259.3,1364.01,56623.9,6873,13894
1905,1768.41,18202.5,7448.73,27419.8,6875,13898
1906,0.557,111872,6147.83,118021,6885,13918
1907,1.109,184596,5933.29,190530,6903,13954
1908,0.799,18144.4,7321.83,25467.2,6905,13958
1909,0.693,9053.03,5864.92,14918.8,6906,13961
1910,0.62,61547.2,5869.92,67417.9,6912,13973
1911,0.686,42201.1,1283.02,43484.9,6916,13981
1912,0.575,58839,5104.76,63944.5,6922,13993
1913,0.532,0.183,11553.5,11554.4,6922,13993
1914,0.388,40891,1557.15,42448.7,6926,14001
1915,0.488,70322.8,1545.05,71868.6,6932,14013
1916,0.65,183924,5562.58,189488,6948,14045
1917,0.539,286063,5155.02,291218,6976,14101
1918,0.393,57903.1,1258.01,59161.7,6982,14113
1919,0.514,76503.3,5820.32,82324.3,6990,14129
1920,0.495,101481,5776.6,107258,7000,14149
1921,0.614,132528,5790.04,138319,7012,14173
1922,2870.28,18840.3,7802.33,29513.1,7014,14177
1923,0.484,65611.9,6611.72,72224.4,7020,14189
1924,0.647,65422.2,6116.34,71539.4,7026,14201
1925,0.508,0.235,14401.7,14402.6,7026,14201
1926,0.457,80588.9,5741.82,86331.5,7034,14217
1927,0.467,130213,6140.6,136354,7046,14241
1928,0.556,44714.1,6238.49,50953.4,7050,14249
1929,0.574,178800,5537.84,184339,7068,14285
1930,0.724,152236,5337.17,157574,7084,14317
1931,0.724,123121,6298.65,129420,7096,14341
1932,0.497,44585.5,1446.8,46032.9,7100,14349
1933,0.572,85104.7,1411.32,86516.8,7108,14365
1934,0.519,0.14,10287.1,10288,7108,14365
1935,0.585,43069,1494.8,44564.6,7112,14373
1936,0.867,60473.9,1296.07,61771,7118,14385
1937,0.376,0.151,11771,11771.6,7118,14385
1938,0.511,76791.7,5350.03,82142.4,7126,14401
1939,0.711,61414.4,1522.91,62938.3,7132,14413
1940,0.518,70451.8,1567.21,72019.6,7138,14425
1941,0.432,109300,5687.87,114989,7148,14445
1942,2567.05,18041.5,7276.02,27884.8,7150,14449
1943,0.48,67824.3,5800.15,73625.1,7156,14461
1944,0.435,69405.8,6290.6,75697.1,7162,14473
1945,0.777,0.357,13548.6,13549.9,7162,14473
1946,0.447,138815,6004.73,144821,7174,14497
1947,0.527,68895,6032.2,74927.9,7180,14509
1948,0.428,167098,6198.98,173298,7196,14541
1949,0.698,119424,5855.14,125280,7206,14561
1950,1.221,18741.9,7507.36,26250.6,7208,14565
1951,0.431,44475.4,1577.7,46053.7,7212,14573
1952,0.824,0.203,13800.5,13801.6,7212,14573
1953,0.633,81104.7,5208.29,86313.8,7220,14589
1954,0.481,84837.5,1589.23,86427.4,7228,14605
1955,0.519,45181.5,1594.05,46776.3,7232,14613
1956,0.564,134092,5496.59,139590,7244,14637
1957,1.332,20251.4,8793.01,29045.9,7246,14641
1958,1.211,44850,5247.93,50099.3,7250,14649
1959,0.596,0.29,11928.5,11929.6,7250,14649
1960,0.341,16401.7,6636.19,23038.5,7252,14653
1961,0.556,40089.5,5603.48,45693.7,7256,14661
1962,2102.84,19101,7953,29157.2,7258,14665
1963,1.004,56591.8,1279.7,57872.6,7264,14677
1964,0.517,0.218,12936.6,12937.5,7264,14677
1965,0.687,173435,6262.21,179698,7280,14709
1966,0.77,0.123,13038.6,13039.6,7280,14709
1967,0.551,73733.1,6467.02,80200.9,7286,14721
1968,0.578,60040.3,1565.12,61606.2,7291,14732
1969,0.674,135575,5629.27,141205,7303,14756
1970,0.464,145294,6462.9,151758,7317,14784
1971,0.544,180541,6005.69,186548,7333,14816
1972,0.686,145642,5832.36,151475,7347,14844
1973,0.592,186676,6236.6,192914,7363,14876
1974,3259.4,19628,7913.7,30801.3,7365,14880
1975,0.674,18379.4,7783.66,26163.9,7367,14884
1976,0.627,211092,6256.31,217349,7385,14920
1977,2418.21,16344.6,6754.87,25517.8,7387,14924
1978,0.597,109839,6329.96,116170,7397,14944
1979,0.543,0.19,14682.7,14683.6,7397,14944
1980,0.477,50917,5471.22,56388.9,7402,14955
1981,2788.68,19505.7,8164.88,30459.5,7404,14959
1982,0.856,17301.7,6797.24,24100,7406,14963
1983,0.595,171062,6507.89,177570,7422,14995
1984,0.525,0.147,14750.1,14751,7422,14995
1985,0.561,46642.2,1571.43,48214.3,7426,15003
1986,2923.92,20179.3,8322.23,31425.6,7428,15007
1987,0.661,20151.5,8403.4,28555.8,7430,15011
1988,1.808,0.166,14868.6,14870.7,7430,15011
1989,0.58,20353.7,8529,28883.5,7432,15015
1990,0.525,130626,6288.97,136916,7442,15035
1991,0.6,69464,1560.06,71024.8,7448,15047
1992,2834.92,70962.9,1599.69,75397.7,7454,15059
1993,0.517,72599.6,6445.05,79045.4,7460,15071
1994,0.629,0.247,13853.5,13854.5,7460,15071
1995,2765.1,20187.2,8425.32,31377.8,7462,15075
1996,0.642,78528.1,6689.38,85218.3,7468,15087
1997,0.637,97209.7,6668.48,103879,7476,15103
1998,1.211,95856,6593.77,102451,7484,15119
1999,0.612,62016.2,5643.87,67660.9,7490,15131
2000,0.938,16791.2,6851.14,23643.5,7492,15135
2001,1.013,137926,6830.43,144758,7504,15159
2002,0.488,171583,5527.82,177112,7518,15187
2003,0.454,88171.3,5578.99,93750.9,7526,15203
2004,1843.97,45816.6,6307.76,53968.6,7530,15211
2005,1839.99,68189.2,6442.98,76472.4,7536,15223
2006,0.559,0.21,14244.4,14245.3,7536,15223
2007,0.76,0.133,11049.4,11050.5,7536,15223
2008,0.435,0.152,14361,14361.8,7536,15223
2009,0.805,64277,1505.63,65783.7,7542,15235
2010,0.812,17427.5,7210.18,24638.6,7544,15239
2011,0.303,95573.9,6488.31,102063,7552,15255
2012,0.644,19677.1,8206.41,27884.4,7554,15259
2013,0.234,69068.3,1577.68,70646.4,7560,15271
2014,0.508,121368,6003.71,127373,7570,15291
2015,0.452,65927.8,1519.33,67447.8,7576,15303
2016,0.54,187593,6854.61,194448,7592,15335
2017,0.665,96892.2,1541.04,98434.1,7600,15351
2018,0.617,65876,6343.27,72220.1,7606,15363
2019,0.387,45496.3,1532.48,47029.5,7610,15371
2020,1.133,42308.3,1382.29,43691.9,7614,15379
2021,2100.86,31370.7,5544.25,39016,7617,15386
2022,1768.12,17212.9,6965.16,25946.4,7619,15390
2023,0.461,0.185,12610,12610.8,7619,15390
2024,0.286,146453,6769.35,153223,7633,15418
2025,1989.61,47321.5,6449.01,55760.4,7637,15426
2026,0.703,132389,6007.84,138397,7649,15450
2027,0.474,60147.6,5623.82,65772.1,7655,15462
2028,2815.51,50596.5,1738.06,55150.3,7659,15470
2029,0.575,19935.1,8678.62,28614.5,7661,15474
2030,0.513,124532,6822.07,131355,7671,15494
2031,0.519,123785,1426.75,125212,7681,15514
2032,0.319,19087.3,8311.33,27399.1,7683,15518
2033,0.789,75927.3,6600.89,82529.2,7689,15530
2034,0.441,99947.2,1768.93,101717,7697,15546
2035,0.702,126996,6554.66,133552,7707,15566
2036,0.75,19421.2,8321.44,27743.5,7709,15570
2037,0.657,46791.6,6389.2,53181.6,7713,15578
2038,0.621,44446.6,5919.7,50367.1,7717,15586
2039,0.767,114443,7151.6,121596,7727,15606
2040,0.888,41872,1435.9,43309,7731,15614
2041,0.486,60760,6835.55,67596.2,7737,15626
2042,0.568,47934,6686.6,54621.4,7741,15634
2043,0.605,48451.9,6725.32,55178,7745,15642
2044,0.682,0.224,11780.7,11781.8,7745,15642
2045,0.392,79253,7284.72,86538.3,7751,15654
2046,0.668,80279.2,6665.91,86945.9,7757,15666
2047,3002.33,48233.2,1759.46,52995.2,7761,15674
2048,2047.32,47594,1639.05,51280.6,7765,15682
2049,2196.3,22222.9,8902.2,33321.6,7767,15686
2050,2106.63,21132.7,8501.46,31741,7769,15690
2051,0.585,128276,6814.03,135091,7779,15710
2052,0.721,114109,6062.94,120173,7789,15730
2053,0.508,42017.1,6234.8,48252.5,7793,15738
2054,0.921,44120.4,1514.89,45636.4,7797,15746
2055,0.513,128444,6906.98,135352,7807,15766
2056,0.446,77577.6,6630.13,84208.4,7813,15778
2057,0.638,207038,6072.62,213112,7831,15814
2058,0.525,46449.9,1584.12,48034.7,7835,15822
2059,0.529,0.183,14508,14508.9,7835,15822
2060,1.551,72037.4,6810.82,78850,7841,15834
2061,0.568,166493,5941.83,172435,7855,15862
2062,0.529,94122.3,6666.9,100790,7863,15878
2063,0.541,169341,5867.89,175210,7877,15906
2064,0.554,17613.5,7372.92,24987.2,7879,15910
2065,0.518,42644.1,1431.71,44076.5,7883,15918
2066,0.462,105765,5849.82,111615,7893,15938
2067,0.419,64271.3,6842.74,71114.7,7899,15950
2068,0.409,0.118,9874.01,9874.71,7899,15950
2069,0.627,166790,5765.25,172556,7913,15978
2070,0.734,0.054,12988.5,12989.4,7913,15978
2071,0.432,91148.9,6416.11,97565.6,7921,15994
2072,2018.55,19442.9,8881.09,30342.8,7923,15998
2073,0.507,47860.3,1601.1,49462.2,7927,16006
2074,0.589,19226.8,8019.55,27247.2,7929,16010
2075,0.596,180936,5897.08,186834,7945,16042
2076,1.197,0.346,13320.7,13322.4,7945,16042
2077,0.359,189041,6900.49,195942,7959,16070
2078,0.494,98886,1690.75,100577,7967,16086
2079,0.555,77883.2,6601.38,84485.4,7973,16098
2080,0.523,48931.3,1780.39,50712.3,7977,16106
2081,0.509,48619.8,1601.44,50221.9,7981,16114
2082,0.418,72274.4,6079.13,78354.1,7987,16126
2083,0.461,166131,6645.55,172777,8001,16154
2084,0.522,19734.8,8431.65,28167.1,8003,16158
2085,0.352,0.229,13340.6,13341.4,8003,16158
2086,3401.67,9373.01,6093,18867.9,8004,16161
2087,0.47,132331,5994.97,138327,8016,16185
2088,0.38,68896.2,1524.92,70421.7,8022,16197
2089,0.965,99843.7,6976.35,106821,8030,16213
2090,1.055,188628,6937.78,195567,8044,16241
2091,0.866,20315.5,8476.25,28792.9,8046,16245
2092,1.071,136239,7167.79,143408,8058,16269
2093,2266.21,21584.4,9953.72,33804.6,8060,16273
2094,0.701,80399.8,6809.64,87210.4,8066,16285
2095,0.555,0.303,13605.7,13606.8,8066,16285
2096,0.375,77419.6,6809.14,84229.4,8072,16297
2097,0.565,78538.2,7030.14,85569.2,8078,16309
2098,0.826,112961,6977.96,119940,8086,16325
2099,1.097,152340,8078.68,160420,8098,16349
2100,2953.11,18518.8,7729.09,29201.2,8100,16353
2101,1868.63,18465.5,7503.77,27838.2,8102,16357
2102,0.562,18192.5,7756.74,25950,8104,16361
2103,0.594,0.047,9169.08,9169.89,8104,16361
2104,0.308,43575.1,1508.28,45083.9,8108,16369
2105,0.435,88067,1417.99,89485.6,8116,16385
2106,0.457,46322.9,6270.38,52593.9,8120,16393
2107,0.565,120970,1624.9,122595,8130,16413
2108,0.59,221007,7408.11,228416,8148,16449
2109,0.668,81405.7,7509.31,88915.9,8154,16461
2110,0.651,0.086,16648.2,16649.1,8154,16461
2111,0.989,144156,7624.8,151782,8164,16481
2112,0.722,153591,7387.6,160979,8176,16505
2113,0.646,21755.4,8988.58,30744.8,8178,16509
2114,0.465,90688.7,1690.13,92379.5,8186,16525
2115,3239.99,21048.8,8771.85,33060.9,8188,16529
2116,0.575,257243,6178.54,263422,8210,16573
2117,2264.64,55800.4,1978.47,60043.8,8214,16581
2118,0.736,40951.4,1905.04,42857.4,8217,16588
2119,0.948,0.114,11360.1,11361.4,8217,16588
2120,0.58,54315.6,1841.54,56157.9,8221,16596
2121,0.603,134782,7393.98,142176,8231,16616
2122,3903.52,23274.7,9522.13,36700.6,8233,16620
2123,0.637,116814,6726.59,123541,8241,16636
2124,0.463,95625.4,1794.83,97420.9,8249,16652
2125,0.597,101885,7245.93,109132,8257,16668
2126,0.745,52810.9,1661.91,54473.7,8261,16676
2127,0.536,19289.4,7931.62,27221.7,8263,16680
2128,0.653,95651.6,7528.77,103181,8271,16696
2129,0.724,53033.2,1812.17,54846.3,8275,16704
2130,0.776,79152.9,6245.28,85399.1,8281,16716
2131,0.502,97039.7,6217.89,103258,8289,16732
2132,1.151,77000.4,7406.58,84408.4,8295,16744
2133,0.547,52066.5,1778.4,53845.6,8299,16752
2134,0.624,134330,6976.41,141307,8309,16772
2135,0.738,76059.8,7550.65,83611.5,8315,16784
2136,0.691,269399,6957.77,276358,8335,16824
2137,0.71,96337,6355.19,102693,8343,16840
2138,0.568,0.213,15407.5,15408.5,8343,16840
2139,0.42,99908.9,6478.9,106388,8351,16856
2140,0.544,19223.8,8072.77,27297.3,8353,16860
2141,0.508,168574,7522.42,176097,8367,16888
2142,0.716,22806.7,9263.88,32071.5,8369,16892
2143,0.287,168372,8030.56,176403,8381,16916
2144,0.762,54625.2,7460.59,62086.7,8385,16924
2145,0.754,0.209,16452.9,16454,8385,16924
2146,0.359,54157.6,8608.93,62767.1,8389,16932
2147,3528.64,19072.3,8083.03,30684.1,8391,16936
2148,0.419,45700.7,7772.67,53474,8395,16944
2149,1.192,0.299,17782.1,17783.9,8395,16944
2150,1.209,52207,1794.35,54002.7,8399,16952
2151,0.738,0.147,11502.3,11503.4,8399,16952
2152,1.122,19660.5,8144.04,27805.8,8401,16956
2153,2573.91,19466.4,8038.11,30078.7,8403,16960
2154,0.594,46461.7,1570.24,48032.6,8407,16968
2155,0.43,72908.4,1672.92,74581.9,8413,16980
2156,3056.5,21760.4,8890.87,33708.1,8415,16984
2157,0.458,140722,7158.24,147881,8427,17008
2158,0.394,256711,7768.18,264479,8445,17044
2159,0.761,88104.3,7907.66,96012.9,8451,17056
2160,0.677,109048,7500.18,116549,8459,17072
2161,0.629,134292,7858.98,142152,8469,17092
2162,0.63,77077.3,7287.43,84365.6,8475,17104
2163,0.624,162625,7630.93,170257,8487,17128
2164,3759.91,23069.6,9325.88,36155.7,8489,17132
2165,2176.09,22627.7,9482.67,34286.8,8491,17136
2166,1894.39,23445.9,9592.08,34932.6,8493,17140
2167,0.734,54939.5,7444.44,62384.9,8497,17148
2168,0.626,0.142,18043.2,18044.1,8497,17148
2169,0.416,22568.2,9457.52,32026.4,8499,17152
2170,0.595,109558,7694.14,117252,8507,17168
2171,2719.55,23132.7,9814.59,35667.1,8509,17172
2172,0.568,57020.5,1998.2,59019.5,8513,17180
2173,0.712,56376.9,7734.68,64112.5,8517,17188
2174,0.705,88888.9,7295.33,96185.1,8523,17200
2175,0.497,186111,6651.22,192763,8537,17228
2176,2816.24,22841.6,9338.39,34996.4,8539,17232
2177,0.604,109427,7426.76,116854,8547,17248
2178,0.503,78040.2,7682.13,85723,8553,17260
2179,0.517,76204.6,7407.95,83613.2,8559,17272
2180,0.474,84992.8,7180.18,92173.6,8565,17284
2181,0.512,131304,7683.6,138988,8575,17304
2182,0.576,243857,7723.48,251581,8593,17340
2183,0.638,81433.7,7533.15,88967.8,8599,17352
2184,0.659,23020.7,9507.3,32528.8,8601,17356
2185,0.531,195761,1891.6,197653,8615,17384
2186,0.574,94759.5,6379.07,101139,8623,17400
2187,0.394,0.105,14678.9,14679.6,8623,17400
2188,0.411,127578,6414.78,133993,8633,17420
2189,0.393,232634,7290.62,239926,8651,17456
2190,0.552,254624,7472.63,262097,8669,17492
2191,0.676,234277,7782.8,242061,8685,17524
2192,3336.31,20000.8,8382.06,31719.4,8687,17528
2193,0.563,171942,6440.48,178383,8701,17556
2194,0.474,94833.6,6542.58,101377,8709,17572
2195,0.441,84408.7,7698.7,92108,8715,17584
2196,0.591,22960.4,9596.4,32557.6,8717,17588
2197,0.631,89384.8,7654.52,97040.2,8723,17600
2198,0.548,51322.5,6946.69,58269.9,8727,17608
2199,0.64,173176,6478.93,179656,8741,17636
2200,0.994,245184,8152.92,253338,8759,17672
2201,0.638,113391,1642.64,115034,8767,17688
2202,0.502,99062.1,6711.12,105774,8775,17704
2203,0.495,20137.8,8534.55,28673,8777,17708
2204,0.636,51668,8451.56,60120.5,8781,17716
2205,0.461,195620,6580.73,202201,8795,17744
2206,0.53,150710,6973.66,157685,8807,17768
2207,3476.31,24387.7,9901.46,37765.7,8809,17772
2208,0.543,117170,7923.92,125094,8817,17788
2209,2844.15,55377.2,7735.4,65957,8821,17796
2210,0.673,0.178,17628.5,17629.5,8821,17796
2211,0.469,164569,7905.47,172475,8833,17820
2212,0.7,207795,7874.87,215671,8849,17852
2213,0.545,0.271,13626.1,13627.2,8849,17852
2214,0.609,83109.3,2003.35,85113.4,8855,17864
2215,0.509,0.14,18120.9,18121.8,8855,17864
2216,0.511,0.208,18171.9,18172.8,8855,17864
2217,0.523,128052,6808.5,134862,8865,17884
2218,0.547,48536.6,6760.4,55297.8,8869,17892
2219,0.489,0.456,11972,11973.2,8869,17892
2220,0.543,213256,6979.63,220237,8885,17924
2221,0.574,74756.2,6858.1,81615,8891,17936
2222,0.587,0.097,15374.3,15375.2,8891,17936
2223,0.409,48648,1741.55,50390.1,8895,17944
2224,0.419,75876.6,1791.33,77668.5,8901,17956
2225,0.684,20539.1,8461.9,29001.9,8903,17960
2226,0.567,48487.7,1648.77,50137.2,8907,17968
2227,0.362,146524,7604.25,154129,8917,17988
2228,0.638,24019,9808.55,33828.4,8919,17992
2229,0.8,89561.7,7851.65,97414.3,8925,18004
2230,0.668,83760.6,8226.66,91988.1,8931,18016
2231,0.561,85339.2,7969.3,93309.2,8937,18028
2232,0.558,59477.6,7904.05,67382.4,8941,18036
2233,1.14,192902,6632.96,199537,8957,18068
2234,1.073,51930.9,1685.28,53617.4,8961,18076
2235,0.546,0.196,15394.9,15395.9,8961,18076
2236,0.466,20209.3,8408.32,28618.3,8963,18080
2237,0.574,109550,8037.37,117588,8971,18096
2238,0.827,139927,1998.59,141927,8981,18116
2239,0.654,93164.1,2067.53,95232.5,8987,18128
2240,0.761,58584.7,1932.69,60518.3,8991,18136
2241,0.599,237841,8084.97,245928,9007,18168
2242,0.602,211460,6773.33,218235,9023,18200
2243,0.554,20265.6,8501.09,28767.5,9025,18204
2244,0.292,20897.8,8831.11,29729.4,9027,18208
2245,0.378,164944,7699.54,172644,9039,18232
2246,0.527,55935.2,7778.7,63714.6,9043,18240
2247,0.674,23742.7,8016.82,31760.3,9045,18244
2248,3020.41,23871.1,9817.15,36708.9,9047,18248
2249,0.895,243011,7893.96,250906,9063,18280
2250,2846.79,20682.1,8567.13,32096.2,9065,18284
2251,0.471,99632,6928.54,106561,9073,18300
2252,2245.44,50564.9,1763.52,54574,9077,18308
2253,0.417,133825,6980.85,140806,9087,18328
2254,0.614,50026.9,6999.8,57027.5,9091,18336
2255,2504.84,23845.4,9961.37,36311.8,9093,18340
2256,0.679,169114,7762.85,176877,9105,18364
2257,0.706,54871.2,7593.4,62465.5,9109,18372
2258,0.622,112850,7871.24,120722,9117,18388
2259,0.715,53049.3,1775.58,54825.7,9121,18396
2260,0.687,71757.5,6778.95,78537.3,9127,18408
2261,0.538,138976,8227.21,147204,9137,18428
2262,0.789,265462,1948.53,267411,9155,18464
2263,0.776,147605,2025.52,149631,9165,18484
2264,0.591,0.079,16144.9,16145.8,9165,18484
2265,1.64,113878,7869.32,121749,9173,18500
2266,0.504,92424.3,2056,94481,9179,18512
2267,0.645,0.184,18515.1,18516.2,9179,18512
2268,0.549,0.509,19048,19049.3,9179,18512
2269,0.634,230336,8162.61,238500,9195,18544
2270,0.749,77756.1,1638.27,79395.3,9201,18556
2271,0.385,210876,6997.1,217873,9217,18588
2272,0.592,164225,8342.27,172568,9229,18612
2273,0.547,124688,7947.53,132637,9237,18628
2274,3648.7,21351.4,8691.29,33691.6,9239,18632
2275,0.551,183461,7001.21,190463,9253,18660
2276,1.234,119109,1986.27,121097,9261,18676
2277,0.439,342744,7043.77,349789,9287,18728
2278,0.451,256071,7863.34,263935,9305,18764
2279,0.605,56586.3,7691.81,64278.9,9309,18772
2280,3939.78,20725.6,8841.88,33507.4,9311,18776
2281,0.453,129625,1743.02,131369,9321,18796
2282,0.447,274553,8620.04,283174,9341,18836
2283,0.822,0.173,14583,14584.2,9341,18836
2284,0.44,24412,10658.3,35070.9,9343,18840
2285,4248.5,94816.9,2157.46,101223,9349,18852
2286,0.52,61304.5,8394.86,69700.1,9353,18860
2287,0.556,220333,8459.6,228793,9367,18888
2288,0.763,117997,8171.03,126169,9375,18904
2289,0.551,124694,7342.79,132037,9383,18920
2290,0.695,21873.2,9477.82,31351.9,9385,18924
2291,0.549,81826.2,1846.89,83673.8,9391,18936
2292,0.365,104413,8271.32,112685,9399,18952
2293,0.487,21641,10935.2,32576.9,9401,18956
2294,0.402,85568.7,2005.83,87575.1,9407,18968
2295,0.622,24410.7,10054.3,34465.9,9409,18972
2296,0.606,60298.4,8255.81,68555,9413,18980
2297,3682.73,21558.4,8464,33705.3,9415,18984
2298,1925.93,21909.6,8958.3,32794,9417,18988
2299,0.531,0.168,15945.6,15946.5,9417,18988
2300,3162.36,25682.2,10277.9,39122.7,9419,18992
2301,0.7,95023.5,8450.3,103475,9425,19004
2302,0.567,278839,7435,286275,9443,19040
2303,0.65,110715,1763.36,112480,9451,19056
2304,0.568,128087,7175.33,135263,9461,19076
2305,0.464,199913,8027.35,207941,9475,19104
2306,0.701,294742,7043.19,301786,9495,19144
2307,0.674,51317.6,1746.09,53064.6,9499,19152
2308,0.459,177439,6954.56,184395,9513,19180
2309,0.426,20967.2,8774.83,29742.6,9515,19184
2310,0.492,58060.5,2154.24,60215.7,9519,19192
2311,3389.15,24520.5,9974.93,37884.9,9521,19196
2312,0.615,0.162,16377.7,16378.7,9521,19196
2313,0.585,58459.6,2063.01,60523.4,9525,19204
2314,0.551,58887.3,8200.94,67089,9529,19212
2315,0.529,212801,7337.12,220139,9543,19240
2316,3002.91,24496.6,10016.6,37516.4,9545,19244
2317,0.592,0.305,17989.4,17990.5,9545,19244
2318,0.259,150835,8405.16,159241,9555,19264
2319,0.695,117309,1990.07,119300,9563,19280
2320,0.489,163734,7183.46,170918,9575,19304
2321,0.5,200992,8671.61,209665,9589,19332
2322,0.524,0.175,19025.8,19026.7,9589,19332
2323,0.585,123868,8409.89,132279,9597,19348
2324,0.544,89016.8,8864.91,97882.5,9603,19360
2325,0.515,121422,8008.26,129431,9611,19376
2326,0.687,23339.4,9212.88,32553.1,9613,19380
2327,0.502,211616,1749.1,213366,9629,19412
2328,0.63,51745.4,7290.39,59036.6,9633,19420
2329,0.444,78760.8,8358.67,87120.1,9639,19432
2330,0.6,149204,2173.15,151378,9649,19452
2331,0.589,100232,2149.59,102383,9655,19464
2332,4396.36,26220.9,11215.3,41832.8,9657,19468
2333,0.812,0.204,20088.6,20089.8,9657,19468
2334,0.578,125910,2100.77,128012,9665,19484
2335,0.637,223478,8400.9,231880,9679,19512
2336,3157.26,60697.8,8298.7,72154,9683,19520
2337,0.64,125693,8636.9,134330,9691,19536
2338,0.763,63215,8720.4,71936.4,9695,19544
2339,0.677,125736,8617,134354,9703,19560
2340,0.509,26314.4,10900.4,37215.5,9705,19564
2341,0.571,124022,8892.25,132915,9713,19580
2342,0.688,121411,7698.15,129110,9721,19596
2343,0.694,230385,8203.72,238590,9737,19628
2344,0.67,173400,2119.74,175521,9749,19652
2345,0.869,62146,2165.66,64312.8,9753,19660
2346,0.55,92540,9097.94,101639,9759,19672
2347,0.72,253315,7424.36,260740,9775,19704
2348,0.579,139017,7624.84,146642,9785,19724
2349,0.667,145684,7470.04,153155,9795,19744
2350,1.2,125241,2068.89,127311,9803,19760
2351,0.732,95935.1,2184.03,98120.1,9809,19772
2352,0.723,64748.7,2156.29,66905.9,9813,19780
2353,0.604,64548.2,2251.85,66800.9,9817,19788
2354,1.3,126300,8935.66,135237,9825,19804
2355,0.591,157603,2024.71,159629,9835,19824
2356,0.534,188493,8742.33,197236,9847,19848
2357,0.638,91855,2146.09,94001.9,9853,19860
2358,0.707,288544,8916.8,297462,9871,19896
2359,0.872,26370.2,10671.2,37042.6,9873,19900
2360,0.552,133223,8619.29,141843,9881,19916
2361,0.561,64056.2,9125.21,73182.2,9885,19924
2362,0.594,25479.4,10654.2,36134.4,9887,19928
2363,0.683,62312.8,2123.49,64437.2,9891,19936
2364,0.579,97571,7571.23,105143,9897,19948
2365,0.685,22713.9,10546.6,33261.3,9899,19952
2366,0.85,28108.3,11397.8,39507.2,9901,19956
2367,0.384,0.209,16818.7,16819.5,9901,19956
2368,1.36,158018,8170.46,166189,9911,19976
2369,0.637,57116.2,7903.76,65020.8,9915,19984
2370,0.612,112975,1979.24,114955,9923,20000
2371,0.778,104099,7817.16,111917,9931,20016
2372,3724.53,26703.5,10910.6,41338.9,9933,20020
2373,0.942,123611,2083.86,125696,9941,20036
2374,0.662,224045,9225.33,233271,9955,20064
2375,0.766,228768,8663.45,237432,9969,20092
2376,0.687,0.19,19312.2,19313.3,9969,20092
2377,0.854,25449.5,10446.6,35897.2,9971,20096
2378,0.778,269315,8713.87,278030,9987,20128
2379,0.72,65227.2,9206.49,74434.6,9991,20136
2380,0.622,132334,9377.88,141713,9999,20152
2381,0.631,129772,8763.43,138536,10007,20168
2382,0.726,101991,8872.86,110865,10013,20180
2383,0.638,130683,2265.55,132950,10021,20196
2384,0.649,137425,9008.5,146435,10029,20214
2385,4481.52,27298.4,11033.6,42813.8,10031,20218
2386,0.68,101639,8942.82,110583,10037,20230
2387,0.748,26576.5,11344.1,37921.5,10039,20234
2388,0.708,189094,8424.29,197519,10051,20258
2389,1.006,12023.7,7838.27,19863.1,10052,20261
2390,0.601,116997,8088.26,125086,10060,20277
2391,0.579,57953.6,1920.89,59875.2,10064,20285
2392,1.249,283932,9426.04,293359,10080,20317
2393,0.784,28674.2,11946.8,40622,10082,20321
2394,0.756,245313,7727.02,253041,10098,20353
2395,0.451,159399,2205.32,161605,10108,20373
2396,0.643,47390.3,2181.91,49573.1,10111,20380
2397,0.654,0.25,13495,13496.1,10111,20380
2398,0.724,27555.7,10700.7,38257.3,10113,20384
2399,0.671,124155,8831.24,132987,10120,20399
2400,1.454,0.255,22241.6,22243.5,10120,20399
2401,1.027,204347,9042.34,213391,10132,20423
2402,0.68,129747,2358.81,132107,10140,20439
2403,0.869,0.275,21244.2,21245.6,10140,20439
2404,0.788,0.257,20899.7,20900.9,10140,20439
2405,1.149,145307,9103.98,154412,10148,20455
2406,0.617,139761,2184.24,141946,10156,20471
2407,0.636,330643,8657.59,339301,10176,20511
2408,0.896,26489.9,10689.8,37180.8,10178,20515
2409,4025.42,23424.8,10255.6,37706,10180,20519
2410,0.594,24452.1,9810.38,34263.2,10182,20523
2411,0.632,144250,7943.12,152194,10192,20543
2412,0.526,81807.1,2025.27,83833.1,10198,20555
2413,0.45,233408,8967.13,242376,10214,20587
2414,0.692,434792,8816.21,443609,10242,20643
2415,0.544,0.204,13148.4,13149.3,10242,20643
2416,0.718,259269,7746.07,267016,10258,20675
2417,0.592,159790,9068.97,168860,10268,20695
2418,0.775,235648,9497.63,245147,10282,20723
2419,0.828,128291,8613.06,136905,10290,20739
2420,4635.39,26611.9,10895.2,42142.8,10292,20743
2421,0.805,64316.1,2175.42,66492.5,10296,20751
2422,0.583,92921.7,8798.65,101721,10302,20763
2423,0.547,232225,2325.98,234552,10316,20791
2424,0.711,28824.6,11578.1,40403.7,10318,20795
2425,4255.94,23985.3,9731.14,37972.6,10320,20799
2426,0.478,107127,8665.19,115793,10328,20815
2427,0.568,236127,10219.6,246348,10342,20843
2428,4221.08,27748.2,11347.5,43317.1,10344,20847
2429,0.857,67903.2,2308.24,70212.5,10348,20855
2430,0.616,171843,9006.21,180850,10358,20875
2431,1.085,24675,10176.3,34852.7,10360,20879
2432,0.532,143347,8209.56,151557,10370,20899
2433,3872.75,13794.2,9434.65,27101.8,10371,20902
2434,0.784,277819,9177.57,286997,10387,20934
2435,0.892,143936,9257.04,153194,10395,20950
2436,1.066,88914.9,1943.56,90859.6,10401,20962
2437,0.645,133102,9423.53,142527,10409,20978
2438,0.656,273772,8704.49,282477,10425,21010
2439,4604.11,28618.8,11939.5,45162.8,10427,21014
2440,0.896,210019,10034.1,220055,10439,21038
2441,0.67,239664,9060.74,248725,10453,21066
2442,0.702,150037,8269.24,158307,10463,21086
2443,0.376,115675,1990.74,117666,10471,21102
2444,0.486,212422,9200.42,221623,10483,21126
2445,4389.32,27242.8,11181.4,42813.7,10485,21130
2446,0.523,193835,8849.82,202686,10497,21154
2447,0.511,92639.7,9082.72,101723,10503,21166
2448,0.527,171776,9474.5,181252,10513,21186
2449,0.806,291234,9676.72,300912,10531,21222
2450,1.391,176859,9486.56,186347,10541,21242
2451,0.527,228338,7885.82,236224,10555,21270
2452,0.718,116021,1947.51,117969,10563,21286
2453,4210.04,27679.6,11534.9,43424.7,10565,21290
2454,0.458,95608.1,9118.38,104727,10571,21302
2455,0.64,97282.9,9221.57,106505,10577,21314
2456,0.59,0.122,21274,21274.9,10577,21314
2457,0.438,234290,9009.02,243299,10591,21342
2458,1.244,219845,10042,229888,10603,21366
2459,0.529,66855.1,2255.7,69111.5,10607,21374
2460,0.686,330223,7922.02,338146,10627,21414
2461,0.494,116296,1979.35,118276,10635,21430
2462,0.478,104985,2259.55,107245,10641,21442
2463,0.488,0.158,19056.5,19057.4,10641,21442
2464,0.608,66435.3,9093.58,75529.8,10645,21450
2465,0.662,104549,2173.51,106724,10651,21462
2466,0.593,101794,2248.24,104043,10657,21474
2467,0.589,27205,11776.5,38982.3,10659,21478
2468,0.465,175483,9680.55,185165,10669,21498
2469,0.409,292986,8643.44,301630,10687,21534
2470,0.568,0.109,17194.4,17195.2,10687,21534
2471,0.415,59618.5,7999.02,67618.1,10691,21542
2472,0.516,150318,8164.45,158483,10701,21562
2473,0.928,67748.6,9611.88,77361.7,10705,21570
2474,0.522,99786.3,2360.45,102147,10711,21582
2475,0.645,141900,9881.85,151783,10719,21598
2476,0.503,227519,8105.29,235625,10733,21626
2477,0.466,147941,2348.68,150290,10743,21646
2478,0.44,211802,9290.43,221093,10755,21670
2479,3724.9,14190,9528.84,27444,10756,21673
2480,0.644,28031.1,11728.6,39760.5,10758,21677
2481,1.123,108142,2483.45,110627,10764,21689
2482,1.178,255855,8278.93,264135,10780,21721
2483,0.472,24386.8,10495.5,34883,10782,21725
2484,0.385,28051.1,11666,39717.6,10784,21729
2485,0.541,202772,9393.69,212167,10796,21753
2486,0.637,285873,9675.62,295550,10812,21785
2487,0.578,255228,8184.52,263413,10828,21817
2488,0.715,219632,8258.03,227890,10842,21845
2489,1.576,30223,12178.5,42403.3,10844,21849
2490,0.613,283971,8275.89,292247,10860,21881
2491,10.571,152995,10217,163222,10870,21901
2492,0.529,311661,9406.55,321068,10888,21937
2493,0.672,69082.5,2255.59,71338.9,10892,21945
2494,0.591,175067,9252.9,184321,10902,21965
2495,0.57,102226,2219.25,104446,10908,21977
2496,0.559,315410,9851.84,325263,10926,22013
2497,0.652,148927,9998.62,158926,10934,22029
2498,0.769,30373.1,12445.6,42819.7,10936,22033
2499,0.591,75683.5,2339.62,78023.9,10940,22041
2500,1.322,110591,9718.03,120310,10946,22053
2501,0.54,187445,10084.2,197530,10956,22073
2502,0.441,0.295,22298.5,22299.4,10956,22073
2503,0.6,74607.5,2546.25,77154.5,10960,22081
2504,0.62,30985.8,12818.4,43805.1,10962,22085
2505,3888.91,31517.2,12794.4,48200.7,10964,22089
2506,0.43,162099,10151.1,172251,10972,22105
2507,0.631,121314,10289.3,131604,10978,22117
2508,0.775,233935,10395.4,244331,10990,22141
2509,0.688,117316,2552.24,119869,10996,22153
2510,3431.1,75237,2496.71,81165.1,11000,22161
2511,0.64,123295,10482.4,133779,11006,22173
