iteration,find_best_us,split_us,update_info_us,total_us,active_faces,n_vertices,cascade_activations,faces_created,edges_created,add_face_calls,update_info_calls
0,5.195,22152.8,0.686,22158.8,5,16,1,36,32,18,22
1,0.224,11820.9,1.005,11822.2,9,26,2,48,44,24,27
2,0.31,15483.5,0.975,15484.8,17,44,4,96,84,48,54
3,0.289,14755.3,14.797,14770.5,22,55,2,60,52,30,36
4,0.319,5898.65,14.947,5914,30,73,4,96,84,48,60
5,4.421,5670.85,16.283,5691.66,32,77,0,24,20,12,16
6,0.538,7172.52,14.443,7187.6,48,109,7,192,160,96,113
7,0.336,3644.09,1.743,3646.29,57,128,4,108,92,54,60
8,0.541,330.323,16.996,347.999,58,131,0,12,12,6,9
9,7.167,1368.7,27.757,1403.77,60,135,0,24,20,12,16
10,0.346,2553.2,24.101,2577.78,68,151,3,96,80,48,58
11,11.546,277.226,18.07,306.958,70,155,0,24,20,12,16
12,0.082,252.271,13.533,265.982,71,158,0,12,12,6,9
13,0.094,0.062,18.885,25.76,71,158,0,0,0,0,5
14,5.99,1631.93,18.927,1656.96,72,161,0,12,12,6,9
15,0.492,1432.84,1.816,1435.27,75,168,1,36,32,18,22
16,0.276,0.156,25.877,26.392,75,168,0,0,0,0,5
17,9.327,705.178,3.411,718.136,78,175,1,36,32,18,21
18,0.4,0.065,32.369,32.923,78,175,0,0,0,0,5
19,9.924,4344.78,20.516,4375.32,84,187,2,72,60,36,43
20,0.397,6340.97,35.369,6376.84,92,205,4,96,84,48,60
21,0.447,3750.36,19.759,3770.66,104,229,5,144,120,72,89
22,0.555,3751.76,23.03,3775.49,113,248,4,108,92,54,66
23,0.292,231.144,22.142,253.675,114,251,0,12,12,6,9
24,0.222,1825.47,3.419,1829.32,117,258,1,36,32,18,22
25,0.296,2523.16,3.334,2526.92,125,274,3,96,80,48,55
26,14.282,942.319,37.118,993.857,127,278,0,24,20,12,16
27,0.542,1409.11,31.045,1440.8,134,293,3,84,72,42,52
28,0.409,858.124,26.773,885.438,135,296,0,12,12,6,9
29,17.608,509.811,27.946,555.458,137,300,0,24,20,12,16
30,0.492,1134.78,24.232,1159.63,143,312,2,72,60,36,47
31,0.484,1780.2,22.41,1803.22,151,328,3,96,80,48,62
32,0.397,0.034,47.13,47.655,151,328,0,0,0,0,8
33,0.054,162.164,32.495,194.813,153,332,0,24,20,12,16
34,0.095,1610.05,4.104,1614.33,159,344,2,72,60,36,43
35,0.362,524.576,30.293,555.36,163,352,1,48,40,24,31
36,0.389,0.058,84.708,85.272,163,352,0,0,0,0,8
37,0.054,387.717,43.033,430.931,165,356,0,24,20,12,16
38,0.363,0.035,43.081,43.567,165,356,0,0,0,0,6
39,0.055,0.07,58.888,59.099,165,356,0,0,0,0,8
40,0.062,0.078,43.306,43.534,165,356,0,0,0,0,6
41,19.099,293.73,28.022,340.954,166,359,0,12,12,6,9
42,0.121,0.042,39.384,39.635,166,359,0,0,0,0,5
43,0.05,0.032,31.296,31.465,166,359,0,0,0,0,5
44,0.049,0.032,38.121,38.289,166,359,0,0,0,0,6
45,0.048,0.032,32.472,32.64,166,359,0,0,0,0,5
46,0.05,0.031,32.195,32.364,166,359,0,0,0,0,5
47,0.05,0.105,42.131,42.373,166,359,0,0,0,0,6
48,0.049,0.033,32.066,32.236,166,359,0,0,0,0,5
49,0.07,854.693,32.36,887.231,170,367,1,48,40,24,31
50,0.97,0.194,120.724,122.043,170,367,0,0,0,0,6
51,0.09,0.037,43.76,43.986,170,367,0,0,0,0,4
52,0.054,272.33,37.305,309.786,172,371,0,24,20,12,16
53,0.157,0.096,40.417,40.822,172,371,0,0,0,0,5
54,0.051,0.036,35.773,35.954,172,371,0,0,0,0,5
55,0.046,1079.25,5.509,1084.92,177,382,2,60,52,30,36
56,0.503,0.169,68.349,69.125,177,382,0,0,0,0,7
57,0.057,1411.54,7.003,1418.69,183,394,2,72,60,36,40
58,0.252,1130.44,46.314,1177.17,188,405,2,60,52,30,36
59,28.802,559.86,48.021,636.803,190,409,0,24,20,12,16
60,0.167,942.25,35.985,978.496,194,417,1,48,40,24,31
61,0.627,1179.68,7.107,1187.52,199,428,2,60,52,30,36
62,54.824,924.953,38.678,1018.67,201,432,0,24,20,12,16
63,0.313,1100.56,32.098,1133.09,207,444,2,72,60,36,47
64,0.301,0.034,61.912,62.349,207,444,0,0,0,0,8
65,0.058,0.177,46.599,46.945,207,444,0,0,0,0,4
66,0.103,0.035,45.409,45.649,207,444,0,0,0,0,5
67,0.079,1038.56,9.828,1048.6,211,452,1,48,40,24,28
68,0.355,0.064,60.26,60.853,211,452,0,0,0,0,5
69,0.055,0.076,54.823,55.14,211,452,0,0,0,0,5
70,0.058,2745.38,37.224,2782.79,221,472,4,120,100,60,74
71,28.065,343.237,44.394,415.804,223,476,0,24,20,12,16
72,0.297,1237.63,34.195,1272.26,229,488,2,72,60,36,47
73,0.499,1228.79,6.102,1235.51,234,499,2,60,52,30,36
74,0.416,557.568,50.506,608.621,236,503,0,24,20,12,16
75,0.316,185.45,46.261,232.122,238,507,0,24,20,12,16
76,0.053,194.996,51.661,246.809,240,511,0,24,20,12,16
77,0.145,0.054,63.997,64.302,240,511,0,0,0,0,6
78,0.141,0.033,80.237,80.506,240,511,0,0,0,0,8
79,0.049,0.031,71.543,71.718,240,511,0,0,0,0,8
80,0.048,0.032,61.254,61.428,240,511,0,0,0,0,6
81,0.048,0.033,36.623,36.801,240,511,0,0,0,0,4
82,0.052,0.251,69.295,69.699,240,511,0,0,0,0,7
83,29.653,1513.49,9.369,1552.62,244,519,1,48,40,24,28
84,0.495,1222.03,44.729,1267.35,250,531,2,72,60,36,47
85,0.341,0.035,86.627,87.113,250,531,0,0,0,0,8
86,0.058,0.081,86,86.231,250,531,0,0,0,0,8
87,0.054,0.089,64.378,64.614,250,531,0,0,0,0,6
88,0.052,0.034,42.611,42.792,250,531,0,0,0,0,4
89,0.053,0.034,43.212,43.393,250,531,0,0,0,0,4
90,0.054,1858.66,37.882,1896.7,258,547,3,96,80,48,58
91,0.242,967.828,6.018,974.202,262,555,1,48,40,24,28
92,0.321,0.036,100.967,101.441,262,555,0,0,0,0,8
93,0.067,248.724,54.439,303.327,264,559,0,24,20,12,16
94,0.114,0.034,91.853,92.093,264,559,0,0,0,0,8
95,0.058,237.39,53.132,290.673,266,563,0,24,20,12,16
96,0.057,1186.17,40.678,1227.02,272,575,2,72,60,36,47
97,0.416,155.62,48.39,204.527,274,579,0,24,20,12,16
98,0.058,0.187,71.671,72.018,274,579,0,0,0,0,6
99,0.065,624.262,57.676,682.226,276,583,0,24,20,12,16
100,0.892,1513.98,43.004,1558.04,284,599,3,96,80,48,62
101,0.272,0.037,85.721,86.232,284,599,0,0,0,0,8
102,0.059,273.891,53.811,327.863,286,603,0,24,20,12,16
103,0.113,198.771,54.045,253.029,288,607,0,24,20,12,16
104,0.051,951.275,37.63,989.086,292,615,1,48,40,24,31
105,0.366,1272.12,8.725,1281.31,298,627,2,72,60,36,40
106,0.361,0.04,77.75,78.314,298,627,0,0,0,0,5
107,0.057,400.955,10.573,411.679,301,634,1,36,32,18,21
108,0.151,1367,38.551,1405.83,307,646,2,72,60,36,47
109,0.442,202.369,45.074,247.966,309,650,0,24,20,12,16
110,0.097,0.102,97.616,97.897,309,650,0,0,0,0,8
111,0.097,0.041,47.716,47.939,309,650,0,0,0,0,4
112,205.213,296.502,54.102,555.984,311,654,0,24,20,12,16
113,0.176,0.044,56.747,57.056,311,654,0,0,0,0,5
114,0.063,0.077,66.057,66.324,311,654,0,0,0,0,5
115,0.103,1368.08,47.509,1415.79,315,662,1,48,40,24,31
116,0.305,1794.14,56.936,1851.49,322,677,3,84,72,42,55
117,0.367,0.044,90.674,91.18,322,677,0,0,0,0,8
118,0.056,1553.33,47.139,1600.72,330,693,3,96,80,48,62
119,0.491,0.067,126.53,127.195,330,693,0,0,0,0,8
120,0.114,0.033,53.954,54.207,330,693,0,0,0,0,4
121,0.073,853.678,7.397,861.258,334,701,1,48,40,24,28
122,0.442,0.033,87.25,87.856,334,701,0,0,0,0,6
123,0.056,204.67,59.8,264.619,336,705,0,24,20,12,16
124,45.182,367.763,52.601,465.663,338,709,0,24,20,12,16
125,0.197,1564.35,10.522,1575.18,344,721,2,72,60,36,40
126,0.515,942.326,48.938,991.88,350,733,2,72,60,36,47
127,0.528,206.126,63.424,270.184,352,737,0,24,20,12,16
128,0.063,603.086,67.086,670.347,354,741,0,24,20,12,16
129,0.441,1528.92,12.689,1542.17,358,749,1,48,40,24,28
130,0.411,1918.9,58.245,1977.66,365,764,3,84,72,42,52
131,0.399,0.037,104.379,104.916,365,764,0,0,0,0,8
132,0.059,0.034,54.412,54.606,365,764,0,0,0,0,4
133,55.919,149.278,45.049,250.368,366,767,0,12,12,6,9
134,0.226,1504.61,37.896,1542.85,374,783,3,96,80,48,59
135,0.652,918.726,51.774,971.302,378,791,1,48,40,24,31
136,0.523,0.037,89.174,89.835,378,791,0,0,0,0,6
137,0.066,298.91,62.592,361.746,380,795,0,24,20,12,16
138,0.169,0.116,104.31,104.699,380,795,0,0,0,0,8
139,0.068,0.099,58.879,59.19,380,795,0,0,0,0,4
140,57,851.861,75.044,984.026,382,799,0,24,20,12,16
141,0.393,0.14,119.689,120.319,382,799,0,0,0,0,8
142,0.055,538.542,45.529,584.321,386,807,1,48,40,24,31
143,0.099,0.054,68.954,69.202,386,807,0,0,0,0,5
144,0.124,235.36,64.24,299.825,388,811,0,24,20,12,16
145,0.109,0.079,68.324,68.607,388,811,0,0,0,0,4
146,0.049,0.033,87.761,87.94,388,811,0,0,0,0,6
147,0.049,0.031,80.731,80.906,388,811,0,0,0,0,6
148,0.048,714.823,45.647,760.61,392,819,1,48,40,24,31
149,0.184,935.568,56.861,992.702,396,827,1,48,40,24,31
150,0.923,995.693,58.879,1055.68,400,835,1,48,40,24,31
151,0.218,881.265,73.943,955.531,404,843,1,48,40,24,31
152,0.442,861.032,57.256,918.825,410,855,2,72,60,36,43
153,0.114,0.253,82.975,83.444,410,855,0,0,0,0,4
154,0.052,607.066,51.611,658.821,414,863,1,48,40,24,31
155,0.123,1334.16,10.983,1345.36,420,875,2,72,60,36,43
156,0.554,1485.67,71.986,1558.32,426,887,2,72,60,36,43
157,55.261,164.179,62.098,281.664,427,890,0,12,12,6,9
158,0.088,0.045,89.439,89.675,427,890,0,0,0,0,5
159,0.052,995,50.239,1045.41,431,898,1,48,40,24,31
160,0.41,0.076,62.436,63.008,431,898,0,0,0,0,4
161,0.049,1699.4,64.001,1763.54,439,914,3,96,80,48,62
162,0.391,312.08,70.583,383.162,441,918,0,24,20,12,16
163,0.679,401.262,83.361,485.486,443,922,0,24,20,12,16
164,0.148,719.311,86.992,806.542,445,926,0,24,20,12,16
165,0.347,0.048,131.508,132.068,445,926,0,0,0,0,8
166,0.113,0.034,78.441,83.792,445,926,0,0,0,0,4
167,0.106,0.034,132.754,132.987,445,926,0,0,0,0,8
168,0.052,274.783,80.224,355.275,447,930,0,24,20,12,16
169,0.108,1584.52,84.308,1669.06,453,942,2,72,60,36,43
170,0.552,1067.08,58.003,1125.75,459,954,2,72,60,36,47
171,0.207,560.595,115.247,676.197,461,958,0,24,20,12,16
172,0.329,1248.15,57.315,1305.92,469,974,3,96,80,48,59
173,0.239,1052.3,52.886,1105.59,473,982,1,48,40,24,31
174,0.431,556.046,50.822,607.439,477,990,1,48,40,24,31
175,0.102,624.321,94.595,719.115,479,994,0,24,20,12,16
176,0.408,0.053,179.332,179.971,479,994,0,0,0,0,8
177,0.108,296.215,95.268,391.693,481,998,0,24,20,12,16
178,0.067,709.213,15.555,724.938,485,1006,1,48,40,24,28
179,0.134,1263.44,58.764,1322.43,491,1018,2,72,60,36,47
180,0.327,0.032,99.154,99.601,491,1018,0,0,0,0,6
181,0.093,1752.07,54.005,1806.35,499,1034,3,96,80,48,58
182,0.287,214.873,76.953,292.234,501,1038,0,24,20,12,16
183,0.098,324.833,66.8,391.822,503,1042,0,24,20,12,16
184,0.101,545.988,138.297,684.474,505,1046,0,24,20,12,16
185,0.416,412.124,100.536,513.17,507,1050,0,24,20,12,16
186,0.198,248.601,79.392,328.284,509,1054,0,24,20,12,16
187,0.122,1352.49,19.429,1372.17,515,1066,2,72,60,36,40
188,0.289,0.135,59.83,60.369,515,1066,0,0,0,0,3
189,0.062,844.083,58.05,902.289,521,1078,2,72,60,36,47
190,0.138,564.913,95.874,661.006,523,1082,0,24,20,12,16
191,0.347,608.166,61.078,669.692,527,1090,1,48,40,24,31
192,0.103,0.118,145.935,146.236,527,1090,0,0,0,0,8
193,0.056,238.327,72.011,310.474,529,1094,0,24,20,12,16
194,0.087,883.23,65.27,948.667,535,1106,2,72,60,36,43
195,0.099,213.045,74.011,287.236,537,1110,0,24,20,12,16
196,56.758,321.98,77.458,456.29,539,1114,0,24,20,12,16
197,0.177,2169.25,69.946,2239.5,549,1134,4,120,100,60,77
198,0.426,1346.75,77.194,1424.6,553,1142,1,48,40,24,31
199,0.294,1077.4,71.742,1149.54,559,1154,2,72,60,36,43
200,1.174,731.961,110.362,843.652,561,1158,0,24,20,12,16
201,0.284,0.037,145.233,145.646,561,1158,0,0,0,0,8
202,0.105,2182.52,86.822,2269.57,569,1174,3,96,80,48,58
203,0.408,1277.63,73.7,1351.86,575,1186,2,72,60,36,47
204,0.256,647.966,131.979,780.468,577,1190,0,24,20,12,16
205,0.442,1610.95,93.512,1705.07,583,1202,2,72,60,36,46
206,0.42,0.069,189.431,190.033,583,1202,0,0,0,0,8
207,0.104,713.122,117.84,831.336,585,1206,0,24,20,12,16
208,0.456,0.075,144.166,144.793,585,1206,0,0,0,0,7
209,0.055,1159.64,22.443,1182.27,591,1218,2,72,60,36,43
210,0.23,634.389,136.09,770.825,593,1222,0,24,20,12,16
211,0.435,402.243,129.394,532.174,595,1226,0,24,20,12,16
212,0.177,283.228,112.434,396.102,597,1230,0,24,20,12,16
213,0.112,889.957,83.315,973.497,601,1238,1,48,40,24,31
214,0.183,210.536,102.367,313.298,602,1241,0,12,12,6,9
215,0.124,1567.42,16.858,1584.5,608,1253,2,72,60,36,43
216,0.312,0.138,170.49,171.061,608,1253,0,0,0,0,7
217,0.102,1819.28,88.315,1907.81,614,1265,2,72,60,36,47
218,0.485,850.048,28.381,879.014,618,1273,1,48,40,24,28
219,86.164,1222.48,17.15,1325.98,622,1281,1,48,40,24,28
220,0.424,1795.09,109.247,1904.9,630,1297,3,96,80,48,62
221,0.314,1145.32,77.3,1223.07,634,1305,1,48,40,24,31
222,0.414,0.034,170.967,171.512,634,1305,0,0,0,0,8
223,0.113,343.411,106.889,450.513,636,1309,0,24,20,12,16
224,0.13,0.104,84.529,84.922,636,1309,0,0,0,0,3
225,0.109,0.033,153.564,153.801,636,1309,0,0,0,0,8
226,0.072,2124.18,92.889,2217.29,644,1325,3,96,80,48,62
227,0.31,1194.79,92.639,1287.82,650,1337,2,72,60,36,43
228,0.25,1301.06,24.98,1326.43,654,1345,1,48,40,24,28
229,78.857,1577.75,33.396,1690.15,658,1353,1,48,40,24,28
230,0.365,1724.47,92.322,1817.29,664,1365,2,72,60,36,47
231,0.331,438.149,123.445,562.051,666,1369,0,24,20,12,16
232,0.157,725.087,129.163,854.539,668,1373,0,24,20,12,16
233,0.463,1239.34,86.197,1326.09,674,1385,2,72,60,36,47
234,0.177,1771.31,105.495,1877.15,680,1397,2,72,60,36,43
235,0.376,391.998,125.291,517.783,682,1401,0,24,20,12,16
236,0.115,1636.25,86.987,1723.44,688,1413,2,72,60,36,47
237,82.255,869.652,81.444,1033.46,692,1421,1,48,40,24,31
238,0.133,0.045,160.805,161.071,692,1421,0,0,0,0,8
239,0.095,0.057,123.7,123.939,692,1421,0,0,0,0,5
240,0.119,868.778,26.306,895.29,696,1429,1,48,40,24,28
241,0.144,1192.78,20.911,1213.93,700,1437,1,48,40,24,28
242,0.317,0.166,220.974,221.593,700,1437,0,0,0,0,6
243,0.106,519.234,121.635,641.069,702,1441,0,24,20,12,16
244,0.182,2342.34,117.851,2460.47,710,1457,3,96,80,48,59
245,0.38,420.442,126.04,546.965,712,1461,0,24,20,12,16
246,0.101,0.102,187.667,187.972,712,1461,0,0,0,0,7
247,0.055,385.053,126.757,511.965,714,1465,0,24,20,12,16
248,0.133,0.082,171.587,171.903,714,1465,0,0,0,0,7
249,0.051,408.967,145.801,554.92,716,1469,0,24,20,12,16
250,0.115,882.47,190.134,1072.85,718,1473,0,24,20,12,16
251,98.315,285.284,108.514,492.221,719,1476,0,12,12,6,9
252,0.137,0.219,268.572,269.055,719,1476,0,0,0,0,8
253,0.112,1523.42,26.356,1549.98,725,1488,2,72,60,36,43
254,70.087,431.777,138.011,639.98,727,1492,0,24,20,12,16
255,196.337,665.389,141.533,1003.44,729,1496,0,24,20,12,16
256,124.329,280.913,107.498,512.927,730,1499,0,12,12,6,9
257,1.361,735.417,158.513,895.53,732,1503,0,24,20,12,16
258,0.179,395.84,134.256,530.367,734,1507,0,24,20,12,16
259,0.106,0.057,186.592,186.849,734,1507,0,0,0,0,7
260,0.144,0.14,202.627,203.004,734,1507,0,0,0,0,8
261,0.05,2429.88,102.329,2532.36,742,1525,4,96,84,48,60
262,0.414,769.519,103.694,873.728,745,1532,1,36,32,18,24
263,0.169,0.15,251.604,252.025,745,1532,0,0,0,0,8
264,0.141,664.802,115.416,780.451,746,1535,0,12,12,6,9
265,88.577,450.413,122.487,661.579,748,1539,0,24,20,12,16
266,0.143,813.291,21.142,834.667,752,1547,1,48,40,24,28
267,0.108,674.432,89.868,764.511,755,1554,1,36,32,18,24
268,0.171,1660.69,24.362,1685.32,759,1562,1,48,40,24,28
269,0.497,282.489,132.314,415.403,760,1565,0,12,12,6,9
270,0.113,2419.8,123.772,2543.79,767,1580,3,84,72,42,55
271,0.373,1399.06,97.292,1496.82,773,1592,2,72,60,36,47
272,0.098,1396.64,34.943,1431.79,777,1600,1,48,40,24,28
273,0.491,0.055,202.268,202.917,777,1600,0,0,0,0,5
274,0.086,1101.41,168.013,1269.61,781,1608,1,48,40,24,31
275,0.163,363.133,154.908,518.306,783,1612,0,24,20,12,16
276,0.098,0.258,181.352,181.809,783,1612,0,0,0,0,5
277,0.052,468.046,157.003,625.202,785,1616,0,24,20,12,16
278,0.113,0.156,159.817,160.188,785,1616,0,0,0,0,5
279,0.092,1368.12,27.582,1395.92,789,1624,1,48,40,24,28
280,84.043,245.576,109.865,439.577,790,1627,0,12,12,6,9
281,0.088,0.08,169.17,169.421,790,1627,0,0,0,0,5
282,0.044,2503.83,122.166,2626.17,798,1645,4,96,84,48,60
283,0.352,0.085,173.488,174.013,798,1645,0,0,0,0,5
284,1.4,1510.61,113.254,1625.36,804,1657,2,72,60,36,47
285,90.549,870.132,187.955,1148.79,806,1661,0,24,20,12,16
286,0.336,0.067,298.208,298.704,806,1661,0,0,0,0,8
287,139.083,2438.81,28.27,2606.29,812,1673,2,72,60,36,43
288,0.353,968.102,104.323,1072.87,816,1681,1,48,40,24,31
289,0.171,0.049,199.023,199.331,816,1681,0,0,0,0,7
290,87.475,462.537,128.79,678.926,818,1685,0,24,20,12,16
291,0.174,838.393,103.127,941.796,822,1693,1,48,40,24,31
292,0.183,0.067,199.848,200.191,822,1693,0,0,0,0,8
293,0.101,2234.52,168.107,2402.82,829,1708,3,84,72,42,52
294,0.29,1033.65,29.355,1063.41,833,1716,1,48,40,24,28
295,0.179,0.266,263.2,263.745,833,1716,0,0,0,0,8
296,0.052,866.067,35.717,901.937,836,1723,1,36,32,18,21
297,533.993,862.81,234.008,1631.06,838,1727,0,24,20,12,16
298,0.422,765.573,373.964,1140.21,840,1731,0,24,20,12,16
299,0.409,513.334,182.071,695.946,842,1735,0,24,20,12,16
300,0.518,592.359,205.881,798.867,844,1739,0,24,20,12,16
301,85.595,530.409,153.251,769.366,846,1743,0,24,20,12,16
302,0.086,1680.64,128.073,1809.05,850,1751,1,48,40,24,31
303,0.531,1080.41,111.224,1192.26,854,1759,1,48,40,24,31
304,0.246,1126.33,143.361,1270.07,858,1767,1,48,40,24,31
305,467.854,1449.36,150.305,2067.64,862,1775,1,48,40,24,31
306,0.368,0.076,293.468,294.008,862,1775,0,0,0,0,8
307,0.054,503.275,174.499,677.922,864,1779,0,24,20,12,16
308,0.234,0.183,233.44,233.951,864,1779,0,0,0,0,5
309,0.107,0.064,204.075,204.339,864,1779,0,0,0,0,5
310,94.212,991.865,42.145,1128.34,867,1786,1,36,32,18,21
311,0.23,0.14,300.498,300.961,867,1786,0,0,0,0,7
312,0.087,522.999,181.905,705.114,869,1790,0,24,20,12,16
313,480.956,666.818,180.105,1328.09,871,1794,0,24,20,12,16
314,0.401,1676.34,131.526,1808.41,877,1806,2,72,60,36,47
315,0.398,1469.87,41.234,1511.63,881,1814,1,48,40,24,28
316,0.577,1794.04,116.734,1911.46,887,1826,2,72,60,36,47
317,0.193,0.108,248.196,248.599,887,1826,0,0,0,0,5
318,0.144,0.213,203.109,203.582,887,1826,0,0,0,0,5
319,0.171,504.655,183.718,688.663,889,1830,0,24,20,12,16
320,1.27,0.186,472.137,473.831,889,1830,0,0,0,0,5
321,0.268,584.288,203.243,787.892,891,1834,0,24,20,12,16
322,0.186,1829.98,36.59,1866.86,895,1842,1,48,40,24,28
323,0.62,0.223,243.893,244.84,895,1842,0,0,0,0,5
324,0.121,1041.97,34.647,1076.84,898,1849,1,36,32,18,21
325,0.276,1313.23,42.753,1356.36,902,1857,1,48,40,24,28
326,0.207,0.085,318.447,318.934,902,1857,0,0,0,0,8
327,0.08,1374.2,236.987,1611.38,904,1861,0,24,20,12,16
328,1.168,0.245,481.346,482.93,904,1861,0,0,0,0,5
329,0.126,776.987,199.044,976.273,906,1865,0,24,20,12,16
330,1.329,0.253,755.322,757.094,906,1865,0,0,0,0,8
331,0.983,0.26,548.116,549.607,906,1865,0,0,0,0,7
332,0.226,0.08,342.179,342.617,906,1865,0,0,0,0,8
333,0.088,3572.89,186.141,3759.29,914,1883,4,96,84,48,60
334,0.38,0.051,374.738,375.308,914,1883,0,0,0,0,8
335,189.071,877.394,222.218,1288.94,916,1887,0,24,20,12,16
336,0.169,1542.08,45.975,1588.33,920,1895,1,48,40,24,28
337,0.26,870.214,276.438,1147.04,922,1899,0,24,20,12,16
338,0.252,0.273,437.163,437.807,922,1899,0,0,0,0,8
339,0.29,672.177,223.631,896.22,924,1903,0,24,20,12,16
340,0.364,640.245,195.541,836.275,926,1907,0,24,20,12,16
341,0.3,629.555,222.3,852.271,928,1911,0,24,20,12,16
342,0.286,616.999,175.374,792.762,930,1915,0,24,20,12,16
343,0.223,0.177,301.637,302.133,930,1915,0,0,0,0,8
344,0.107,1750.03,47.102,1797.35,934,1923,1,48,40,24,28
345,0.421,571.076,203.028,774.65,936,1927,0,24,20,12,16
346,107.08,629.077,199.14,935.434,938,1931,0,24,20,12,16
347,0.187,2448.59,195.069,2644.02,944,1943,2,72,60,36,47
348,0.876,1366.19,33.246,1400.42,948,1951,1,48,40,24,28
349,0.142,0.076,350.431,350.755,948,1951,0,0,0,0,8
350,1.452,0.287,640.69,642.624,948,1951,0,0,0,0,8
351,0.173,0.12,289.104,289.522,948,1951,0,0,0,0,5
352,0.103,0.15,359.631,360.015,948,1951,0,0,0,0,8
353,0.107,1858.5,40.189,1898.91,953,1962,2,60,52,30,36
354,0.142,0.091,247.78,248.183,953,1962,0,0,0,0,5
355,0.139,1173.29,281.803,1455.38,955,1966,0,24,20,12,16
356,0.402,1566.26,168.13,1734.95,959,1974,1,48,40,24,31
357,0.188,1445.55,42.046,1487.91,963,1982,1,48,40,24,28
358,0.229,0.11,365.786,366.23,963,1982,0,0,0,0,8
359,0.082,0.138,263.749,264.076,963,1982,0,0,0,0,5
360,0.129,625.175,254.221,879.649,965,1986,0,24,20,12,16
361,0.24,0.189,813.065,813.621,965,1986,0,0,0,0,8
362,0.516,1562.74,200.101,1763.46,969,1994,1,48,40,24,31
363,0.392,1359.26,157.904,1517.66,973,2002,1,48,40,24,31
364,0.187,581.555,232.549,814.416,975,2006,0,24,20,12,16
365,0.123,592.502,222.211,814.96,977,2010,0,24,20,12,16
366,0.074,0.182,280.907,281.269,977,2010,0,0,0,0,5
367,110.857,591.526,219.687,922.22,979,2014,0,24,20,12,16
368,0.153,0.087,269.438,269.785,979,2014,0,0,0,0,6
369,0.108,0.063,313.668,314.025,979,2014,0,0,0,0,8
370,0.084,0.088,372.658,372.952,979,2014,0,0,0,0,8
371,0.203,620.961,234.164,855.433,981,2018,0,24,20,12,16
372,0.186,1316.32,38.089,1354.7,985,2026,1,48,40,24,28
373,0.163,2474.78,119.891,2594.94,991,2038,2,72,60,36,47
374,0.399,1137.64,137.178,1275.3,995,2046,1,48,40,24,31
375,106.007,1152.08,210.285,1468.49,997,2050,0,24,20,12,16
376,0.325,0.135,348.914,349.475,997,2050,0,0,0,0,8
377,0.064,0.12,328.882,329.168,997,2050,0,0,0,0,7
378,0.107,1464.21,158.06,1622.47,1001,2058,1,48,40,24,31
379,0.18,564.348,275.722,840.368,1003,2062,0,24,20,12,16
380,0.186,0.189,252.995,253.471,1003,2062,0,0,0,0,5
381,0.103,0.108,302.895,303.21,1003,2062,0,0,0,0,6
382,0.093,1155.33,180.46,1335.99,1006,2069,1,36,32,18,24
383,0.181,1114.21,266.737,1381.29,1008,2073,0,24,20,12,16
384,0.367,2265.32,206.112,2471.94,1014,2085,2,72,60,36,47
385,115.97,630.223,233.589,979.929,1016,2089,0,24,20,12,16
386,0.122,0.109,278.367,278.704,1016,2089,0,0,0,0,5
387,0.11,1867.59,163.166,2031.01,1020,2097,1,48,40,24,31
388,0.325,948.493,35.821,984.729,1023,2104,1,36,32,18,21
389,0.132,1224.89,42.778,1267.89,1027,2112,1,48,40,24,28
390,0.152,1083.79,262.745,1346.83,1029,2116,0,24,20,12,16
391,0.398,1153.33,170.14,1324.02,1032,2123,1,36,32,18,24
392,0.284,0.077,335.988,336.456,1032,2123,0,0,0,0,7
393,0.108,0.029,203.453,203.67,1032,2123,0,0,0,0,5
394,0.1,1873.33,157.24,2030.75,1038,2135,2,72,60,36,47
395,0.107,1035.16,264.941,1300.36,1040,2139,0,24,20,12,16
396,0.325,0.136,324.349,324.934,1040,2139,0,0,0,0,6
397,0.09,1676,41.776,1717.95,1045,2150,2,60,52,30,36
398,0.134,515.378,206.114,721.741,1047,2154,0,24,20,12,16
399,0.164,0.157,234.564,234.994,1047,2154,0,0,0,0,5
400,1.173,0.405,619.761,621.55,1047,2154,0,0,0,0,5
401,0.092,738.241,214.707,953.147,1049,2158,0,24,20,12,16
402,0.171,721.881,212.141,934.295,1051,2162,0,24,20,12,16
403,0.147,0.235,291.13,291.617,1051,2162,0,0,0,0,5
404,0.161,0.191,321.254,321.709,1051,2162,0,0,0,0,6
405,0.141,1534.36,41.28,1575.89,1055,2170,1,48,40,24,28
406,0.138,0.19,322.288,322.72,1055,2170,0,0,0,0,5
407,0.087,592.08,249.909,842.181,1057,2174,0,24,20,12,16
408,0.171,3128.62,186.733,3315.62,1064,2189,3,84,72,42,52
409,0.403,0.115,261.982,262.603,1064,2189,0,0,0,0,5
410,0.09,559.102,213.056,772.34,1066,2193,0,24,20,12,16
411,0.187,1983.11,51.197,2034.58,1072,2205,2,72,60,36,43
412,0.227,0.145,252.084,252.551,1072,2205,0,0,0,0,5
413,0.14,0.035,334.288,334.573,1072,2205,0,0,0,0,8
414,0.074,0.029,219.607,219.802,1072,2205,0,0,0,0,5
415,0.097,736.339,225.003,961.53,1074,2209,0,24,20,12,16
416,0.153,1310.39,190.983,1501.62,1078,2217,1,48,40,24,31
417,0.245,0.103,364.791,365.254,1078,2217,0,0,0,0,8
418,0.135,559.801,212.188,772.23,1080,2221,0,24,20,12,16
419,0.151,1860.33,69.052,1929.64,1084,2229,1,48,40,24,28
420,0.45,720.841,259.507,980.905,1086,2233,0,24,20,12,16
421,0.202,0.171,434.413,434.894,1086,2233,0,0,0,0,8
422,0.243,1682.11,54.681,1737.17,1090,2241,1,48,40,24,28
423,0.431,0.111,434.145,434.813,1090,2241,0,0,0,0,8
424,0.095,703.264,243.851,947.311,1092,2245,0,24,20,12,16
425,129.931,786.701,250.494,1167.26,1094,2249,0,24,20,12,16
426,0.221,1419.92,263.122,1683.37,1096,2253,0,24,20,12,16
427,0.533,0.089,501.202,501.931,1096,2253,0,0,0,0,8
428,0.284,1541.9,204.949,1747.24,1100,2261,1,48,40,24,31
429,0.193,1602.65,183.777,1786.73,1104,2269,1,48,40,24,31
430,0.222,0.065,407.48,407.867,1104,2269,0,0,0,0,8
431,140.193,1163.35,323.767,1627.51,1106,2273,0,24,20,12,16
432,0.357,0.26,414.72,415.442,1106,2273,0,0,0,0,7
433,0.109,1585.32,214.825,1800.37,1110,2281,1,48,40,24,31
434,0.198,617.847,260.168,878.306,1112,2285,0,24,20,12,16
435,128.472,1569.6,190.539,1888.73,1116,2293,1,48,40,24,31
436,0.314,0.081,393.684,394.184,1116,2293,0,0,0,0,8
437,0.053,0.068,407.383,407.627,1116,2293,0,0,0,0,8
438,0.062,0.156,384.588,384.911,1116,2293,0,0,0,0,8
439,0.142,349.402,206.162,555.818,1117,2296,0,12,12,6,9
440,0.106,1386.38,277.326,1663.96,1119,2300,0,24,20,12,16
441,0.55,762.836,296.136,1059.63,1121,2304,0,24,20,12,16
442,0.283,1670.82,50.809,1722.03,1125,2312,1,48,40,24,28
443,0.314,2185.41,58.907,2244.77,1129,2320,1,48,40,24,28
444,177.168,744.98,306.611,1228.91,1131,2324,0,24,20,12,16
445,0.231,0.158,468.137,468.647,1131,2324,0,0,0,0,6
446,0.237,0.161,370.04,370.544,1131,2324,0,0,0,0,6
447,0.12,914.543,284.841,1199.63,1133,2328,0,24,20,12,16
448,0.267,0.116,436.153,436.639,1133,2328,0,0,0,0,8
449,0.134,0.101,372.478,372.836,1133,2328,0,0,0,0,6
450,0.153,677.761,244.067,922.082,1135,2332,0,24,20,12,16
451,0.147,0.085,569.938,570.272,1135,2332,0,0,0,0,8
452,0.279,0.048,474.555,475.029,1135,2332,0,0,0,0,8
453,0.329,542.695,238.136,781.316,1136,2335,0,12,12,6,9
454,0.289,1191.4,259.274,1451.12,1138,2339,0,24,20,12,16
455,120.425,645.778,222.744,989.053,1140,2343,0,24,20,12,16
456,0.178,2211.44,64.795,2276.54,1144,2351,1,48,40,24,28
457,0.557,0.154,480.477,481.335,1144,2351,0,0,0,0,8
458,0.124,0.065,278.93,279.227,1144,2351,0,0,0,0,5
459,0.112,2471.22,223.7,2695.16,1150,2363,2,72,60,36,47
460,140.571,2672.59,188.516,3001.85,1155,2374,2,60,52,30,39
461,0.314,1399.07,190.421,1589.97,1159,2382,1,48,40,24,31
462,0.203,0.081,382.236,382.611,1159,2382,0,0,0,0,8
463,0.145,1408.29,214.955,1623.51,1163,2390,1,48,40,24,31
464,531.623,1022.53,293.248,1847.55,1165,2394,0,24,20,12,16
465,0.333,0.155,351.759,352.37,1165,2394,0,0,0,0,5
466,0.142,0.104,329.642,330.013,1165,2394,0,0,0,0,5
467,0.106,0.222,499.459,499.893,1165,2394,0,0,0,0,8
468,0.169,0.061,343.066,343.403,1165,2394,0,0,0,0,6
469,0.108,0.134,338.52,338.869,1165,2394,0,0,0,0,5
470,0.154,0.034,337.866,338.173,1165,2394,0,0,0,0,5
471,0.116,717.77,314.478,1032.48,1167,2398,0,24,20,12,16
472,0.166,673.893,299.531,973.703,1169,2402,0,24,20,12,16
473,0.152,0.08,455.31,455.647,1169,2402,0,0,0,0,8
474,0.122,793.317,298.315,1091.89,1171,2406,0,24,20,12,16
475,0.26,702.002,283.242,995.693,1173,2410,0,24,20,12,16
476,149.456,837.798,258.346,1245.74,1175,2414,0,24,20,12,16
477,0.299,0.053,278.191,278.651,1175,2414,0,0,0,0,5
478,588.873,1054.91,278.214,1922.12,1177,2418,0,24,20,12,16
479,0.35,1637.78,200.264,1838.55,1181,2426,1,48,40,24,31
480,0.208,696.7,257.1,954.113,1183,2430,0,24,20,12,16
481,0.197,765.545,266.885,1032.73,1185,2434,0,24,20,12,16
482,0.192,0.085,340.845,341.223,1185,2434,0,0,0,0,5
483,0.163,2856.15,54.297,2910.71,1190,2445,2,60,52,30,36
484,0.273,0.107,481.884,482.372,1190,2445,0,0,0,0,8
485,0.143,0.06,328.166,328.473,1190,2445,0,0,0,0,6
486,0.087,661.572,257.26,919.025,1192,2449,0,24,20,12,16
487,0.213,663.733,236.595,900.635,1194,2453,0,24,20,12,16
488,0.207,0.091,299.814,300.231,1194,2453,0,0,0,0,5
489,0.082,0.076,415.112,415.362,1194,2453,0,0,0,0,8
490,0.122,2959.12,205.872,3165.25,1200,2465,2,72,60,36,47
491,0.361,1570.85,208.767,1780.13,1204,2473,1,48,40,24,31
492,0.243,0.063,424.717,425.122,1204,2473,0,0,0,0,8
493,0.064,353.821,200.974,554.957,1205,2476,0,12,12,6,9
494,123.142,713.009,258.31,1094.57,1207,2480,0,24,20,12,16
495,96.389,667.579,262.024,1026.1,1209,2484,0,24,20,12,16
496,0.263,0.123,400.171,400.663,1209,2484,0,0,0,0,6
497,0.156,0.078,411.273,411.602,1209,2484,0,0,0,0,7
498,0.084,2167.62,60.519,2228.38,1213,2492,1,48,40,24,28
499,0.286,0.055,458.815,459.264,1213,2492,0,0,0,0,8
500,0.085,0.16,416.272,416.624,1213,2492,0,0,0,0,8
501,123.029,1622.7,59.092,1804.98,1217,2500,1,48,40,24,28
502,0.165,0.043,428.844,429.173,1217,2500,0,0,0,0,8
503,0.091,0.106,364.705,364.999,1217,2500,0,0,0,0,7
504,0.089,331.309,216.271,547.761,1218,2503,0,12,12,6,9
505,0.158,2239.05,72.846,2312.18,1222,2511,1,48,40,24,28
506,0.31,1859.24,63.079,1922.73,1226,2519,1,48,40,24,28
507,0.136,0.057,556.244,556.543,1226,2519,0,0,0,0,8
508,0.107,2461.07,60.57,2521.87,1231,2530,2,60,52,30,36
509,0.246,0.103,241.552,242.011,1231,2530,0,0,0,0,3
510,0.12,348.012,253.825,602.066,1232,2533,0,12,12,6,9
511,0.15,0.1,328.406,328.76,1232,2533,0,0,0,0,5
512,0.112,2284.22,72.97,2357.45,1236,2541,1,48,40,24,28
513,0.387,0.133,405.395,406.021,1236,2541,0,0,0,0,6
514,124.396,892.885,280.786,1298.19,1238,2545,0,24,20,12,16
515,0.272,0.2,442.939,443.514,1238,2545,0,0,0,0,7
516,0.385,0.08,190.246,190.804,1238,2545,0,0,0,0,3
517,0.172,3282.11,253.179,3535.62,1244,2557,2,72,60,36,43
518,0.389,679.063,311.931,991.486,1246,2561,0,24,20,12,16
519,0.214,2576.76,222.436,2799.52,1252,2573,2,72,60,36,47
520,0.18,1734.27,361.558,2096.15,1254,2577,0,24,20,12,16
521,0.464,0.073,639.172,639.873,1254,2577,0,0,0,0,8
522,0.117,935.083,364.806,1300.13,1256,2581,0,24,20,12,16
523,0.315,3409.01,77.672,3487.14,1262,2593,2,72,60,36,43
524,0.424,1604.61,382.046,1987.24,1264,2597,0,24,20,12,16
525,676.231,1446.78,390.598,2513.79,1266,2601,0,24,20,12,16
526,1.329,0.232,1074.92,1076.69,1266,2601,0,0,0,0,8
527,1.223,1325.09,305.111,1631.59,1268,2605,0,24,20,12,16
528,0.251,0.044,522.726,523.138,1268,2605,0,0,0,0,8
529,0.149,792.031,295.313,1087.6,1270,2609,0,24,20,12,16
530,0.224,910.178,320.175,1230.7,1272,2613,0,24,20,12,16
531,0.228,1894.15,66.382,1960.86,1276,2621,1,48,40,24,28
532,0.268,0.064,537.817,538.25,1276,2621,0,0,0,0,8
533,0.255,1238.14,290.652,1529.21,1277,2624,0,12,12,6,9
534,0.524,2983.58,272.387,3256.64,1283,2636,2,72,60,36,43
535,0.404,0.073,584.779,585.386,1283,2636,0,0,0,0,8
536,0.103,826.032,324.404,1150.64,1285,2640,0,24,20,12,16
537,0.175,4617.28,242.068,4859.67,1293,2656,3,96,80,48,62
538,0.405,779.794,283.589,1063.88,1295,2660,0,24,20,12,16
539,0.237,0.045,477.193,477.608,1295,2660,0,0,0,0,7
540,0.168,0.104,441.453,441.832,1295,2660,0,0,0,0,8
541,0.131,0.055,309.924,310.2,1295,2660,0,0,0,0,5
542,0.14,1787.3,236.564,2024.1,1299,2668,1,48,40,24,31
543,0.242,1433.66,340.407,1774.45,1301,2672,0,24,20,12,16
544,0.522,830.145,342.828,1173.64,1303,2676,0,24,20,12,16
545,0.189,0.06,483.408,483.776,1303,2676,0,0,0,0,7
546,0.126,5450.72,308.195,5759.17,1313,2696,4,120,100,60,74
547,169.435,910.679,372.972,1453.21,1315,2700,0,24,20,12,16
548,0.213,1395.72,322.522,1718.61,1317,2704,0,24,20,12,16
549,0.328,3024.75,56.665,3081.83,1323,2716,2,72,60,36,43
550,0.949,2441.16,243.131,2685.5,1326,2723,1,36,32,18,24
551,0.416,525.496,305.897,831.92,1327,2726,0,12,12,6,9
552,0.14,3176.46,74.399,3251.14,1333,2738,2,72,60,36,43
553,1.26,0.264,938.818,940.548,1333,2738,0,0,0,0,7
554,221.202,971.232,366.631,1559.19,1335,2742,0,24,20,12,16
555,0.977,4037.88,81.677,4120.71,1339,2750,1,48,40,24,28
556,0.354,2009.38,85.364,2095.2,1343,2758,1,48,40,24,28
557,0.266,1224.26,338.946,1563.6,1345,2762,0,24,20,12,16
558,0.194,2990.74,295.353,3286.42,1349,2770,1,48,40,24,31
559,168.004,2428.77,73.567,2670.49,1353,2778,1,48,40,24,28
560,158.482,947.284,356.893,1462.79,1355,2782,0,24,20,12,16
561,0.225,0.215,617.648,618.215,1355,2782,0,0,0,0,8
562,0.158,0.052,599.05,599.375,1355,2782,0,0,0,0,8
563,0.155,0.075,465.766,466.103,1355,2782,0,0,0,0,7
564,0.145,0.139,387.941,388.331,1355,2782,0,0,0,0,5
565,0.944,0.033,581.624,582.708,1355,2782,0,0,0,0,8
566,0.213,2091.02,297.223,2388.61,1359,2790,1,48,40,24,31
567,0.278,1661.57,364.376,2026.33,1361,2794,0,24,20,12,16
568,183.048,1172.3,365.739,1721.23,1363,2798,0,24,20,12,16
569,0.272,3316.86,438.224,3755.49,1367,2806,1,48,40,24,31
570,0.385,0.069,627.558,628.118,1367,2806,0,0,0,0,8
571,0.162,3562.69,75.486,3638.48,1373,2818,2,72,60,36,43
572,0.156,1026.19,368.899,1395.37,1375,2822,0,24,20,12,16
573,162.571,1190.17,364.985,1717.87,1377,2826,0,24,20,12,16
574,0.165,1006.29,359.252,1365.83,1379,2830,0,24,20,12,16
575,0.179,538.163,292.221,830.684,1380,2833,0,12,12,6,9
576,0.187,1006.32,393.884,1400.54,1382,2837,0,24,20,12,16
577,0.299,1001,342.603,1344.03,1384,2841,0,24,20,12,16
578,0.274,2394.87,92.709,2487.95,1388,2849,1,48,40,24,28
579,0.274,0.187,629.177,629.743,1388,2849,0,0,0,0,8
580,0.156,3084.1,67.388,3151.79,1392,2857,1,48,40,24,28
581,212.977,796.442,330.888,1340.53,1394,2861,0,24,20,12,16
582,0.239,1683.65,66.648,1750.63,1398,2869,1,48,40,24,28
583,0.125,358.49,240.415,599.127,1399,2872,0,12,12,6,9
584,0.179,0.129,509.284,509.714,1399,2872,0,0,0,0,8
585,0.135,766.67,276.767,1043.69,1401,2876,0,24,20,12,16
586,0.18,1504.19,439.297,1943.83,1403,2880,0,24,20,12,16
587,0.461,978.521,389.176,1368.28,1405,2884,0,24,20,12,16
588,0.261,2289.36,278.565,2568.34,1409,2892,1,48,40,24,31
589,0.361,992.028,412.131,1404.67,1411,2896,0,24,20,12,16
590,0.249,4488.08,79.368,4567.89,1417,2908,2,72,60,36,43
591,0.395,868.915,377.506,1246.97,1419,2912,0,24,20,12,16
592,0.24,0.066,564.594,565.005,1419,2912,0,0,0,0,7
593,0.125,0.123,407.923,408.266,1419,2912,0,0,0,0,5
594,0.144,871.656,382.593,1254.54,1421,2916,0,24,20,12,16
595,0.211,805.42,406.595,1212.38,1423,2920,0,24,20,12,16
596,0.224,854.074,339.535,1193.95,1425,2924,0,24,20,12,16
597,0.264,6808.05,621.991,7430.45,1431,2936,2,72,60,36,47
598,0.609,2849.87,74.915,2925.52,1435,2944,1,48,40,24,28
599,0.337,2245.1,77.907,2323.46,1439,2952,1,48,40,24,28
600,1.113,0.238,1192.16,1193.74,1439,2952,0,0,0,0,8
601,553.863,1253.9,356.004,2163.94,1441,2956,0,24,20,12,16
602,0.351,0.178,669.334,669.961,1441,2956,0,0,0,0,8
603,0.182,0.059,549.544,549.876,1441,2956,0,0,0,0,6
604,0.189,455.431,277.414,733.187,1442,2959,0,12,12,6,9
605,163.747,1042.93,316.956,1523.78,1444,2963,0,24,20,12,16
606,151.586,916.134,381.76,1449.6,1446,2967,0,24,20,12,16
607,153.506,987.945,308.07,1449.63,1448,2971,0,24,20,12,16
608,0.163,822.161,363.736,1186.15,1450,2975,0,24,20,12,16
609,0.233,2888.13,70.166,2958.63,1454,2983,1,48,40,24,28
610,0.345,1887.15,259.16,2146.78,1458,2991,1,48,40,24,31
611,0.218,0.16,395.449,395.934,1458,2991,0,0,0,0,5
612,0.161,0.058,283.675,283.976,1458,2991,0,0,0,0,4
613,153.588,1967.26,68.685,2189.64,1462,2999,1,48,40,24,28
614,0.235,0.156,388.549,389.034,1462,2999,0,0,0,0,5
615,0.135,3081.24,292.929,3374.41,1466,3007,1,48,40,24,31
616,0.369,936.011,349.845,1286.33,1468,3011,0,24,20,12,16
617,0.196,0.115,540.984,541.39,1468,3011,0,0,0,0,8
618,0.056,849.975,379.196,1229.33,1470,3015,0,24,20,12,16
619,0.265,831.868,403.407,1235.63,1472,3019,0,24,20,12,16
620,0.154,2100.97,273.711,2374.97,1476,3027,1,48,40,24,31
621,0.241,1647.38,336.178,1983.92,1478,3031,0,24,20,12,16
622,0.368,0.13,541.257,541.854,1478,3031,0,0,0,0,8
623,0.147,2345.11,79.238,2424.63,1482,3039,1,48,40,24,28
624,0.258,0.15,377.845,378.363,1482,3039,0,0,0,0,4
625,0.135,0.112,629.117,629.456,1482,3039,0,0,0,0,8
626,0.215,0.103,534.716,535.123,1482,3039,0,0,0,0,8
627,0.133,3296.38,298.515,3595.11,1488,3051,2,72,60,36,47
628,0.379,0.111,619.18,619.775,1488,3051,0,0,0,0,8
629,304.159,1195.12,342.375,1841.83,1490,3055,0,24,20,12,16
630,0.15,3733.07,262.977,3996.3,1494,3063,1,48,40,24,31
631,0.372,0.044,352.771,353.27,1494,3063,0,0,0,0,5
632,0.141,769.661,293.951,1063.84,1496,3067,0,24,20,12,16
633,0.143,0.116,359.317,359.661,1496,3067,0,0,0,0,5
634,0.14,2118.6,303.618,2422.45,1500,3075,1,48,40,24,31
635,0.286,0.088,506.714,507.175,1500,3075,0,0,0,0,7
636,0.112,3007.05,280.748,3288,1504,3083,1,48,40,24,31
637,0.579,0.145,798.177,799.009,1504,3083,0,0,0,0,8
638,0.202,608.112,326.096,934.538,1505,3086,0,12,12,6,9
639,188.637,1357,382.326,1928.12,1507,3090,0,24,20,12,16
640,188.963,1238.51,440.083,1867.72,1509,3094,0,24,20,12,16
641,1.149,0.245,1541.91,1543.49,1509,3094,0,0,0,0,8
642,1.002,1064.26,350.032,1415.51,1510,3097,0,12,12,6,9
643,0.269,1024.44,451.392,1476.22,1512,3101,0,24,20,12,16
644,0.282,3517.21,86.336,3603.93,1516,3109,1,48,40,24,28
645,0.428,3559.58,371.728,3931.84,1521,3120,2,60,52,30,40
646,0.21,0.151,509.966,510.428,1521,3120,0,0,0,0,5
647,0.124,2861.18,331.615,3193.03,1525,3128,1,48,40,24,31
648,0.309,0.089,402.39,402.925,1525,3128,0,0,0,0,4
649,0.171,3707.25,100.769,3808.32,1529,3136,1,48,40,24,28
650,0.518,2773.77,112.133,2886.55,1533,3144,1,48,40,24,28
651,0.239,557.821,330.406,888.57,1534,3147,0,12,12,6,9
652,0.177,1175.31,528.78,1704.43,1536,3151,0,24,20,12,16
653,0.34,0.162,534.859,535.462,1536,3151,0,0,0,0,6
654,660.645,1263.27,464.067,2388.13,1538,3155,0,24,20,12,16
655,0.326,3344.24,379.776,3724.45,1543,3166,2,60,52,30,40
656,1.15,1324.13,441.565,1767.02,1544,3169,0,12,12,6,9
657,0.258,0.051,755.302,755.72,1544,3169,0,0,0,0,8
658,0.182,1326.62,383.473,1710.41,1546,3173,0,24,20,12,16
659,0.983,5496.8,400.291,5898.28,1551,3184,2,60,52,30,40
660,0.417,0.072,769.358,769.98,1551,3184,0,0,0,0,7
661,1.034,0.278,1183.97,1185.48,1551,3184,0,0,0,0,5
662,0.296,0.169,760.578,761.17,1551,3184,0,0,0,0,8
663,0.241,0.094,516.813,517.263,1551,3184,0,0,0,0,5
664,1.202,0.442,898.843,900.677,1551,3184,0,0,0,0,4
665,1.025,2934.18,355.222,3290.62,1555,3192,1,48,40,24,31
666,0.871,4048.29,406.083,4455.46,1561,3204,2,72,60,36,47
667,0.421,0.182,674.774,675.499,1561,3204,0,0,0,0,7
668,0.189,2928.65,353.281,3282.25,1565,3212,1,48,40,24,31
669,0.261,3322.38,374.586,3697.32,1571,3224,2,72,60,36,47
670,0.283,0.125,447.282,447.823,1571,3224,0,0,0,0,4
671,0.266,909.038,336.454,1245.86,1573,3228,0,24,20,12,16
672,0.191,1073.85,455.203,1529.34,1575,3232,0,24,20,12,16
673,0.274,0.105,651.536,652.018,1575,3232,0,0,0,0,8
674,0.105,0.108,443.265,443.567,1575,3232,0,0,0,0,5
675,0.148,3190.87,325.32,3516.44,1579,3240,1,48,40,24,31
676,182.389,1032.8,367.174,1582.48,1581,3244,0,24,20,12,16
677,1.307,1951.33,484.636,2437.46,1583,3248,0,24,20,12,16
678,0.362,0.076,916.863,917.458,1583,3248,0,0,0,0,8
679,0.361,0.114,650.283,650.945,1583,3248,0,0,0,0,7
680,0.297,1210.68,422.137,1633.25,1585,3252,0,24,20,12,16
681,0.22,0.11,886.069,886.502,1585,3252,0,0,0,0,8
682,0.27,0.107,856.651,857.138,1585,3252,0,0,0,0,7
683,0.456,0.198,894.962,895.719,1585,3252,0,0,0,0,8
684,0.136,0.159,887.683,888.121,1585,3252,0,0,0,0,8
685,0.316,3136.63,82.833,3219.94,1589,3260,1,48,40,24,28
686,0.14,1090.71,459.309,1550.27,1591,3264,0,24,20,12,16
687,0.196,1168.53,425.588,1594.41,1593,3268,0,24,20,12,16
688,0.233,0.18,795.822,796.336,1593,3268,0,0,0,0,8
689,0.161,0.165,519.401,519.829,1593,3268,0,0,0,0,5
690,0.168,0.209,471.563,472.042,1593,3268,0,0,0,0,5
691,0.167,0.115,765.005,765.388,1593,3268,0,0,0,0,8
692,0.182,1200.66,499.356,1700.33,1595,3272,0,24,20,12,16
693,0.227,0.263,713.408,714,1595,3272,0,0,0,0,8
694,0.167,2782.39,89.275,2871.95,1599,3280,1,48,40,24,28
695,0.247,6346.17,356.123,6702.65,1607,3296,3,96,80,48,62
696,0.623,4522.48,412.35,4935.56,1613,3308,2,72,60,36,47
697,0.388,5397.94,407.715,5806.15,1619,3320,2,72,60,36,47
698,0.422,0.094,547.785,548.42,1619,3320,0,0,0,0,5
699,0.159,0.066,416.696,417.023,1619,3320,0,0,0,0,4
700,1.094,3997.2,810.346,4808.98,1623,3328,1,48,40,24,31
701,0.607,1570.91,596.603,2168.23,1625,3332,0,24,20,12,16
702,0.467,4584.75,522.477,5107.8,1629,3340,1,48,40,24,31
703,0.407,0.171,783.94,784.644,1629,3340,0,0,0,0,5
704,0.317,1276.06,509.038,1785.52,1631,3344,0,24,20,12,16
705,0.325,640.09,385.08,1025.61,1632,3347,0,12,12,6,9
706,189.431,3273.59,428.556,3891.74,1636,3355,1,48,40,24,31
707,0.186,2079.56,379.81,2459.66,1639,3362,1,36,32,18,24
708,1.08,0.164,1226.04,1227.47,1639,3362,0,0,0,0,6
709,0.164,1338.24,508.168,1846.69,1641,3366,0,24,20,12,16
710,0.29,2628.96,400.568,3029.99,1645,3374,1,48,40,24,31
711,0.29,0.172,719.751,720.385,1645,3374,0,0,0,0,5
712,0.266,1251.42,454.789,1706.58,1647,3378,0,24,20,12,16
713,0.214,0.065,682.82,683.219,1647,3378,0,0,0,0,7
714,0.224,1865.76,665.559,2531.68,1649,3382,0,24,20,12,16
715,0.539,0.073,608.967,609.676,1649,3382,0,0,0,0,5
716,0.196,1155.28,407.039,1562.62,1651,3386,0,24,20,12,16
717,0.195,0.091,861.71,862.145,1651,3386,0,0,0,0,8
718,0.205,1162.53,387.144,1549.98,1653,3390,0,24,20,12,16
719,0.315,0.123,826.455,827.022,1653,3390,0,0,0,0,8
720,0.228,669.888,336.325,1006.54,1654,3393,0,12,12,6,9
721,0.175,985.33,434.608,1420.2,1656,3397,0,24,20,12,16
722,0.22,0.142,770.524,770.978,1656,3397,0,0,0,0,7
723,0.215,6507.13,382.192,6889.64,1663,3412,3,84,72,42,55
724,0.479,0.082,828.561,829.226,1663,3412,0,0,0,0,5
725,0.321,1518.29,488.005,2006.72,1665,3416,0,24,20,12,16
726,237.814,1695.14,489.283,2422.38,1667,3420,0,24,20,12,16
727,0.302,0.062,1077.37,1077.84,1667,3420,0,0,0,0,8
728,0.541,0.113,452.686,453.441,1667,3420,0,0,0,0,4
729,224.209,1246.83,499.183,1970.36,1669,3424,0,24,20,12,16
730,0.299,6864.53,479.913,7344.86,1675,3436,2,72,60,36,47
731,0.418,659.828,380.559,1040.91,1676,3439,0,12,12,6,9
732,0.222,0.183,858.712,859.242,1676,3439,0,0,0,0,8
733,0.219,4621.99,392.358,5014.68,1682,3451,2,72,60,36,47
734,0.386,0.158,937.504,938.207,1682,3451,0,0,0,0,8
735,0.33,3989.81,107.885,4098.14,1686,3459,1,48,40,24,28
736,0.374,1347.8,533.344,1881.67,1688,3463,0,24,20,12,16
737,0.285,5227.47,410.686,5638.56,1695,3478,3,84,72,42,52
738,0.279,615.342,419.583,1035.38,1696,3481,0,12,12,6,9
739,0.255,4358.84,333.31,4692.5,1702,3493,2,72,60,36,47
740,0.384,1002.43,500.712,1503.63,1704,3497,0,24,20,12,16
741,0.261,0.084,778.059,778.513,1704,3497,0,0,0,0,8
742,0.292,534.077,356.684,891.14,1705,3500,0,12,12,6,9
743,0.301,1358.8,366.925,1726.13,1707,3504,0,24,20,12,16
744,0.219,0.032,683.074,683.409,1707,3504,0,0,0,0,8
745,0.26,1120,415.798,1536.14,1709,3508,0,24,20,12,16
746,0.206,3608.87,109.137,3718.3,1713,3516,1,48,40,24,28
747,0.412,1039.54,483.602,1523.64,1715,3520,0,24,20,12,16
748,0.142,0.113,607.252,607.595,1715,3520,0,0,0,0,7
749,0.096,1091.38,504.605,1596.19,1717,3524,0,24,20,12,16
750,0.231,0.124,499.346,499.794,1717,3524,0,0,0,0,5
751,0.184,7300.91,393.036,7694.23,1727,3544,4,120,100,60,74
752,0.253,0.082,908.215,908.638,1727,3544,0,0,0,0,8
753,0.184,4104.91,330.02,4435.22,1733,3556,2,72,60,36,47
754,0.217,638.006,338.945,977.303,1734,3559,0,12,12,6,9
755,655.853,3432.48,107.784,4196.26,1738,3567,1,48,40,24,28
756,0.294,1099.62,444.84,1544.88,1740,3571,0,24,20,12,16
757,0.178,0.078,707.04,707.403,1740,3571,0,0,0,0,8
758,0.055,2638.43,380.585,3019.16,1744,3579,1,48,40,24,31
759,191.495,3442.95,886.142,4520.81,1748,3587,1,48,40,24,31
760,0.55,3633.01,407.48,4041.17,1752,3595,1,48,40,24,31
761,0.394,1713.06,564.235,2277.83,1754,3599,0,24,20,12,16
762,0.24,3761.5,149.582,3911.44,1758,3607,1,48,40,24,28
763,0.481,3546.75,99.502,3646.87,1762,3615,1,48,40,24,28
764,0.387,2930.41,434.423,3365.33,1766,3623,1,48,40,24,31
765,0.271,3017.53,428.515,3446.42,1770,3631,1,48,40,24,31
766,0.252,1551.13,479.213,2030.73,1772,3635,0,24,20,12,16
767,0.297,7215.38,569.327,7785.11,1778,3647,2,72,60,36,47
768,0.425,0.25,706.627,707.483,1778,3647,0,0,0,0,5
769,0.24,1259.63,533.364,1793.4,1780,3651,0,24,20,12,16
770,0.249,3517.61,110.926,3628.94,1784,3659,1,48,40,24,28
771,0.289,1457.27,579.922,2037.6,1786,3663,0,24,20,12,16
772,0.296,4899.47,145.294,5045.19,1790,3671,1,48,40,24,28
773,0.536,8142.41,431.532,8574.59,1798,3687,3,96,80,48,62
774,0.634,0.154,975.271,976.162,1798,3687,0,0,0,0,8
775,0.185,0.07,577.807,578.177,1798,3687,0,0,0,0,4
776,0.262,4158.13,469.431,4627.92,1802,3695,1,48,40,24,31
777,0.91,0.071,1277.54,1278.73,1802,3695,0,0,0,0,5
778,0.311,4286.41,458.514,4745.38,1806,3703,1,48,40,24,31
779,0.365,6224.13,555.69,6780.29,1812,3715,2,72,60,36,47
780,0.267,8605.31,684.169,9289.87,1820,3731,3,96,80,48,62
781,1.144,2255.12,685.695,2942.16,1822,3735,0,24,20,12,16
782,0.331,0.152,807.402,807.989,1822,3735,0,0,0,0,8
783,0.214,4066.73,222.461,4289.53,1826,3743,1,48,40,24,28
784,0.613,1796.54,722.312,2519.57,1828,3747,0,24,20,12,16
785,0.316,6054.91,440.318,6495.69,1834,3759,2,72,60,36,47
786,0.359,653.857,383.834,1038.15,1835,3762,0,12,12,6,9
787,0.194,0.164,1142.19,1142.65,1835,3762,0,0,0,0,8
788,0.208,2836.2,98.591,2935.13,1839,3770,1,48,40,24,28
789,0.135,0.316,890.587,891.14,1839,3770,0,0,0,0,8
790,0.138,2046.09,553.066,2599.42,1841,3774,0,24,20,12,16
791,231.545,4619.73,431.274,5282.71,1845,3782,1,48,40,24,31
792,0.421,4881.05,102.554,4984.16,1851,3794,2,72,60,36,40
793,0.229,5488.54,422.351,5911.23,1855,3802,1,48,40,24,31
794,0.484,2644.2,531.741,3176.54,1857,3806,0,24,20,12,16
795,0.275,3222.18,492.487,3715.09,1861,3814,1,48,40,24,31
796,0.179,0.139,505.489,505.93,1861,3814,0,0,0,0,4
797,0.096,1576,519.38,2095.59,1863,3818,0,24,20,12,16
798,0.18,0.134,781.98,782.398,1863,3818,0,0,0,0,5
799,0.183,4163.86,460.118,4624.3,1867,3826,1,48,40,24,31
800,1.051,2086.51,494.302,2582.03,1869,3830,0,24,20,12,16
801,0.207,0.226,754.161,754.687,1869,3830,0,0,0,0,7
802,0.14,3383.11,125.688,3509.03,1873,3838,1,48,40,24,28
803,0.234,0.14,875.81,876.279,1873,3838,0,0,0,0,8
804,0.156,1307.41,490.688,1798.42,1875,3842,0,24,20,12,16
805,0.184,4247.99,191.4,4439.72,1879,3850,1,48,40,24,28
806,1.016,1958.06,522.844,2482.13,1881,3854,0,24,20,12,16
807,0.181,5841.07,465.145,6306.55,1887,3866,2,72,60,36,47
808,0.408,0.246,1128.07,1128.88,1887,3866,0,0,0,0,8
809,0.207,1403.44,682.785,2086.59,1889,3870,0,24,20,12,16
810,0.267,5494.03,433.792,5928.23,1895,3882,2,72,60,36,47
811,0.443,3662.73,455.995,4119.31,1899,3890,1,48,40,24,31
812,0.287,0.099,768.36,768.847,1899,3890,0,0,0,0,6
813,0.206,3857.42,556.916,4414.64,1903,3900,2,48,44,24,33
814,0.255,0.151,792.401,792.909,1903,3900,0,0,0,0,6
815,0.15,4949.55,220.275,5170.18,1907,3908,1,48,40,24,28
816,0.431,0.186,1133.56,1134.28,1907,3908,0,0,0,0,8
817,0.416,1219.08,437.163,1656.79,1908,3911,0,12,12,6,9
818,0.3,5666.37,442.381,6109.19,1914,3923,2,72,60,36,47
819,357.14,1802.43,561.606,2721.35,1916,3927,0,24,20,12,16
820,0.155,4712.12,102.889,4815.26,1920,3935,1,48,40,24,28
821,0.407,1788.24,501.453,2290.22,1922,3939,0,24,20,12,16
822,0.257,3547.11,681.956,4229.47,1926,3947,1,48,40,24,31
823,0.299,6310.86,824.626,7135.99,1932,3959,2,72,60,36,47
824,0.637,0.146,1058.38,1059.28,1932,3959,0,0,0,0,7
825,0.179,5745.7,487.567,6233.57,1937,3970,2,60,52,30,40
826,0.226,0.096,1030.98,1031.41,1937,3970,0,0,0,0,8
827,0.252,0.183,755.529,756.079,1937,3970,0,0,0,0,5
828,0.242,1807.81,724.461,2532.62,1939,3974,0,24,20,12,16
829,0.394,1915.29,655.491,2571.34,1941,3978,0,24,20,12,16
830,0.255,0.067,1029.86,1030.34,1941,3978,0,0,0,0,7
831,483.112,4302.39,160.05,4945.76,1945,3986,1,48,40,24,28
832,0.385,3731.58,519.367,4251.51,1949,3994,1,48,40,24,31
833,0.392,4079.11,127.4,4207.07,1953,4002,1,48,40,24,28
834,0.272,0.18,1396.66,1397.25,1953,4002,0,0,0,0,8
835,0.236,4348.6,149.156,4498.2,1957,4010,1,48,40,24,28
836,0.348,0.201,956.433,957.073,1957,4010,0,0,0,0,8
837,0.147,3582.31,400.034,3982.6,1961,4018,1,48,40,24,31
838,0.434,1345.62,558.722,1904.88,1963,4022,0,24,20,12,16
839,0.359,1838.78,504.403,2343.68,1965,4026,0,24,20,12,16
840,0.333,1631.65,521.015,2153.13,1967,4030,0,24,20,12,16
841,0.199,0.125,718.919,719.331,1967,4030,0,0,0,0,6
842,0.265,5447.16,170.869,5618.4,1971,4038,1,48,40,24,28
843,0.484,1899.97,561.417,2462,1973,4042,0,24,20,12,16
844,1.396,5232.26,130.23,5364.1,1977,4050,1,48,40,24,28
845,0.245,3842.44,138.176,3980.99,1981,4058,1,48,40,24,28
846,0.342,9192.6,483.322,9676.39,1989,4074,3,96,80,48,62
847,0.438,3543.89,114.838,3659.29,1993,4082,1,48,40,24,28
848,0.312,3909.36,119.152,4028.93,1997,4090,1,48,40,24,28
849,0.313,6504.28,604.484,7109.23,2003,4102,2,72,60,36,47
850,0.482,1668.78,575.818,2245.17,2005,4106,0,24,20,12,16
851,0.182,0.225,814.864,815.364,2005,4106,0,0,0,0,7
852,0.192,6932.39,626.599,7559.33,2011,4118,2,72,60,36,47
853,0.483,3228.99,175.986,3405.61,2015,4126,1,48,40,24,28
854,0.18,953.687,431.171,1385.14,2016,4129,0,12,12,6,9
855,0.183,0.342,825.04,825.666,2016,4129,0,0,0,0,6
856,0.973,3435.1,119.122,3555.3,2020,4137,1,48,40,24,28
857,0.415,5132.87,168.514,5301.93,2024,4145,1,48,40,24,28
858,0.344,0.138,1067.58,1068.2,2024,4145,0,0,0,0,5
859,0.289,1380.35,495.064,1875.79,2026,4149,0,24,20,12,16
860,506.566,2188.62,659.271,3354.68,2028,4153,0,24,20,12,16
861,0.356,1625.27,758.883,2384.67,2030,4157,0,24,20,12,16
862,0.268,1700.67,635.384,2336.46,2032,4161,0,24,20,12,16
863,0.191,0.193,1607.76,1608.28,2032,4161,0,0,0,0,8
864,0.173,5398.7,514.822,5913.85,2036,4169,1,48,40,24,31
865,0.401,3753.51,128.839,3882.89,2040,4177,1,48,40,24,28
866,0.125,3578.02,134.638,3712.89,2044,4185,1,48,40,24,28
867,0.184,8081.31,559.165,8640.8,2051,4200,3,84,72,42,52
868,0.249,2227.89,640.781,2869.1,2053,4204,0,24,20,12,16
869,0.33,0.218,1087.13,1087.8,2053,4204,0,0,0,0,8
870,0.157,3839.01,517.962,4357.26,2057,4212,1,48,40,24,31
871,0.291,4869.74,418.56,5288.74,2061,4220,1,48,40,24,31
872,0.427,0.119,898.465,899.098,2061,4220,0,0,0,0,8
873,0.145,3803.76,368.949,4172.98,2065,4228,1,48,40,24,31
874,0.399,1289.49,654.779,1944.81,2067,4232,0,24,20,12,16
875,0.278,0.199,1096.79,1097.4,2067,4232,0,0,0,0,8
876,0.133,4362.89,159.637,4522.8,2071,4240,1,48,40,24,28
877,0.503,2747.72,631.09,3379.43,2073,4244,0,24,20,12,16
878,0.579,0.092,1548.4,1549.2,2073,4244,0,0,0,0,8
879,281.624,1556.67,837.491,2675.98,2075,4248,0,24,20,12,16
880,255.023,3642.3,460.626,4358.07,2079,4256,1,48,40,24,31
881,0.313,0.18,963.544,964.141,2079,4256,0,0,0,0,7
882,0.265,0.111,1532.56,1533.09,2079,4256,0,0,0,0,7
883,0.308,886.486,766.401,1653.39,2080,4259,0,12,12,6,9
884,0.335,7544.56,615.577,8160.61,2086,4271,2,72,60,36,47
885,0.538,9577.56,512.327,10090.5,2094,4287,3,96,80,48,62
886,0.36,1786.52,624.918,2411.93,2096,4291,0,24,20,12,16
887,0.204,0.158,783.77,784.239,2096,4291,0,0,0,0,5
888,0.134,5119.72,573.15,5693.13,2100,4299,1,48,40,24,31
889,0.491,0.194,1068.96,1069.77,2100,4299,0,0,0,0,6
890,0.303,1896.71,684.466,2581.63,2102,4303,0,24,20,12,16
891,0.341,4343.66,167.675,4511.81,2106,4311,1,48,40,24,28
892,0.658,8223.75,583.816,8808.36,2112,4323,2,72,60,36,47
893,0.49,3796.89,511.03,4308.52,2116,4331,1,48,40,24,31
894,0.156,0.133,755.409,755.861,2116,4331,0,0,0,0,4
895,0.235,3972.68,125.59,4098.6,2120,4339,1,48,40,24,28
896,0.22,0.142,723.485,724.014,2120,4339,0,0,0,0,4
897,0.21,0.122,1282.86,1283.29,2120,4339,0,0,0,0,8
898,0.155,11848.2,542.234,12390.7,2130,4359,4,120,100,60,74
899,1.057,4676.33,117.86,4795.45,2134,4367,1,48,40,24,28
900,0.917,0.209,1269.88,1271.14,2134,4367,0,0,0,0,6
901,0.824,0.251,1415.46,1416.7,2134,4367,0,0,0,0,8
902,1.029,2727.78,648.902,3377.94,2136,4371,0,24,20,12,16
903,0.526,6790.13,561.01,7351.81,2142,4383,2,72,60,36,47
904,0.233,4165.84,474.391,4640.57,2146,4391,1,48,40,24,31
905,279.432,1654.78,599.434,2533.85,2148,4395,0,24,20,12,16
906,901.935,8561.48,595.409,10059,2154,4407,2,72,60,36,43
907,816.798,2488.02,676.154,3981.11,2156,4411,0,24,20,12,16
908,0.328,1995.77,954.005,2950.26,2158,4415,0,24,20,12,16
909,0.176,11865.5,684.774,12550.6,2166,4431,3,96,80,48,59
910,0.501,8005.92,328.418,8335.05,2170,4439,1,48,40,24,28
911,0.643,8780.86,643.492,9425.1,2174,4447,1,48,40,24,31
912,0.369,9964.57,770.021,10735.1,2180,4459,2,72,60,36,47
913,0.434,0.208,1055.61,1056.36,2180,4459,0,0,0,0,6
914,297.604,9544.39,1232.83,11075,2186,4471,2,72,60,36,43
915,0.446,0.196,1775.06,1775.93,2186,4471,0,0,0,0,8
916,0.279,15341.2,521.717,15863.3,2198,4495,5,144,120,72,86
917,0.42,903.804,584.682,1489.01,2199,4498,0,12,12,6,9
918,0.336,7851.17,739.025,8590.67,2205,4510,2,72,60,36,47
919,0.542,0.133,1531.71,1532.5,2205,4510,0,0,0,0,8
920,0.213,6230.11,554.572,6785.03,2210,4521,2,60,52,30,40
921,0.21,1779.16,1015.96,2795.51,2212,4525,0,24,20,12,16
922,0.193,0.107,901.936,902.357,2212,4525,0,0,0,0,6
923,0.169,2148.41,700.894,2849.6,2214,4529,0,24,20,12,16
924,613.687,5250.29,533.883,6398.06,2218,4537,1,48,40,24,31
925,446.534,9542.15,233.835,10222.7,2224,4549,2,72,60,36,43
926,0.339,5171.9,183.787,5356.16,2228,4557,1,48,40,24,28
927,0.36,0.137,1188.26,1188.86,2228,4557,0,0,0,0,7
928,0.186,13336.1,666.287,14002.7,2238,4577,4,120,100,60,74
929,0.412,0.133,1875.72,1876.39,2238,4577,0,0,0,0,8
930,0.402,1834.67,740.371,2575.55,2240,4581,0,24,20,12,16
931,0.173,0.154,1296.27,1296.7,2240,4581,0,0,0,0,8
932,0.224,0.094,1314.01,1314.43,2240,4581,0,0,0,0,8
933,0.219,4117.93,601.73,4719.98,2244,4589,1,48,40,24,31
934,0.174,10763.3,511.922,11275.5,2250,4601,2,72,60,36,47
935,0.41,8949.83,700.792,9651.14,2256,4613,2,72,60,36,47
936,0.315,9621.87,653.032,10275.4,2262,4625,2,72,60,36,47
937,302.384,2536.16,812.615,3651.27,2264,4629,0,24,20,12,16
938,0.396,6658.37,155.621,6814.55,2268,4637,1,48,40,24,28
939,0.246,14090.9,778.832,14870.1,2276,4653,3,96,80,48,59
940,0.447,6004.93,367.14,6372.66,2280,4661,1,48,40,24,28
941,0.449,0.18,2265.18,2265.96,2280,4661,0,0,0,0,8
942,0.24,0.084,1560.18,1560.63,2280,4661,0,0,0,0,6
943,0.206,0.276,996.509,997.116,2280,4661,0,0,0,0,5
944,0.292,3645.07,936.005,4581.52,2282,4665,0,24,20,12,16
945,0.62,0.087,2010.09,2010.95,2282,4665,0,0,0,0,8
946,0.353,0.132,1771.05,1771.66,2282,4665,0,0,0,0,8
947,5.067,0.117,1380.99,1386.33,2282,4665,0,0,0,0,5
948,0.208,0.218,1349.08,1349.61,2282,4665,0,0,0,0,8
949,0.136,0.179,726.276,726.694,2282,4665,0,0,0,0,4
950,0.607,8343.57,655.178,8999.49,2288,4677,2,72,60,36,47
951,0.565,1892.37,661.358,2554.4,2290,4681,0,24,20,12,16
952,0.557,5186.27,194.006,5380.98,2294,4689,1,48,40,24,28
953,0.384,6250.09,162.103,6412.68,2298,4697,1,48,40,24,28
954,0.449,3360.29,704.7,4065.6,2300,4701,0,24,20,12,16
955,0.351,0.156,1686.94,1687.6,2300,4701,0,0,0,0,6
956,0.227,7549.8,225.849,7776.01,2306,4713,2,72,60,36,43
957,0.31,8717.42,615.108,9332.97,2312,4725,2,72,60,36,47
958,0.436,0.065,1224.89,1225.49,2312,4725,0,0,0,0,8
959,863.558,3361.93,1007.11,5232.77,2314,4729,0,24,20,12,16
960,0.321,2609.01,1311.23,3920.72,2316,4733,0,24,20,12,16
961,0.22,6688.23,1100.39,7788.99,2320,4741,1,48,40,24,31
962,303.382,2998.35,700.918,4002.76,2322,4745,0,24,20,12,16
963,343.095,2771.25,1281.73,4396.26,2324,4749,0,24,20,12,16
964,535.214,2476.49,790.053,3801.89,2326,4753,0,24,20,12,16
965,0.442,1859.81,728.724,2589.1,2328,4757,0,24,20,12,16
966,0.454,4500.82,160.504,4661.88,2332,4765,1,48,40,24,28
967,0.366,0.188,1390.43,1391.15,2332,4765,0,0,0,0,8
968,375.262,3492.22,1156.4,5024.02,2334,4769,0,24,20,12,16
969,0.242,2513.13,1183.01,3696.54,2336,4773,0,24,20,12,16
970,0.241,3074.49,1301.93,4376.89,2338,4777,0,24,20,12,16
971,602.147,2508.66,838.131,3949.13,2340,4781,0,24,20,12,16
972,0.351,5650.31,177.224,5828.02,2344,4789,1,48,40,24,28
973,0.36,10970.9,663.584,11635,2352,4805,3,96,80,48,59
974,0.246,0.172,1181.6,1182.18,2352,4805,0,0,0,0,5
975,0.276,1959.37,870.56,2830.42,2354,4809,0,24,20,12,16
976,0.312,0.034,987.728,988.276,2354,4809,0,0,0,0,5
977,0.31,7814.54,252.305,8067.28,2358,4817,1,48,40,24,28
978,546.911,5597.73,566.774,6711.64,2362,4825,1,48,40,24,31
979,0.275,1869.92,813.498,2683.79,2364,4829,0,24,20,12,16
980,0.302,5747.13,1327.18,7074.74,2368,4837,1,48,40,24,31
981,0.357,10745.9,902.651,11649.2,2374,4849,2,72,60,36,47
982,0.502,0.173,2015.28,2016.18,2374,4849,0,0,0,0,8
983,0.226,5280.07,193.372,5473.8,2377,4856,1,36,32,18,21
984,0.226,0.098,1551.95,1552.48,2377,4856,0,0,0,0,5
985,0.289,6672.82,865.833,7539.16,2381,4864,1,48,40,24,31
986,0.507,9194.43,212.372,9407.42,2385,4872,1,48,40,24,28
987,0.61,7811.28,672.891,8484.99,2389,4880,1,48,40,24,31
988,1.234,3729.95,1681.42,5412.9,2391,4884,0,24,20,12,16
989,0.271,10979.3,1381.9,12361.6,2397,4896,2,72,60,36,47
990,0.55,8015.6,368.184,8384.56,2401,4904,1,48,40,24,28
991,327.814,2873.82,787.144,3988.96,2403,4908,0,24,20,12,16
992,0.459,1681.34,773.665,2455.56,2405,4912,0,24,20,12,16
993,0.184,8203.86,1060.42,9264.62,2411,4924,2,72,60,36,47
994,0.386,0.167,1191.57,1192.32,2411,4924,0,0,0,0,5
995,0.23,2966.25,940.884,3907.57,2413,4928,0,24,20,12,16
996,322.726,4639.34,146.261,5108.54,2417,4936,1,48,40,24,28
997,318.176,2459.39,845.887,3623.66,2419,4940,0,24,20,12,16
998,0.357,8231.89,766.337,8998.71,2425,4952,2,72,60,36,47
999,0.261,0.159,1411.88,1412.42,2425,4952,0,0,0,0,8
1000,0.23,4334.89,555.685,4890.9,2429,4960,1,48,40,24,31
1001,0.207,5055.25,741.626,5797.22,2433,4968,1,48,40,24,31
1002,0.384,6488.36,1308.34,7797.28,2437,4976,1,48,40,24,31
1003,0.496,18436.7,820.261,19257.6,2446,4995,4,108,92,54,67
1004,0.393,3408.22,1117.87,4526.7,2448,4999,0,24,20,12,16
1005,0.515,0.202,1420.73,1421.61,2448,4999,0,0,0,0,5
1006,0.233,2194.9,828.847,3024.17,2450,5003,0,24,20,12,16
1007,0.265,13033.8,1342.59,14376.9,2456,5015,2,72,60,36,47
1008,0.724,3183.5,1045.63,4230.06,2458,5019,0,24,20,12,16
1009,0.378,8137.37,418.507,8556.49,2462,5027,1,48,40,24,28
1010,0.497,14181.4,800.303,14982.3,2470,5043,3,96,80,48,59
1011,1.129,6978.18,203.866,7183.34,2474,5051,1,48,40,24,28
1012,0.221,4978.36,798.964,5777.76,2477,5058,1,36,32,18,24
1013,910.05,3541.06,1739.59,6190.95,2479,5062,0,24,20,12,16
1014,0.38,0.216,2375.51,2376.3,2479,5062,0,0,0,0,8
1015,0.239,0.173,1870.92,1871.53,2479,5062,0,0,0,0,5
1016,0.352,12672.6,399.98,13073.1,2485,5074,2,72,60,36,43
1017,0.237,7877.5,797.096,8675.04,2489,5082,1,48,40,24,31
1018,0.225,0.162,1755.7,1756.22,2489,5082,0,0,0,0,8
1019,1167.11,4058.43,1305.66,6531.57,2491,5086,0,24,20,12,16
1020,366.918,3522.37,1029.14,4918.59,2493,5090,0,24,20,12,16
1021,0.38,0.178,1597.24,1598.01,2493,5090,0,0,0,0,7
1022,0.214,0.114,2389.53,2390.06,2493,5090,0,0,0,0,8
1023,0.285,10601.3,637.488,11239.1,2499,5102,2,72,60,36,47
1024,0.441,0.053,1002.24,1002.87,2499,5102,0,0,0,0,5
1025,506.389,3634.46,1001.41,5142.45,2501,5106,0,24,20,12,16
1026,316.262,2005.36,964.114,3285.88,2502,5109,0,12,12,6,9
1027,0.387,0.216,2250.25,2250.99,2502,5109,0,0,0,0,7
1028,0.712,0.135,1966.2,1967.17,2502,5109,0,0,0,0,7
1029,0.286,0.266,1773.92,1774.58,2502,5109,0,0,0,0,5
1030,0.293,8328.97,212.34,8541.73,2506,5117,1,48,40,24,28
1031,372.646,3937.66,1659.75,5970.24,2508,5121,0,24,20,12,16
1032,0.242,2011.41,1180.12,3191.89,2509,5124,0,12,12,6,9
1033,0.328,2788.75,1346.92,4136.26,2511,5128,0,24,20,12,16
1034,0.364,0.175,2499.86,2500.6,2511,5128,0,0,0,0,8
1035,0.222,0.136,2372.15,2372.68,2511,5128,0,0,0,0,8
1036,0.262,3172.88,1636.13,4809.47,2513,5132,0,24,20,12,16
1037,0.267,12600.5,961.854,13562.8,2519,5144,2,72,60,36,43
1038,0.634,9271.59,144.583,9416.92,2523,5152,1,48,40,24,28
1039,0.422,12972.7,935.96,13909.3,2529,5164,2,72,60,36,47
1040,0.57,20414.5,1564.73,21980,2539,5184,4,120,100,60,74
1041,0.661,0.213,3369.47,3370.54,2539,5184,0,0,0,0,8
1042,0.338,0.138,1973.21,1973.89,2539,5184,0,0,0,0,7
1043,0.878,18286.5,789.557,19077.2,2548,5203,4,108,92,54,67
1044,0.345,0.121,1386.99,1387.6,2548,5203,0,0,0,0,7
1045,0.224,0.102,1106.43,1106.86,2548,5203,0,0,0,0,5
1046,0.25,3779.91,1207.83,4988.2,2550,5207,0,24,20,12,16
1047,0.362,0.209,2177.18,2177.89,2550,5207,0,0,0,0,8
1048,0.349,0.149,2088.56,2089.2,2550,5207,0,0,0,0,7
1049,0.213,0.14,2272.17,2272.74,2550,5207,0,0,0,0,7
1050,0.187,4191.41,1633.55,5825.42,2552,5211,0,24,20,12,16
1051,0.505,3893.98,1018.71,4913.37,2554,5215,0,24,20,12,16
1052,0.421,7718.19,872.351,8591.23,2558,5223,1,48,40,24,31
1053,0.373,3585.11,1228.93,4814.69,2560,5227,0,24,20,12,16
1054,654.763,2660.8,934.051,4249.77,2562,5231,0,24,20,12,16
1055,0.446,2815.32,1187.57,4003.54,2564,5235,0,24,20,12,16
1056,0.25,14882.8,1341.93,16225.2,2572,5251,3,96,80,48,59
1057,537.502,2056.7,776.818,3371.2,2573,5254,0,12,12,6,9
1058,0.322,3347.47,1683.39,5031.4,2575,5258,0,24,20,12,16
1059,0.301,0.218,2420.38,2421.05,2575,5258,0,0,0,0,7
1060,0.221,0.084,1700.38,1700.88,2575,5258,0,0,0,0,4
1061,323.169,3396.94,921.215,4641.53,2577,5262,0,24,20,12,16
1062,0.978,9030.13,890.019,9921.34,2581,5270,1,48,40,24,31
1063,0.719,0.075,1874.01,1874.96,2581,5270,0,0,0,0,5
1064,0.245,14992.8,1331.08,16324.3,2588,5285,3,84,72,42,52
1065,699.549,2490.27,1059.76,4249.75,2590,5289,0,24,20,12,16
1066,0.579,0.18,1608.35,1609.21,2590,5289,0,0,0,0,8
1067,0.266,2296.83,888.946,3186.2,2592,5293,0,24,20,12,16
1068,337.912,2482.82,861.837,3682.74,2594,5297,0,24,20,12,16
1069,0.145,6506.63,744.857,7251.79,2598,5305,1,48,40,24,31
1070,0.267,0.186,1379.57,1380.14,2598,5305,0,0,0,0,7
1071,0.208,2331.56,913.319,3245.21,2600,5309,0,24,20,12,16
1072,0.204,26410.5,971.996,27382.9,2612,5333,5,144,120,72,89
1073,0.381,0.065,3651.14,3651.79,2612,5333,0,0,0,0,6
1074,0.621,24835.2,1244.81,26080.8,2623,5356,5,132,112,66,79
1075,0.368,12537.2,1299.48,13837.2,2629,5368,2,72,60,36,47
1076,0.258,8658.07,347.611,9006.13,2633,5376,1,48,40,24,28
1077,0.291,0.15,2672.27,2672.84,2633,5376,0,0,0,0,8
1078,0.282,0.169,1581.09,1581.73,2633,5376,0,0,0,0,5
1079,0.317,13207,924.342,14131.8,2639,5388,2,72,60,36,47
1080,0.489,0.081,1735.94,1736.66,2639,5388,0,0,0,0,5
1081,396.115,3872.83,1574.99,5844.16,2641,5392,0,24,20,12,16
1082,0.481,3883.82,1393.51,5277.96,2643,5396,0,24,20,12,16
1083,0.245,9426.51,1169.57,10596.5,2647,5404,1,48,40,24,31
1084,0.794,3823.86,1288.83,5113.7,2649,5408,0,24,20,12,16
1085,0.484,3618.51,1013.83,4633.03,2651,5412,0,24,20,12,16
1086,0.312,7964.98,176.227,8141.62,2655,5420,1,48,40,24,28
1087,0.392,3170.42,1744.76,4915.74,2657,5424,0,24,20,12,16
1088,0.274,0.128,2607.7,2608.31,2657,5424,0,0,0,0,8
1089,1045.74,3618.36,1422.86,6087.19,2659,5428,0,24,20,12,16
1090,0.508,0.131,2526.51,2527.24,2659,5428,0,0,0,0,7
1091,0.273,2999.68,971.882,3971.97,2661,5432,0,24,20,12,16
1092,0.228,20320.6,909.35,21230.4,2671,5452,4,120,100,60,74
1093,1778.57,5093.45,1128.86,8001.08,2673,5456,0,24,20,12,16
1094,0.809,3721.29,1775.14,5497.52,2675,5460,0,24,20,12,16
1095,0.464,4209.45,1349.78,5559.96,2677,5464,0,24,20,12,16
1096,0.533,0.129,2727.79,2728.62,2677,5464,0,0,0,0,8
1097,0.275,14321.6,1449.48,15771.5,2683,5476,2,72,60,36,47
1098,0.616,0.096,2082.67,2083.61,2683,5476,0,0,0,0,6
1099,0.412,19411.6,843.438,20255.6,2691,5492,3,96,80,48,62
1100,0.917,0.375,2634.66,2636.21,2691,5492,0,0,0,0,8
1101,0.485,3910.99,1135.99,5047.59,2693,5496,0,24,20,12,16
1102,1.115,0.147,3830.29,3831.84,2693,5496,0,0,0,0,7
1103,0.443,9950.35,257.36,10208.3,2697,5504,1,48,40,24,28
1104,0.454,7974.61,1201.28,9176.54,2701,5512,1,48,40,24,31
1105,0.398,8554.34,193.422,8748.31,2705,5520,1,48,40,24,28
1106,0.299,17868.4,1393.01,19261.8,2713,5536,3,96,80,48,62
1107,859.322,4629.67,1678.66,7167.97,2715,5540,0,24,20,12,16
1108,1.128,9955.37,2026.36,11983.2,2719,5548,1,48,40,24,31
1109,1.097,4397.06,1757.63,6155.99,2721,5552,0,24,20,12,16
1110,1.072,0.207,3146.42,3147.9,2721,5552,0,0,0,0,8
1111,1.031,0.264,2419.34,2420.88,2721,5552,0,0,0,0,5
1112,1.03,17652.1,1362.21,19015.7,2731,5572,4,120,100,60,71
1113,0.85,4825.16,1852.57,6678.78,2733,5576,0,24,20,12,16
1114,0.434,17045.8,797.715,17844.1,2741,5592,3,96,80,48,62
1115,0.516,2560.64,933.516,3494.8,2743,5596,0,24,20,12,16
1116,0.153,5913.88,183.64,6097.76,2747,5604,1,48,40,24,28
1117,0.262,5435.57,690.826,6126.74,2751,5612,1,48,40,24,31
1118,0.335,2317.94,837.796,3156.16,2753,5616,0,24,20,12,16
1119,1.08,0.309,3252.78,3254.37,2753,5616,0,0,0,0,8
1120,0.401,17664,1391.87,19056.5,2761,5632,3,96,80,48,59
1121,0.42,15254,766.355,16020.9,2768,5647,3,84,72,42,55
1122,0.303,15928,1090.6,17019,2774,5659,2,72,60,36,47
1123,0.497,15904.2,1001.17,16906,2780,5671,2,72,60,36,47
1124,0.309,4047.85,1946.4,5994.69,2782,5675,0,24,20,12,16
1125,427.222,4455.62,1612.31,6495.39,2784,5679,0,24,20,12,16
1126,0.368,2959.12,1807.61,4767.32,2786,5683,0,24,20,12,16
1127,0.235,0.197,2978.08,2978.72,2786,5683,0,0,0,0,8
1128,1044.89,4255.54,1249.38,6550.1,2788,5687,0,24,20,12,16
1129,0.39,0.13,2400.47,2401.15,2788,5687,0,0,0,0,6
1130,0.373,4584.03,1811.9,6396.46,2790,5691,0,24,20,12,16
1131,1.654,9216.38,1007.62,10225.8,2794,5699,1,48,40,24,31
1132,0.417,9927.72,959.484,10887.8,2798,5707,1,48,40,24,31
1133,0.432,0.141,3425.77,3426.58,2798,5707,0,0,0,0,8
1134,655.605,4133.54,1298.65,6088.08,2800,5711,0,24,20,12,16
1135,0.311,17963.5,1482.62,19446.6,2808,5727,3,96,80,48,62
1136,0.453,3780.92,1328.15,5109.67,2810,5731,0,24,20,12,16
1137,0.276,3254.7,999.637,4254.72,2812,5735,0,24,20,12,16
1138,0.233,3165.21,1092.66,4258.3,2814,5739,0,24,20,12,16
1139,0.219,12516.8,1508.3,14025.5,2818,5747,1,48,40,24,31
1140,0.524,0.123,2119.77,2120.59,2818,5747,0,0,0,0,5
1141,0.297,0.177,1565.67,1566.32,2818,5747,0,0,0,0,6
1142,0.187,3337.83,1052.76,4390.91,2820,5751,0,24,20,12,16
1143,0.246,19879.2,1429,21308.6,2828,5767,3,96,80,48,62
1144,0.351,17684.4,1330.24,19015.2,2834,5779,2,72,60,36,47
1145,0.471,4379.26,2074.18,6454.1,2836,5783,0,24,20,12,16
1146,0.428,16965.8,1146.14,18112.5,2842,5795,2,72,60,36,47
1147,0.474,11339.5,1372.32,12712.5,2846,5803,1,48,40,24,31
1148,0.426,18442.4,1553.62,19996.6,2852,5815,2,72,60,36,47
1149,0.604,21834.2,1643.49,23478.4,2860,5831,3,96,80,48,59
1150,0.642,0.189,2373.2,2374.19,2860,5831,0,0,0,0,7
1151,0.288,13662.2,967.057,14629.7,2866,5843,2,72,60,36,47
1152,0.34,25821.8,1846.91,27669.3,2876,5863,4,120,100,60,77
1153,0.56,5076.78,2203.24,7280.75,2878,5867,0,24,20,12,16
1154,0.445,4648.48,2065.65,6714.74,2880,5871,0,24,20,12,16
1155,0.23,11351.8,1696.38,13048.6,2884,5879,1,48,40,24,31
1156,0.239,0.162,2388.68,2389.24,2884,5879,0,0,0,0,5
1157,0.348,17604.7,957.804,18563,2890,5891,2,72,60,36,47
1158,0.497,10845.8,267.838,11114.3,2894,5899,1,48,40,24,28
1159,0.578,4291.49,1915.4,6207.67,2896,5903,0,24,20,12,16
1160,805.181,3415.23,989.64,5210.27,2898,5907,0,24,20,12,16
1161,0.314,3151.58,1002.14,4154.15,2900,5911,0,24,20,12,16
1162,0.225,0.141,1701.38,1701.84,2900,5911,0,0,0,0,7
1163,0.18,15888.2,1011.66,16900.1,2908,5927,3,96,80,48,58
1164,0.305,15758.7,1348.06,17107.3,2914,5939,2,72,60,36,47
1165,1221.75,5560.38,2145.18,8927.62,2916,5943,0,24,20,12,16
1166,0.498,0.127,4443.93,4444.77,2916,5943,0,0,0,0,8
1167,422.406,4142.95,2002.64,6568.27,2918,5947,0,24,20,12,16
1168,0.443,11347.7,293.934,11642.3,2922,5955,1,48,40,24,28
1169,0.43,5205.46,1665.37,6871.45,2924,5959,0,24,20,12,16
1170,0.474,22352.3,1520.45,23873.4,2932,5975,3,96,80,48,62
1171,0.701,20247.3,904.188,21152.3,2940,5991,3,96,80,48,59
1172,0.347,8910.29,1725.32,10636.1,2944,5999,1,48,40,24,31
1173,0.452,0.111,2010.46,2011.16,2944,5999,0,0,0,0,6
1174,372.649,9703.69,1081.79,11158.3,2948,6007,1,48,40,24,31
1175,0.287,9450.25,1586.69,11037.4,2952,6015,1,48,40,24,31
1176,0.42,18262.8,1265.37,19528.8,2958,6027,2,72,60,36,47
1177,0.604,0.108,3189.65,3190.51,2958,6027,0,0,0,0,8
1178,0.322,0.177,2336.24,2336.88,2958,6027,0,0,0,0,5
1179,0.226,26272.4,1531.06,27803.9,2968,6047,4,120,100,60,74
1180,0.538,16697,527.594,17225.3,2974,6059,2,72,60,36,43
1181,0.904,18720.3,1136.82,19858.2,2980,6071,2,72,60,36,47
1182,0.512,10357.2,1347.18,11705.1,2984,6079,1,48,40,24,31
1183,0.424,0.225,2833.45,2834.26,2984,6079,0,0,0,0,6
1184,0.268,12695.6,1662.12,14358.2,2988,6087,1,48,40,24,31
1185,0.44,26935.3,1545.68,28481.7,2998,6107,4,120,100,60,74
1186,0.518,0.223,3234.68,3235.57,2998,6107,0,0,0,0,8
1187,0.376,5197.16,1968.56,7166.35,3000,6111,0,24,20,12,16
1188,0.329,15016,1362.27,16378.8,3005,6122,2,60,52,30,40
1189,0.492,4678.86,1521.36,6200.86,3007,6126,0,24,20,12,16
1190,0.368,10474.6,1557.16,12032.4,3011,6134,1,48,40,24,31
1191,0.248,10451.5,1629.52,12081.5,3015,6142,1,48,40,24,31
1192,0.242,4928.48,1375.92,6304.85,3017,6146,0,24,20,12,16
1193,452.32,5016.56,1346.35,6815.39,3019,6150,0,24,20,12,16
1194,0.26,23600.2,1544.82,25145.5,3027,6166,3,96,80,48,62
1195,0.589,4836.87,1952.65,6790.34,3029,6170,0,24,20,12,16
1196,0.248,17049.6,509.242,17559.3,3035,6182,2,72,60,36,40
1197,0.537,17145.4,1337.69,18483.8,3041,6194,2,72,60,36,47
1198,0.245,19497.4,1701.95,21199.8,3047,6206,2,72,60,36,46
1199,0.547,13041.2,1236.73,14278.6,3051,6214,1,48,40,24,31
1200,0.374,8616.42,1453.09,10070.1,3054,6221,1,36,32,18,24
1201,0.497,11819.7,382.022,12202.4,3058,6229,1,48,40,24,28
1202,0.695,23397.8,1609.78,25008.4,3066,6245,3,96,80,48,62
1203,0.357,33498.7,1711.01,35210.2,3076,6265,4,120,100,60,77
1204,0.438,17041.7,1704.74,18747.1,3082,6277,2,72,60,36,47
1205,788.329,5641.82,1928.37,8358.75,3084,6281,0,24,20,12,16
1206,446.66,4695.95,2381.24,7524.09,3086,6285,0,24,20,12,16
1207,0.472,0.075,2525.16,2525.91,3086,6285,0,0,0,0,5
1208,0.291,0.265,2956.86,2957.61,3086,6285,0,0,0,0,7
1209,0.349,4577.07,2141.91,6719.53,3088,6289,0,24,20,12,16
1210,410.175,4573.63,2137.61,7121.69,3090,6293,0,24,20,12,16
1211,0.287,11837.2,386.237,12224,3094,6301,1,48,40,24,28
1212,0.53,10999,1581.25,12581,3098,6309,1,48,40,24,31
1213,0.235,0.135,2012.97,2013.47,3098,6309,0,0,0,0,5
1214,0.274,0.124,2193.93,2194.58,3098,6309,0,0,0,0,5
1215,0.385,4608.68,1930.91,6540.11,3100,6313,0,24,20,12,16
1216,0.291,6636.16,1776.45,8413.03,3102,6317,0,24,20,12,16
1217,0.706,10095.8,326.16,10422.9,3105,6324,1,36,32,18,22
1218,0.332,4770.16,2257.17,7027.82,3107,6328,0,24,20,12,16
1219,0.425,27233.4,2094.13,29328.1,3115,6344,3,96,80,48,62
1220,0.544,5578.54,2373.3,7952.62,3117,6348,0,24,20,12,16
1221,0.52,12481,1903.37,14385,3121,6356,1,48,40,24,31
1222,0.286,5225.93,2063.57,7289.96,3123,6360,0,24,20,12,16
1223,0.433,0.133,2447.37,2448.19,3123,6360,0,0,0,0,5
1224,0.239,0.187,2966.73,2967.39,3123,6360,0,0,0,0,6
1225,0.224,0.191,3030.4,3031.02,3123,6360,0,0,0,0,8
1226,459.821,5162.88,2007.54,7630.46,3125,6364,0,24,20,12,16
1227,0.215,13031.2,1505.78,14537.3,3129,6372,1,48,40,24,31
1228,0.819,4429.92,2342.34,6773.31,3131,6376,0,24,20,12,16
1229,0.51,22292.3,1498.65,23791.7,3137,6388,2,72,60,36,47
1230,0.556,0.074,3250.01,3250.86,3137,6388,0,0,0,0,6
1231,0.28,0.064,1530.94,1531.43,3137,6388,0,0,0,0,4
1232,0.246,26871.7,1777.67,28649.8,3145,6404,3,96,80,48,59
1233,0.427,26556.3,1767.44,28324.4,3153,6420,3,96,80,48,62
1234,0.434,13091.4,549.401,13641.4,3157,6428,1,48,40,24,28
1235,0.418,12571.7,526.29,13098.6,3161,6436,1,48,40,24,28
1236,0.545,0.115,3469.15,3469.95,3161,6436,0,0,0,0,7
1237,0.323,0.159,3110.34,3110.97,3161,6436,0,0,0,0,7
1238,0.283,0.204,3877.19,3877.83,3161,6436,0,0,0,0,8
1239,0.44,0.114,3273.49,3274.24,3161,6436,0,0,0,0,6
1240,0.332,0.114,3127.12,3127.72,3161,6436,0,0,0,0,6
1241,0.49,26766.8,1478.37,28245.9,3169,6452,3,96,80,48,62
1242,0.386,20799.2,1644.04,22443.8,3175,6464,2,72,60,36,47
1243,0.487,0.186,3553.56,3554.4,3175,6464,0,0,0,0,8
1244,0.181,5719.74,2334.47,8054.6,3177,6468,0,24,20,12,16
1245,435.695,10912.6,574.937,11923.5,3181,6476,1,48,40,24,28
1246,696.781,6389.72,1970.19,9056.93,3183,6480,0,24,20,12,16
1247,0.71,15259.8,1934.72,17195.4,3187,6488,1,48,40,24,31
1248,0.394,6181.13,2064.49,8246.24,3189,6492,0,24,20,12,16
1249,0.662,0.324,3285.6,3286.76,3189,6492,0,0,0,0,5
1250,543.883,6424.49,2647.22,9615.81,3191,6496,0,24,20,12,16
1251,0.354,12898.8,333.277,13232.6,3195,6504,1,48,40,24,28
1252,0.6,0.083,2708.19,2709.16,3195,6504,0,0,0,0,5
1253,0.414,0.081,2894.5,2895.13,3195,6504,0,0,0,0,6
1254,566.279,6104.8,2467,9138.3,3197,6508,0,24,20,12,16
1255,0.625,6110.12,2390.9,8501.81,3199,6512,0,24,20,12,16
1256,0.609,0.162,4249.67,4250.63,3199,6512,0,0,0,0,8
1257,0.657,0.274,4515.92,4517.06,3199,6512,0,0,0,0,8
1258,0.257,0.207,3390.68,3391.28,3199,6512,0,0,0,0,5
1259,0.513,26031.7,2057.03,28089.5,3207,6528,3,96,80,48,62
1260,0.491,13096.5,633.853,13731.1,3211,6536,1,48,40,24,28
1261,0.622,24584.5,1682.81,26268.2,3217,6548,2,72,60,36,47
1262,0.68,36829.7,2198.76,39029.4,3227,6568,4,120,100,60,74
1263,0.516,0.172,3293.55,3294.45,3227,6568,0,0,0,0,5
1264,0.438,0.129,1948.13,1948.86,3227,6568,0,0,0,0,4
1265,0.246,0.122,3174.73,3175.26,3227,6568,0,0,0,0,8
1266,0.556,15149.1,2134.88,17284.8,3231,6576,1,48,40,24,31
1267,0.658,27667,2097.41,29765.2,3239,6592,3,96,80,48,59
1268,0.284,0.169,2627.42,2628.09,3239,6592,0,0,0,0,5
1269,0.299,5436.77,2282.41,7719.64,3241,6596,0,24,20,12,16
1270,0.241,0.251,3909.8,3910.44,3241,6596,0,0,0,0,8
1271,0.366,0.123,4610.92,4611.57,3241,6596,0,0,0,0,8
1272,0.401,15705.7,2425.8,18132.1,3245,6604,1,48,40,24,31
1273,0.661,0.18,3471.72,3472.82,3245,6604,0,0,0,0,5
1274,0.747,0.173,5131.51,5132.68,3245,6604,0,0,0,0,8
1275,0.415,0.088,2938.69,2939.43,3245,6604,0,0,0,0,4
1276,0.347,0.156,4118.69,4119.41,3245,6604,0,0,0,0,6
1277,0.287,40280,1375.23,41655.6,3255,6624,4,120,100,60,74
1278,0.413,4779.12,2259.33,7038.99,3257,6628,0,24,20,12,16
1279,0.55,5894.29,2231.32,8126.31,3259,6632,0,24,20,12,16
1280,481.772,13923.9,316.927,14722.8,3263,6640,1,48,40,24,28
1281,0.386,30075.2,2135.08,32210.8,3271,6656,3,96,80,48,62
1282,0.546,11851.6,2072.18,13924.5,3274,6663,1,36,32,18,24
1283,492.061,6682.66,2135.95,9310.96,3276,6667,0,24,20,12,16
1284,0.453,0.27,4438.06,4439.01,3276,6667,0,0,0,0,8
1285,0.322,15964.3,616.466,16581.3,3280,6675,1,48,40,24,28
1286,1317.09,3745.57,2120.69,7183.65,3281,6678,0,12,12,6,9
1287,0.612,12437.3,562.918,13001,3284,6685,1,36,32,18,22
1288,0.534,0.199,2392.72,2393.61,3284,6685,0,0,0,0,5
1289,0.347,0.206,4195.16,4195.94,3284,6685,0,0,0,0,8
1290,0.388,0.218,2943.09,2943.85,3284,6685,0,0,0,0,8
1291,0.52,0.191,3306.62,3307.53,3284,6685,0,0,0,0,6
1292,494.273,6177.47,2501.09,9173.12,3286,6689,0,24,20,12,16
1293,0.285,0.096,4231.28,4231.89,3286,6689,0,0,0,0,8
1294,0.29,13337.8,425.809,13764.1,3290,6697,1,48,40,24,28
1295,0.443,0.219,5031.56,5032.44,3290,6697,0,0,0,0,8
1296,0.24,36737.7,1578.72,38316.8,3300,6717,4,120,100,60,74
1297,0.481,13701.9,1662.09,15364.7,3304,6725,1,48,40,24,31
1298,0.364,9853.61,394.742,10248.9,3307,6732,1,36,32,18,21
1299,0.542,13451.7,1860.25,15312.7,3311,6740,1,48,40,24,31
1300,1.06,25490,1318.34,26809.7,3317,6752,2,72,60,36,47
1301,0.481,5031.99,1666.52,6699.18,3319,6756,0,24,20,12,16
1302,0.22,12616.3,2196.52,14813.3,3323,6764,1,48,40,24,31
1303,0.383,13960.8,1753.13,15714.5,3327,6772,1,48,40,24,31
1304,0.43,7182.82,2394.64,9578.1,3329,6776,0,24,20,12,16
1305,0.365,5398.26,2368.35,7767.19,3331,6780,0,24,20,12,16
1306,0.454,5940.01,2516.8,8457.47,3333,6784,0,24,20,12,16
1307,0.611,0.23,3115.13,3116.18,3333,6784,0,0,0,0,5
1308,0.352,0.245,1869.27,1870.07,3333,6784,0,0,0,0,4
1309,0.24,49444.9,2136.27,51581.6,3348,6815,7,180,152,90,106
1310,0.642,6108.89,2661.35,8771.1,3350,6819,0,24,20,12,16
1311,0.577,6308.01,2859.82,9168.61,3352,6823,0,24,20,12,16
1312,0.46,29241,1745.6,30987.3,3360,6839,3,96,80,48,62
1313,0.591,0.211,2980.07,2981.12,3360,6839,0,0,0,0,5
1314,484.122,6022.18,2382.04,8888.61,3362,6843,0,24,20,12,16
1315,0.334,32403.7,2227.84,34632.1,3371,6862,4,108,92,54,67
1316,0.526,0.233,4357.22,4358.34,3371,6862,0,0,0,0,8
1317,0.42,29871.5,1406.65,31278.7,3379,6880,4,96,84,48,60
1318,0.395,5565.93,1793.89,7360.37,3381,6884,0,24,20,12,16
1319,0.265,20813.5,356.985,21170.8,3387,6896,2,72,60,36,40
1320,0.529,0.17,3862.32,3863.22,3387,6896,0,0,0,0,8
1321,0.437,16186.2,531.434,16718.3,3391,6904,1,48,40,24,28
1322,0.642,22162.4,1860.88,24024.1,3397,6916,2,72,60,36,43
1323,0.561,7268.93,2977.65,10247.3,3399,6920,0,24,20,12,16
1324,0.477,26454.7,540.847,26996.1,3405,6932,2,72,60,36,43
1325,0.575,54766.4,2113.58,56880.7,3419,6960,6,168,140,84,104
1326,0.599,0.147,4666.34,4667.29,3419,6960,0,0,0,0,8
1327,0.229,29160.3,2075.06,31235.8,3427,6976,3,96,80,48,62
1328,7.093,0.155,3146.43,3153.88,3427,6976,0,0,0,0,5
1329,0.32,3755.93,2328.11,6084.57,3428,6979,0,12,12,6,9
1330,0.507,20705.2,2087.37,22793.3,3434,6991,2,72,60,36,47
1331,0.525,33072.6,1624.56,34697.9,3444,7011,4,120,100,60,71
1332,0.525,6077.21,2751.21,8829.15,3446,7015,0,24,20,12,16
1333,609.464,6347.5,2171.58,9128.77,3448,7019,0,24,20,12,16
1334,0.288,0.311,4895.27,4896,3448,7019,0,0,0,0,8
1335,0.614,0.383,5187.88,5189.09,3448,7019,0,0,0,0,8
1336,0.41,16682.5,600.56,17283.7,3452,7027,1,48,40,24,28
1337,0.565,26343.8,1858.23,28202.8,3458,7039,2,72,60,36,47
1338,0.405,5233.64,2381.95,7616.2,3460,7043,0,24,20,12,16
1339,0.22,14273,1326.71,15600.1,3464,7051,1,48,40,24,31
1340,0.357,5068.02,2288.62,7357.21,3466,7055,0,24,20,12,16
1341,0.382,0.311,4160.73,4161.64,3466,7055,0,0,0,0,8
1342,0.344,12815.5,453.136,13269.2,3470,7063,1,48,40,24,28
1343,0.485,6705.77,2439.92,9146.32,3472,7067,0,24,20,12,16
1344,0.606,30763.2,2177.57,32941.5,3480,7083,3,96,80,48,62
1345,0.477,0.087,4787.64,4788.4,3480,7083,0,0,0,0,8
1346,0.276,6217.47,2519.18,8737.12,3482,7087,0,24,20,12,16
1347,0.23,0.15,3545.32,3545.91,3482,7087,0,0,0,0,6
1348,0.22,0.234,4251.1,4251.75,3482,7087,0,0,0,0,8
1349,0.333,3177.76,1800.3,4978.6,3483,7090,0,12,12,6,9
1350,0.319,39448.6,1813.87,41263,3493,7110,4,120,100,60,74
1351,0.606,0.064,4912.21,4913.1,3493,7110,0,0,0,0,8
1352,0.274,41360.9,1648.18,43009.5,3503,7130,4,120,100,60,77
1353,0.52,0.106,3530.25,3531.08,3503,7130,0,0,0,0,8
1354,0.277,24688.7,2047.74,26736.9,3509,7142,2,72,60,36,47
1355,1080.49,7508.2,2924.16,11513.2,3511,7146,0,24,20,12,16
1356,0.644,26292.5,2479.38,28772.7,3517,7158,2,72,60,36,47
1357,0.504,7541.15,3005.15,10547,3519,7162,0,24,20,12,16
1358,0.445,0.197,4682.81,4683.68,3519,7162,0,0,0,0,8
1359,0.501,6964.71,2706.99,9672.43,3521,7166,0,24,20,12,16
1360,0.458,0.185,5257.32,5258.1,3521,7166,0,0,0,0,8
1361,0.425,17816.8,2457.74,20275.2,3525,7174,1,48,40,24,31
1362,0.638,48297,1803.45,50101.3,3537,7198,5,144,120,72,89
1363,0.502,10897,2231.89,13129.6,3540,7205,1,36,32,18,24
1364,0.365,15905.6,357.846,16264,3544,7213,1,48,40,24,28
1365,0.348,35354.5,2109.27,37464.3,3554,7233,4,120,100,60,74
1366,0.564,0.215,4431.99,4432.93,3554,7233,0,0,0,0,8
1367,0.211,16061.8,2648.92,18711.1,3558,7241,1,48,40,24,31
1368,0.593,0.214,3884.3,3885.4,3558,7241,0,0,0,0,6
1369,0.405,20769.3,2225.44,22995.3,3564,7253,2,72,60,36,43
1370,0.631,14554.5,1791.51,16346.8,3568,7261,1,48,40,24,31
1371,0.554,13895.9,629.211,14525.9,3572,7269,1,48,40,24,28
1372,0.895,13631.2,610.129,14242.4,3575,7276,1,36,32,18,22
1373,0.573,15288.5,435.8,15725,3579,7284,1,48,40,24,28
1374,0.39,32432.5,686.736,33119.9,3587,7300,3,96,80,48,55
1375,0.552,8001.64,2770.08,10772.4,3589,7304,0,24,20,12,16
1376,0.738,0.212,4749.33,4750.48,3589,7304,0,0,0,0,7
1377,0.439,28321,2491.73,30813.4,3595,7316,2,72,60,36,46
1378,681.997,17602,610.384,18894.7,3599,7324,1,48,40,24,28
1379,0.576,49687.8,2096.27,51784.8,3611,7348,5,144,120,72,86
1380,0.722,25232.8,698.029,25931.7,3617,7360,2,72,60,36,43
1381,0.997,31856.4,2603.36,34461,3623,7372,2,72,60,36,47
1382,1.102,17872.7,2015.12,19889.1,3627,7380,1,48,40,24,31
1383,1.019,0.461,4949.03,4950.77,3627,7380,0,0,0,0,8
1384,0.445,0.238,4736.64,4737.52,3627,7380,0,0,0,0,8
1385,0.506,0.163,4207.5,4208.49,3627,7380,0,0,0,0,8
1386,0.456,0.194,4544.95,4545.88,3627,7380,0,0,0,0,8
1387,0.407,76441.1,2579.89,79021.6,3645,7416,8,216,180,108,128
1388,0.411,72050.3,2710.91,74761.9,3665,7456,9,240,200,120,143
1389,0.527,53540.6,3047.85,56589.2,3675,7476,4,120,100,60,73
1390,0.761,7742.45,2592.02,10335.4,3677,7480,0,24,20,12,16
1391,633.785,6128.26,2656.68,9418.97,3679,7484,0,24,20,12,16
1392,0.41,15294.5,447.223,15742.3,3683,7492,1,48,40,24,28
1393,0.509,23691.1,1860.51,25552.4,3689,7504,2,72,60,36,47
1394,0.56,50255.1,3728.82,53984.7,3697,7520,3,96,80,48,59
1395,0.801,25830.4,910.266,26741.7,3701,7528,1,48,40,24,28
1396,0.526,46267.9,2419.94,48688.6,3709,7544,3,96,80,48,62
1397,0.868,8187.99,3247.82,11436.9,3711,7548,0,24,20,12,16
1398,0.563,29188.7,2448.67,31638.2,3717,7560,2,72,60,36,47
1399,0.452,0.317,5777.57,5778.58,3717,7560,0,0,0,0,8
1400,0.992,0.233,5077.63,5079.07,3717,7560,0,0,0,0,6
1401,0.353,0.187,6025.56,6026.33,3717,7560,0,0,0,0,8
1402,0.25,40226.4,452.047,40679,3727,7580,4,120,100,60,70
1403,0.763,35727.5,2385.22,38113.7,3735,7596,3,96,80,48,62
1404,0.555,13670.9,628.113,14299.8,3738,7603,1,36,32,18,22
1405,623.541,7077.27,3050.28,10751.4,3740,7607,0,24,20,12,16
1406,0.524,15487.1,2245.63,17733.4,3744,7615,1,48,40,24,31
1407,0.316,68586.7,2625.78,71213,3758,7643,6,168,140,84,101
1408,0.644,8755.5,3525.52,12281.9,3760,7647,0,24,20,12,16
1409,1591.09,7225.05,2967.3,11783.7,3762,7651,0,24,20,12,16
1410,0.471,16705.2,475.691,17181.6,3766,7659,1,48,40,24,28
1411,0.579,15745.6,2613.2,18359.6,3770,7667,1,48,40,24,31
1412,0.925,16586.6,660.097,17247.9,3774,7675,1,48,40,24,28
1413,0.33,28771.8,2901.91,31674.3,3780,7687,2,72,60,36,47
1414,0.891,85143.4,2384.81,87529.5,3798,7723,8,216,180,108,131
1415,0.609,0.168,4143.51,4144.5,3798,7723,0,0,0,0,6
1416,0.279,16524.7,2118.01,18643.2,3802,7731,1,48,40,24,31
1417,0.347,16683.5,2482.9,19167,3806,7739,1,48,40,24,31
1418,1.382,9134.27,3530.47,12666.3,3808,7743,0,24,20,12,16
1419,0.603,48477.5,2591.41,51069.7,3818,7763,4,120,100,60,74
1420,0.485,38486.1,2904.37,41391.2,3826,7779,3,96,80,48,55
1421,0.634,20786.1,2853.08,23640.1,3830,7787,1,48,40,24,31
1422,0.251,0.2,6487.73,6488.4,3830,7787,0,0,0,0,8
1423,0.368,49017.3,2387.15,51405,3840,7807,4,120,100,60,74
1424,0.458,15774.9,511.976,16287.6,3844,7815,1,48,40,24,28
1425,0.417,0.256,5313.95,5314.83,3844,7815,0,0,0,0,8
1426,0.689,0.115,4277.95,4278.91,3844,7815,0,0,0,0,8
1427,0.35,41848.8,2429.16,44278.5,3854,7835,4,120,100,60,74
1428,0.386,8664.29,3154.55,11819.3,3856,7839,0,24,20,12,16
1429,0.479,8122.03,3428.49,11551.2,3858,7843,0,24,20,12,16
1430,0.477,20090.2,666.385,20757.2,3862,7851,1,48,40,24,28
1431,0.523,29859.2,2383.81,32243.7,3868,7863,2,72,60,36,47
1432,0.447,65491.3,2566.8,68058.8,3882,7891,6,168,140,84,104
1433,0.534,51981.6,2930.09,54912.5,3892,7911,4,120,100,60,71
1434,0.551,25660.4,2342.13,28003.3,3898,7923,2,72,60,36,43
1435,0.415,27763.6,2503.07,30267.3,3904,7935,2,72,60,36,47
1436,0.571,0.305,5442.07,5443.15,3904,7935,0,0,0,0,8
1437,0.484,0.211,5428.35,5429.25,3904,7935,0,0,0,0,8
1438,0.221,0.137,5502.72,5503.28,3904,7935,0,0,0,0,8
1439,0.365,18064.6,2151.47,20216.6,3908,7943,1,48,40,24,31
1440,1489.19,7499.24,3040.04,12028.7,3910,7947,0,24,20,12,16
1441,0.444,6828.48,2649.87,9478.99,3912,7951,0,24,20,12,16
1442,0.496,7330.05,3157.62,10488.4,3914,7955,0,24,20,12,16
1443,0.261,17683.7,2570.91,20255,3918,7963,1,48,40,24,31
1444,0.451,25079.9,588.901,25669.5,3924,7975,2,72,60,36,40
1445,0.439,29940.3,2982.76,32923.7,3930,7987,2,72,60,36,43
1446,0.889,0.26,4577.04,4578.33,3930,7987,0,0,0,0,5
1447,699.378,4299.18,2518.59,7517.47,3931,7990,0,12,12,6,9
1448,1.209,8346.17,3166.52,11514.1,3933,7994,0,24,20,12,16
1449,0.367,7674.24,2954.18,10628.9,3935,7998,0,24,20,12,16
1450,1.153,0.248,4310.31,4311.98,3935,7998,0,0,0,0,5
1451,0.368,24971.2,3177.68,28149.4,3940,8009,2,60,52,30,40
1452,0.682,34236.3,812.058,35049.3,3946,8021,2,72,60,36,43
1453,0.493,21056,2929.1,23985.8,3950,8029,1,48,40,24,31
1454,0.349,79918.2,2986.29,82905.1,3966,8061,7,192,160,96,113
1455,0.517,0.26,6379.04,6380.02,3966,8061,0,0,0,0,8
1456,0.472,19273.2,2577.24,21851.2,3970,8069,1,48,40,24,31
1457,0.613,18291.8,543.119,18835.7,3974,8077,1,48,40,24,28
1458,0.351,37356.4,2507.98,39865,3982,8093,3,96,80,48,59
1459,0.737,0.127,4533.05,4534.13,3982,8093,0,0,0,0,6
1460,0.311,79141.9,3266.76,82409.2,3996,8121,6,168,140,84,104
1461,1.179,21147.2,2587.83,23736.5,4000,8129,1,48,40,24,31
1462,0.499,38262.8,630.092,38893.7,4008,8145,3,96,80,48,55
1463,930.948,18783.5,631.43,20346.1,4012,8153,1,48,40,24,28
1464,0.465,0.195,5933.01,5933.86,4012,8153,0,0,0,0,8
1465,0.233,29962.7,2226.9,32190,4018,8165,2,72,60,36,47
1466,0.4,0.172,5581.92,5582.62,4018,8165,0,0,0,0,8
1467,0.372,17991.3,2448.28,20440.2,4022,8173,1,48,40,24,31
1468,0.484,0.241,5381.06,5381.94,4022,8173,0,0,0,0,8
1469,0.348,37501.3,2512.08,40013.8,4030,8189,3,96,80,48,59
1470,684.347,15885.6,780.003,17350.2,4033,8196,1,36,32,18,21
1471,0.654,21998.4,801.843,22801,4037,8204,1,48,40,24,28
1472,0.621,21782,798.653,22581.5,4041,8212,1,48,40,24,28
1473,0.597,67168.4,721.215,67890.5,4053,8236,5,144,120,72,85
1474,0.756,81234.7,3119.05,84354.7,4067,8264,6,168,140,84,101
1475,0.546,52109.1,2500.83,54610.6,4077,8284,4,120,100,60,70
1476,934.707,18231.4,2580.4,21746.8,4081,8292,1,48,40,24,31
1477,0.429,46406.7,604.434,47011.8,4091,8312,4,120,100,60,70
1478,0.377,8140.29,3283.12,11423.9,4093,8316,0,24,20,12,16
1479,0.359,29863,3158.3,33021.9,4098,8327,2,60,52,30,40
1480,0.46,48929.3,3197.55,52127.5,4106,8343,3,96,80,48,59
1481,0.449,9201.14,3982.14,13183.9,4108,8347,0,24,20,12,16
1482,0.453,33475.7,2805.5,36281.9,4114,8359,2,72,60,36,47
1483,1517.88,7980.44,3348.02,12846.6,4116,8363,0,24,20,12,16
1484,1.012,7502.34,2673.57,10177.2,4118,8367,0,24,20,12,16
1485,0.367,40364.5,2707.65,43072.7,4126,8385,4,96,84,48,60
1486,0.412,53907.4,2922.18,56830.2,4136,8405,4,120,100,60,74
1487,0.577,8779.44,3718.49,12498.7,4138,8409,0,24,20,12,16
1488,0.216,47850.8,2962.69,50813.9,4146,8425,3,96,80,48,62
1489,774.378,21138.5,2836.27,24749.4,4150,8433,1,48,40,24,31
1490,0.391,87530.8,2638.91,90170.3,4166,8465,7,192,160,96,116
1491,0.648,31437.1,2730.94,34168.9,4172,8477,2,72,60,36,47
1492,0.562,20317.5,2824.61,23142.9,4176,8485,1,48,40,24,31
1493,720.64,9220.32,3944.62,13885.9,4178,8489,0,24,20,12,16
1494,0.68,0.206,6741.16,6742.3,4178,8489,0,0,0,0,8
1495,0.275,0.131,6287.72,6288.25,4178,8489,0,0,0,0,7
1496,0.845,36065.4,3192.34,39258.9,4184,8501,2,72,60,36,47
1497,0.916,46792.1,3185.34,49978.6,4191,8516,3,84,72,42,55
1498,0.487,0.212,6873.58,6874.48,4191,8516,0,0,0,0,8
1499,734.484,9485.81,3887.35,14107.9,4193,8520,0,24,20,12,16
1500,1.006,17768.8,717.83,18487.9,4197,8528,1,48,40,24,28
1501,0.634,22902.1,3157.19,26060.1,4201,8536,1,48,40,24,31
1502,0.592,0.154,7340.52,7341.47,4201,8536,0,0,0,0,8
1503,0.49,38201,3254.74,41456.5,4207,8548,2,72,60,36,47
1504,0.476,9457.58,4072.34,13530.6,4209,8552,0,24,20,12,16
1505,0.392,0.136,4221.27,4221.92,4209,8552,0,0,0,0,4
1506,0.499,59286.3,3373.87,62660.9,4219,8572,4,120,100,60,71
1507,0.547,0.091,4959.12,4959.98,4219,8572,0,0,0,0,5
1508,0.482,0.122,5697.6,5698.38,4219,8572,0,0,0,0,6
1509,0.365,37067.9,3135.54,40203.9,4225,8584,2,72,60,36,47
1510,0.688,33113.3,852.631,33966.9,4231,8596,2,72,60,36,43
1511,0.648,10578.4,4066.17,14645.4,4233,8600,0,24,20,12,16
1512,0.406,9548.99,3659.39,13209,4235,8604,0,24,20,12,16
1513,0.53,71454.8,3301.17,74756.7,4247,8628,5,144,120,72,86
1514,0.446,0.224,7236.27,7237.18,4247,8628,0,0,0,0,8
1515,0.693,0.084,5324.83,5325.73,4247,8628,0,0,0,0,6
1516,0.278,24262.4,3231.78,27494.7,4251,8636,1,48,40,24,31
1517,0.47,46616.5,3302.76,49919.9,4259,8652,3,96,80,48,59
1518,0.468,88982.3,3085.01,92068,4273,8680,6,168,140,84,104
1519,0.672,44889.5,3022.74,47913.2,4281,8696,3,96,80,48,59
1520,0.67,20711.9,690.728,21403.5,4285,8704,1,48,40,24,28
1521,0.433,21003.6,711.591,21715.9,4289,8712,1,48,40,24,28
1522,0.674,39405.4,3190.71,42596.9,4295,8724,2,72,60,36,47
1523,5.321,61096.7,3005.08,64107.2,4305,8744,4,120,100,60,74
1524,0.726,10530.2,3872.08,14403.2,4307,8748,0,24,20,12,16
1525,0.478,21159.2,780.747,21940.6,4311,8756,1,48,40,24,28
1526,799.96,8423.33,3414.45,12637.9,4313,8760,0,24,20,12,16
1527,0.446,31484.7,2749.73,34235.1,4319,8772,2,72,60,36,47
1528,0.435,9804.42,3887.74,13692.8,4321,8776,0,24,20,12,16
1529,1.298,25493.4,931.302,26426.3,4325,8784,1,48,40,24,28
1530,0.581,10043.4,4294.35,14338.5,4327,8788,0,24,20,12,16
1531,0.494,40023.6,3483.96,43508.3,4333,8800,2,72,60,36,47
1532,0.465,0.176,5265.02,5265.84,4333,8800,0,0,0,0,5
1533,0.72,25346.7,907.503,26255.2,4337,8808,1,48,40,24,28
1534,0.595,33766,3312.54,37079.3,4342,8819,2,60,52,30,40
1535,0.458,0.172,7131.09,7131.93,4342,8819,0,0,0,0,8
1536,0.351,0.211,4943.42,4944.15,4342,8819,0,0,0,0,5
1537,0.283,37836,867.561,38704.1,4348,8831,2,72,60,36,43
1538,0.834,9922.66,3824.15,13747.8,4350,8835,0,24,20,12,16
1539,0.73,21495.3,2891.91,24388.1,4354,8843,1,48,40,24,31
1540,0.499,0.223,6372.42,6373.28,4354,8843,0,0,0,0,8
1541,0.235,54873,3198,58071.5,4364,8863,4,120,100,60,74
1542,1.118,30317.1,2951.26,33269.8,4370,8875,2,72,60,36,43
1543,0.466,58598.1,3460.39,62059.2,4380,8895,4,120,100,60,74
1544,0.626,24960.2,3416.8,28377.8,4384,8903,1,48,40,24,31
1545,0.613,38044.8,855.762,38901.4,4390,8915,2,72,60,36,43
1546,1953.14,25374.3,959.106,28286.8,4394,8923,1,48,40,24,28
1547,0.518,0.2,7703.46,7704.39,4394,8923,0,0,0,0,8
1548,0.704,25254.1,887.909,26143,4398,8931,1,48,40,24,28
1549,0.712,5220.73,3473.08,8694.72,4399,8934,0,12,12,6,9
1550,1.07,51523.8,3642.77,55167.9,4407,8950,3,96,80,48,62
1551,0.528,25345.4,3287.52,28633.7,4411,8958,1,48,40,24,31
1552,0.584,61278.8,3331.5,64611.1,4421,8978,4,120,100,60,74
1553,1905.23,8905.55,3672.04,14483.1,4423,8982,0,24,20,12,16
1554,0.56,54115.7,3006.06,57122.6,4433,9002,4,120,100,60,74
1555,0.405,46658.7,3623.89,50283.2,4441,9018,3,96,80,48,59
1556,0.993,60769.6,3282.5,64053.4,4451,9038,4,120,100,60,71
1557,0.489,31900.9,3151.86,35053.3,4456,9049,2,60,52,30,40
1558,1.112,0.457,8521.12,8522.92,4456,9049,0,0,0,0,8
1559,0.585,0.358,8008.92,8010,4456,9049,0,0,0,0,8
1560,0.536,48538.7,3268.93,51808.4,4464,9065,3,96,80,48,59
1561,0.616,24426.9,3226.07,27653.8,4468,9073,1,48,40,24,31
1562,0.758,49311.7,3210.64,52523.4,4476,9089,3,96,80,48,62
1563,0.698,46060.9,691.837,46753.6,4484,9105,3,96,80,48,58
1564,0.697,34878,3031.8,37910.7,4490,9117,2,72,60,36,47
1565,0.531,21183.2,819.387,22003.4,4494,9125,1,48,40,24,28
1566,2029.92,11638.3,4549.52,18218,4496,9129,0,24,20,12,16
1567,0.813,0.209,8349.44,8350.59,4496,9129,0,0,0,0,8
1568,0.55,42283.3,3791.57,46075.7,4502,9141,2,72,60,36,47
1569,0.989,33524.2,721.912,34247.4,4508,9153,2,72,60,36,43
1570,0.423,99925.7,3244.54,103171,4524,9185,7,192,160,96,113
1571,0.724,25092.2,773.946,25867.1,4528,9193,1,48,40,24,28
1572,0.595,23434,775.598,24210.4,4532,9201,1,48,40,24,28
1573,0.636,9423.51,4011.84,13436.2,4534,9205,0,24,20,12,16
1574,0.699,65398.1,3460.51,68859.4,4544,9225,4,120,100,60,74
1575,0.517,0.257,7892.99,7893.97,4544,9225,0,0,0,0,8
1576,0.224,55729.4,3360.31,59090.1,4552,9241,3,96,80,48,62
1577,0.841,20023.5,877.001,20901.6,4555,9248,1,36,32,18,22
1578,0.452,78886,3739.39,82626,4567,9272,5,144,120,72,86
1579,0.596,0.221,8604.39,8605.42,4567,9272,0,0,0,0,8
1580,0.603,19787.4,913.453,20701.7,4570,9279,1,36,32,18,21
1581,0.426,25978,3466.02,29444.6,4574,9287,1,48,40,24,31
1582,0.527,72658.8,2894.95,75554.4,4585,9310,5,132,112,66,82
1583,0.621,22344,762.598,23107.4,4589,9318,1,48,40,24,28
1584,0.491,35993.6,3155.75,39150,4595,9330,2,72,60,36,47
1585,0.44,38115.6,3596.62,41712.8,4601,9342,2,72,60,36,47
1586,0.889,26677.4,3942.55,30621.1,4605,9350,1,48,40,24,31
1587,0.793,11079.6,4591.19,15671.8,4607,9354,0,24,20,12,16
1588,0.747,26968.9,3699.39,30669.2,4611,9362,1,48,40,24,31
1589,0.622,11554.7,4912.89,16468.4,4613,9366,0,24,20,12,16
1590,0.238,0.189,8566.86,8567.5,4613,9366,0,0,0,0,8
1591,0.551,21508,956.218,22465.1,4616,9373,1,36,32,18,22
1592,1.062,67131,3596.96,70729.3,4626,9393,4,120,100,60,74
1593,0.756,11008,4568.37,15577.3,4628,9397,0,24,20,12,16
1594,0.611,23842.1,798.948,24641.8,4632,9405,1,48,40,24,28
1595,0.468,22972.5,3241.91,26215.1,4636,9413,1,48,40,24,31
1596,0.356,60053.5,3218.76,63272.8,4646,9433,4,120,100,60,74
1597,0.46,23032.2,3186.53,26219.5,4650,9441,1,48,40,24,31
1598,0.581,9523.24,3670.29,13194.3,4652,9445,0,24,20,12,16
1599,0.405,0.143,7219.6,7220.36,4652,9445,0,0,0,0,8
1600,1593.9,9750.16,3958.72,15303.1,4654,9449,0,24,20,12,16
1601,0.325,83294.8,3196.07,86491.4,4668,9477,6,168,140,84,101
1602,0.911,58629,3537.46,62167.7,4676,9493,3,96,80,48,62
1603,0.474,117429,3150.35,120580,4694,9529,8,216,180,108,128
1604,0.329,33627.4,794.747,34422.7,4700,9541,2,72,60,36,40
1605,0.363,50959.2,3610.32,54570.1,4708,9557,3,96,80,48,59
1606,0.482,109670,3842.07,113513,4724,9589,7,192,160,96,116
1607,1.136,80364.7,3414.66,83780.8,4736,9613,5,144,120,72,86
1608,1.1,107866,3159.96,111027,4752,9645,7,192,160,96,113
1609,0.342,0.189,7413.97,7414.71,4752,9645,0,0,0,0,8
1610,0.495,0.198,7298.93,7299.83,4752,9645,0,0,0,0,8
1611,0.46,60010.7,3290.88,63302.3,4762,9665,4,120,100,60,73
1612,0.506,97509.9,3179.02,100690,4778,9697,7,192,160,96,116
1613,0.307,94755.9,3730.45,98486.9,4792,9725,6,168,140,84,101
1614,0.501,70238.2,3766.84,74005.8,4802,9745,4,120,100,60,70
1615,0.54,65170.5,3243.07,68414.3,4812,9765,4,120,100,60,71
1616,0.542,46932.1,733.492,47666.4,4820,9781,3,96,80,48,55
1617,0.44,37605.9,3233.05,40839.6,4826,9793,2,72,60,36,47
1618,0.734,0.253,7216.37,7217.56,4826,9793,0,0,0,0,8
1619,0.414,49928.7,3268.53,53197.8,4834,9811,4,96,84,48,60
1620,0.523,9937.36,4119.1,14057.2,4836,9815,0,24,20,12,16
1621,1905.09,9681.96,3948.16,15535.5,4838,9819,0,24,20,12,16
1622,0.582,23660.1,858.918,24519.8,4842,9827,1,48,40,24,28
1623,0.413,0.064,7178.91,7179.59,4842,9827,0,0,0,0,8
1624,0.334,37976.6,3127.78,41105,4848,9839,2,72,60,36,47
1625,0.599,9627.62,4071.16,13699.6,4850,9843,0,24,20,12,16
1626,0.258,10045.3,4090.26,14136.1,4852,9847,0,24,20,12,16
1627,0.393,20033.8,3637.98,23672.4,4855,9854,1,36,32,18,24
1628,0.55,102934,3947.66,106882,4869,9882,6,168,140,84,101
1629,0.346,98797.3,3811.31,102609,4883,9910,6,168,140,84,98
1630,0.542,11582.8,4141.81,15725.4,4885,9914,0,24,20,12,16
1631,0.667,54167.5,3298.59,57467,4893,9930,3,96,80,48,62
1632,0.484,69105.3,3833.02,72939,4903,9950,4,120,100,60,74
1633,0.643,11477.6,4845.02,16323.5,4905,9954,0,24,20,12,16
1634,0.615,27501.8,1032.13,28534.8,4909,9962,1,48,40,24,28
1635,0.455,28150.6,3815.98,31967.3,4913,9970,1,48,40,24,31
1636,2108.34,12600.3,4854.38,19563.3,4915,9974,0,24,20,12,16
1637,0.61,43820.3,4026.6,47847.7,4921,9986,2,72,60,36,47
1638,0.581,0.167,9389.61,9390.67,4921,9986,0,0,0,0,8
1639,0.533,23483.7,3726.86,27211.3,4924,9993,1,36,32,18,24
1640,0.554,0.321,6668.7,6669.78,4924,9993,0,0,0,0,6
1641,1331.44,12058,4947,18336.6,4926,9997,0,24,20,12,16
1642,0.463,0.2,8528.36,8529.23,4926,9997,0,0,0,0,8
1643,0.505,11531.4,4839.71,16371.8,4928,10001,0,24,20,12,16
1644,0.587,0.227,5941.27,5942.28,4928,10001,0,0,0,0,5
1645,0.866,11765.4,4751.44,16517.9,4930,10005,0,24,20,12,16
1646,0.784,27568,3693.57,31262.6,4934,10013,1,48,40,24,31
1647,0.564,0.142,8445.62,8446.57,4934,10013,0,0,0,0,8
1648,0.271,5976.21,3723.01,9699.71,4935,10016,0,12,12,6,9
1649,0.797,0.131,8454.44,8455.57,4935,10016,0,0,0,0,8
1650,1.089,0.353,7555.41,7557.11,4935,10016,0,0,0,0,8
1651,0.6,0.17,7505.37,7506.39,4935,10016,0,0,0,0,8
1652,858.02,24575.2,3377.27,28810.7,4939,10024,1,48,40,24,31
1653,1274.91,11669,4723.24,17667.4,4941,10028,0,24,20,12,16
1654,0.637,27554.3,3920.37,31475.5,4945,10036,1,48,40,24,31
1655,0.624,0.087,9308.37,9309.3,4945,10036,0,0,0,0,8
1656,0.84,29191.1,3837.99,33030.1,4949,10044,1,48,40,24,31
1657,1.224,62393.5,4080.95,66475.9,4957,10060,3,96,80,48,62
1658,0.573,57796.7,3544.59,61342.1,4965,10076,3,96,80,48,62
1659,1855.18,12654,4959.63,19469.1,4967,10080,0,24,20,12,16
1660,0.593,0.325,5626.24,5627.37,4967,10080,0,0,0,0,5
1661,863.486,27264.5,3801.05,31929.3,4971,10088,1,48,40,24,31
1662,0.53,69874,3650.36,73525.2,4981,10108,4,120,100,60,74
1663,0.547,25557.2,3607.14,29165,4985,10116,1,48,40,24,31
1664,0.51,49321.8,3556.88,52879.4,4993,10132,3,96,80,48,55
1665,0.617,114319,3434.18,117754,5011,10168,8,216,180,108,128
1666,0.595,0.092,7592.84,7593.73,5011,10168,0,0,0,0,8
1667,0.49,24954.4,866.133,25821.2,5015,10176,1,48,40,24,28
1668,0.471,65210.4,3627.63,68838.7,5025,10196,4,120,100,60,74
1669,0.397,24909.1,795.291,25705,5029,10204,1,48,40,24,28
1670,0.353,104579,4204.42,108784,5043,10232,6,168,140,84,104
1671,0.594,103627,3989.88,107618,5057,10260,6,168,140,84,98
1672,0.608,0.159,7954.35,7955.36,5057,10260,0,0,0,0,7
1673,1217.52,11103.4,4482.77,16804,5059,10264,0,24,20,12,16
1674,0.464,0.196,7270.51,7271.38,5059,10264,0,0,0,0,7
1675,868.797,10710.2,4455.42,16034.7,5061,10268,0,24,20,12,16
1676,0.468,26151.5,3679.21,29831.4,5065,10276,1,48,40,24,31
1677,0.308,26299.8,918.67,27219,5069,10284,1,48,40,24,28
1678,0.644,54146.8,3766.82,57914.5,5077,10300,3,96,80,48,59
1679,0.682,10633.5,4562.4,15196.7,5079,10304,0,24,20,12,16
1680,0.286,0.141,5442.02,5442.67,5079,10304,0,0,0,0,5
1681,0.431,29780.8,986.489,30768,5083,10312,1,48,40,24,28
1682,0.487,29395.4,1039.94,30436.1,5087,10320,1,48,40,24,28
1683,1216.47,25869.2,839.894,27925.9,5091,10328,1,48,40,24,28
1684,0.562,25584.1,3521.11,29106,5095,10336,1,48,40,24,31
1685,0.542,0.133,7879.86,7880.74,5095,10336,0,0,0,0,8
1686,0.48,36735,3647.5,40383.2,5101,10348,2,72,60,36,43
1687,0.389,25560.9,866.283,26427.8,5105,10356,1,48,40,24,28
1688,0.68,70378.9,3796.28,74176,5115,10376,4,120,100,60,74
1689,0.679,12147.9,5008.96,17157.8,5117,10380,0,24,20,12,16
1690,0.716,120751,3820.54,124572,5133,10412,7,192,160,96,116
1691,0.629,89910.5,4218.16,94129.5,5145,10436,5,144,120,72,89
1692,0.682,0.425,7011.68,7012.99,5145,10436,0,0,0,0,6
1693,0.815,0.357,6159.41,6160.84,5145,10436,0,0,0,0,5
1694,0.683,0.178,8833.4,8834.49,5145,10436,0,0,0,0,8
1695,946.821,11905.2,4811.62,17664,5147,10440,0,24,20,12,16
1696,0.532,37434.6,1039.24,38474.6,5152,10451,2,60,52,30,36
1697,0.894,11669.9,4764.43,16435.5,5154,10455,0,24,20,12,16
1698,0.573,48947.7,4432.71,53381.2,5160,10467,2,72,60,36,47
1699,0.612,73584.9,4357.77,77943.5,5169,10486,4,108,92,54,67
1700,0.713,11110.1,4539.76,15650.8,5171,10490,0,24,20,12,16
1701,0.501,40105.5,3660.63,43766.8,5177,10502,2,72,60,36,46
1702,1468.41,10966.2,4795.05,17230.1,5179,10506,0,24,20,12,16
1703,0.498,26547,3788.22,30336,5183,10514,1,48,40,24,31
1704,1.512,10604.8,4624.81,15231.4,5185,10518,0,24,20,12,16
1705,0.617,57795.2,3721.76,61517.9,5193,10534,3,96,80,48,62
1706,0.466,41967,3353.92,45321.6,5199,10546,2,72,60,36,47
1707,1.006,38668.7,3695.5,42365.4,5205,10558,2,72,60,36,43
1708,0.536,85037.1,4281.68,89319.6,5217,10582,5,144,120,72,89
1709,0.915,49019.7,4352.33,53373.1,5223,10594,2,72,60,36,47
1710,0.475,0.145,7296.57,7297.41,5223,10594,0,0,0,0,6
1711,0.251,61205.1,3930.55,65136.1,5231,10610,3,96,80,48,59
1712,1152.79,11759.3,4875.74,17788.2,5233,10614,0,24,20,12,16
1713,0.627,56181.6,3966.63,60149.1,5241,10630,3,96,80,48,59
1714,0.502,86728.7,4520.82,91250.3,5251,10650,4,120,100,60,77
1715,0.511,89387.2,4222.03,93609.9,5263,10674,5,144,120,72,89
1716,1.004,26603.6,873.68,27478.6,5267,10682,1,48,40,24,28
1717,1.157,64089.2,4473.14,68563.8,5275,10698,3,96,80,48,59
1718,0.632,51674.8,4385.23,56060.9,5281,10710,2,72,60,36,47
1719,0.528,44423.8,4397.28,48821.9,5287,10722,2,72,60,36,43
1720,0.626,34071.3,4407.73,38479.8,5291,10730,1,48,40,24,31
1721,0.473,51888.1,4501.53,56390.3,5297,10742,2,72,60,36,47
1722,0.735,69368.7,4171.84,73541.5,5305,10758,3,96,80,48,62
1723,0.519,30214.8,4224.73,34440.2,5309,10766,1,48,40,24,31
1724,1.243,40238.3,3896.75,44136.6,5315,10778,2,72,60,36,43
1725,0.444,64292.9,4158.21,68451.7,5323,10794,3,96,80,48,62
1726,0.526,78351.5,3749.93,82102.2,5333,10814,4,120,100,60,74
1727,0.424,26829.8,890.817,27721.2,5337,10822,1,48,40,24,28
1728,0.425,106612,3746.65,110359,5352,10853,7,180,152,90,109
1729,0.52,157340,3673.76,161015,5374,10897,10,264,220,132,158
1730,0.558,54163.1,4148.19,58312.1,5381,10912,3,84,72,42,51
1731,0.48,49004.5,4525.63,53530.8,5387,10924,2,72,60,36,47
1732,0.661,0.222,9533.65,9534.75,5387,10924,0,0,0,0,8
1733,0.34,30734,3751.97,34486.5,5391,10932,1,48,40,24,31
1734,0.592,27378.5,915.622,28294.9,5395,10940,1,48,40,24,28
1735,1315.22,11459.9,4698.03,17473.5,5397,10944,0,24,20,12,16
1736,0.431,70331.3,3694.41,74026.5,5407,10964,4,120,100,60,74
1737,0.715,12129.3,4752.85,16883.1,5409,10968,0,24,20,12,16
1738,0.593,28121.7,3464.65,31587.2,5413,10976,1,48,40,24,31
1739,0.358,73375.1,1076.55,74452.2,5423,10996,4,120,100,60,70
1740,0.743,31715.2,1096.62,32812.8,5427,11004,1,48,40,24,28
1741,1.213,0.207,9331.27,9332.99,5427,11004,0,0,0,0,7
1742,0.287,50769.5,4545.33,55315.3,5433,11016,2,72,60,36,47
1743,0.579,46922.6,4535.27,51458.6,5439,11028,2,72,60,36,43
1744,0.561,48961.5,4180.37,53142.7,5445,11040,2,72,60,36,47
1745,0.567,12756.7,5272.09,18029.6,5447,11044,0,24,20,12,16
1746,0.572,31750.1,1089.82,32840.7,5451,11052,1,48,40,24,28
1747,0.47,0.141,9695.47,9696.33,5451,11052,0,0,0,0,8
1748,0.591,0.056,5319.26,5320.11,5451,11052,0,0,0,0,4
1749,1110.39,12942.2,5348.43,19401.3,5453,11056,0,24,20,12,16
1750,1517.18,14136.4,5693.21,21347.1,5455,11060,0,24,20,12,16
1751,0.521,0.295,10285.9,10287,5455,11060,0,0,0,0,8
1752,0.521,51890.9,4567.24,56458.8,5461,11072,2,72,60,36,47
1753,0.619,30659.5,3894.02,34554.3,5465,11080,1,48,40,24,31
1754,0.995,33475.9,1094.02,34571.1,5469,11088,1,48,40,24,28
1755,0.865,13836.8,5766.1,19604,5471,11092,0,24,20,12,16
1756,0.711,110966,3930.35,114897,5485,11120,6,168,140,84,101
1757,0.329,58285.6,918.964,59205.1,5493,11136,3,96,80,48,58
1758,0.479,70639.5,4563.06,75203.2,5501,11152,3,96,80,48,62
1759,0.621,33064.5,4634.09,37699.4,5505,11160,1,48,40,24,31
1760,2499.36,31762.9,1076.75,35339.3,5509,11168,1,48,40,24,28
1761,0.644,47904.7,4584.53,52490.1,5515,11180,2,72,60,36,43
1762,0.56,87478.8,4746.98,92226.6,5525,11200,4,120,100,60,77
1763,1217.59,13379.4,5616.04,20213.3,5527,11204,0,24,20,12,16
1764,0.67,52258.6,4797.52,57057,5533,11216,2,72,60,36,46
1765,0.654,33033.4,4639.45,37673.7,5537,11224,1,48,40,24,31
1766,0.652,62013.6,961.182,62975.7,5545,11240,3,96,80,48,58
1767,1.033,11762.5,4693.27,16457.1,5547,11244,0,24,20,12,16
1768,0.498,11741.9,4900.94,16643.5,5549,11248,0,24,20,12,16
1769,0.568,28315,1030.57,29346.3,5553,11256,1,48,40,24,28
1770,0.522,92944.6,4288.89,97234.2,5564,11279,5,132,112,66,82
1771,0.682,0.235,9718.54,9719.66,5564,11279,0,0,0,0,8
1772,0.512,47494.8,1233.86,48729.4,5570,11291,2,72,60,36,40
1773,0.618,53794.9,1228.57,55024.2,5576,11303,2,72,60,36,43
1774,0.275,34872.1,4787.9,39660.5,5580,11311,1,48,40,24,31
1775,0.544,33372.5,934.183,34307.5,5584,11319,1,48,40,24,28
1776,0.735,45085.7,3913.34,49000,5590,11331,2,72,60,36,47
1777,1569.26,32189,1116.51,34875.1,5594,11339,1,48,40,24,28
1778,0.494,45605.6,1076.2,46682.5,5600,11351,2,72,60,36,40
1779,0.327,0.159,9985.31,9986,5600,11351,0,0,0,0,8
1780,0.225,102843,4415.11,107258,5612,11375,5,144,120,72,92
1781,0.69,47975,949.739,48925.6,5618,11387,2,72,60,36,43
1782,0.567,11897.4,5125.73,17023.9,5620,11391,0,24,20,12,16
1783,0.799,60163.4,4193.57,64358,5628,11407,3,96,80,48,58
1784,0.636,0.151,9353,9353.99,5628,11407,0,0,0,0,8
1785,0.62,194700,4657.56,199358,5652,11455,11,288,240,144,170
1786,0.844,59996.3,4043.79,64041.2,5660,11471,3,96,80,48,59
1787,0.745,28591.6,4064.05,32656.7,5664,11479,1,48,40,24,31
1788,0.687,41284.9,4118.1,45403.8,5670,11491,2,72,60,36,43
1789,0.346,0.12,9476.25,9476.96,5670,11491,0,0,0,0,8
1790,0.437,76238.5,4218.15,80457.3,5680,11511,4,120,100,60,73
1791,0.552,94573.2,1136.28,95710.3,5692,11535,5,144,120,72,82
1792,0.489,53449.2,1101.19,54551,5698,11547,2,72,60,36,43
1793,0.588,81491.3,984.77,82476.9,5708,11567,4,120,100,60,70
1794,1.022,35909.1,1315.67,37226.1,5712,11575,1,48,40,24,28
1795,0.521,84822.7,3902.7,88726.1,5722,11595,4,120,100,60,74
1796,0.545,28707.8,3922.23,32630.7,5726,11603,1,48,40,24,31
1797,0.486,76317.3,1149.64,77467.6,5736,11623,4,120,100,60,70
1798,0.613,79828.6,4403.74,84233.2,5746,11643,4,120,100,60,70
1799,0.508,84069.9,1091.15,85161.8,5756,11663,4,120,100,60,70
1800,2365.92,29592.2,4046.78,36005.2,5760,11671,1,48,40,24,31
1801,0.329,69629.9,4081.02,73711.4,5770,11691,4,120,100,60,70
1802,0.598,104934,1115.76,106050,5784,11719,6,168,140,84,97
1803,0.58,98818.3,1118.94,99938,5796,11743,5,144,120,72,82
1804,0.511,14240.8,5570.53,19812,5798,11747,0,24,20,12,16
1805,0.898,59950.4,4073.39,64024.9,5806,11763,3,96,80,48,59
1806,1.347,35594.7,1222.53,36818.8,5810,11771,1,48,40,24,28
1807,1.091,115844,4329.73,120175,5824,11799,6,168,140,84,98
1808,0.709,0.077,9666.21,9667.2,5824,11799,0,0,0,0,8
1809,2442.85,46124.2,1096.33,49663.7,5830,11811,2,72,60,36,43
1810,0.728,94649.8,4082.26,98733,5842,11835,5,144,120,72,89
1811,0.687,30588.7,4182.65,34772.3,5846,11843,1,48,40,24,31
1812,1250.67,12719.6,5160.31,19130.8,5848,11847,0,24,20,12,16
1813,1.04,30127.9,4137.13,34266.4,5852,11855,1,48,40,24,31
1814,0.535,29796.7,4150.77,33948.2,5856,11863,1,48,40,24,31
1815,1.076,14408.5,5890.18,20300.1,5858,11867,0,24,20,12,16
1816,0.634,91175.9,4762.12,95938.9,5868,11887,4,120,100,60,77
1817,0.7,105309,5073.12,110383,5880,11911,5,144,120,72,86
1818,2486.71,14046.6,5850.4,22384,5882,11915,0,24,20,12,16
1819,1091.01,13914.1,5817.05,20822.5,5884,11919,0,24,20,12,16
1820,0.599,105129,4620.72,109750,5896,11943,5,144,120,72,89
1821,0.525,63800.7,1143.99,64945.5,5904,11959,3,96,80,48,52
1822,0.582,31460.4,4368.57,35829.8,5908,11967,1,48,40,24,31
1823,0.633,94366.5,4115.24,98482.6,5920,11991,5,144,120,72,86
1824,0.596,170370,4160.45,174531,5940,12031,9,240,200,120,143
1825,0.637,79879.3,1005.28,80885.5,5950,12051,4,120,100,60,70
1826,1.102,29814.3,1081.14,30896.8,5954,12059,1,48,40,24,28
1827,0.477,0.138,9138.96,9139.79,5954,12059,0,0,0,0,8
1828,0.269,0.306,9154.31,9155.09,5954,12059,0,0,0,0,8
1829,0.26,47410.5,4446.99,51857.9,5960,12071,2,72,60,36,47
1830,2666.87,14356.5,5778.15,22801.9,5962,12075,0,24,20,12,16
1831,0.756,14189,6501.55,20691.5,5964,12079,0,24,20,12,16
1832,0.685,55652.3,4674.22,60327.4,5970,12091,2,72,60,36,47
1833,0.697,68982.2,1207.01,70190.2,5978,12107,3,96,80,48,55
1834,0.644,89420.9,5036.74,94458.5,5988,12127,4,120,100,60,74
1835,2248.56,15146.8,6211.85,23607.5,5990,12131,0,24,20,12,16
1836,0.86,38478,5170.57,43649.7,5994,12139,1,48,40,24,31
1837,0.635,37250.5,5063.03,42314.3,5998,12147,1,48,40,24,31
1838,0.527,57571.4,1236.04,58808.2,6004,12159,2,72,60,36,43
1839,0.539,109994,4726.11,114721,6016,12183,5,144,120,72,86
1840,0.627,52330.2,1533.85,53864.8,6022,12195,2,72,60,36,40
1841,0.901,51121.9,4766.84,55889.8,6028,12207,2,72,60,36,43
1842,0.688,89703.5,4754.59,94459,6038,12227,4,120,100,60,74
1843,0.6,14243.7,6158.02,20402.5,6040,12231,0,24,20,12,16
1844,0.682,15296.7,6252.56,21550.2,6042,12235,0,24,20,12,16
1845,0.626,71995.8,4988.77,76985.4,6050,12251,3,96,80,48,59
1846,0.528,58316.6,4988.24,63305.6,6056,12263,2,72,60,36,47
1847,0.753,67039.2,4353.05,71393.3,6064,12279,3,96,80,48,62
1848,0.518,0.197,9662.97,9663.88,6064,12279,0,0,0,0,8
1849,0.375,12825.8,5541.2,18367.7,6066,12283,0,24,20,12,16
1850,1.069,81382.1,1028.76,82412.2,6076,12303,4,120,100,60,70
1851,0.614,62256.5,1024.35,63281.7,6084,12319,3,96,80,48,55
1852,0.411,0.338,9344.58,9345.53,6084,12319,0,0,0,0,8
1853,0.285,0.167,6326.61,6327.27,6084,12319,0,0,0,0,5
1854,2400.25,32782.3,4654.74,39837.6,6088,12327,1,48,40,24,31
1855,0.55,32177.9,4413.68,36592.3,6092,12335,1,48,40,24,31
1856,1114.55,15579.4,6607.61,23301.9,6094,12339,0,24,20,12,16
1857,0.706,37999,1348.11,39348.1,6098,12347,1,48,40,24,28
1858,0.541,92043.6,4992.58,97036.9,6108,12367,4,120,100,60,71
1859,0.843,158859,4848.74,163709,6126,12403,8,216,180,108,125
1860,0.505,55460.3,4750.52,60211.5,6132,12415,2,72,60,36,47
1861,0.549,36051.5,1209.2,37261.5,6136,12423,1,48,40,24,28
1862,0.597,128791,5208.8,134000,6150,12451,6,168,140,84,101
1863,0.714,142546,4464.97,147012,6165,12482,7,180,152,90,106
1864,0.527,31430.4,1038.46,32469.6,6169,12490,1,48,40,24,28
1865,0.508,23344.7,1041.21,24386.6,6172,12497,1,36,32,18,21
1866,0.376,50015.5,1247,51263.1,6178,12509,2,72,60,36,43
1867,0.749,35683.4,5250.9,40935.3,6182,12517,1,48,40,24,31
1868,0.521,92908.8,4958.76,97868.3,6192,12537,4,120,100,60,74
1869,0.878,143381,5191.78,148574,6208,12569,7,192,160,96,113
1870,0.756,59577.3,5301.28,64879.5,6214,12581,2,72,60,36,47
1871,2176.71,13283.6,5715.8,21176.4,6216,12585,0,24,20,12,16
1872,0.434,13529.3,5599.92,19129.9,6218,12589,0,24,20,12,16
1873,0.518,33281.9,1143.94,34426.6,6222,12597,1,48,40,24,28
1874,0.405,50268.2,4455.11,54724,6228,12609,2,72,60,36,47
1875,0.775,31988.6,4395.25,36384.8,6232,12617,1,48,40,24,31
1876,0.405,50771,4433.5,55205.2,6238,12629,2,72,60,36,47
1877,0.336,73463.3,4951.55,78415.4,6246,12645,3,96,80,48,59
1878,0.588,57825.5,4972.5,62798.8,6252,12657,2,72,60,36,47
1879,0.532,55176.5,4694.64,59871.9,6258,12669,2,72,60,36,47
1880,0.509,51565.2,1152.23,52718.2,6264,12681,2,72,60,36,43
1881,0.384,33942.5,4597.23,38540.3,6268,12689,1,48,40,24,31
1882,0.443,7346.83,4179.18,11526.6,6269,12692,0,12,12,6,9
1883,0.477,51387.1,4556.38,55944.1,6275,12704,2,72,60,36,47
1884,0.461,83561.9,4471.97,88034.6,6285,12724,4,120,100,60,74
1885,0.531,32308.7,4549.95,36859.4,6289,12732,1,48,40,24,31
1886,2147.92,14931.8,5681.5,22761.5,6291,12736,0,24,20,12,16
1887,0.727,13590.2,5764.27,19355.4,6293,12740,0,24,20,12,16
1888,1.017,15697.2,6349.97,22048.5,6295,12744,0,24,20,12,16
1889,0.551,15400.5,6483.39,21884.6,6297,12748,0,24,20,12,16
1890,0.441,101467,5078.47,106546,6307,12768,4,120,100,60,77
1891,0.541,118314,5183.8,123499,6319,12792,5,144,120,72,89
1892,0.555,0.197,11911.4,11912.4,6319,12792,0,0,0,0,8
1893,0.568,59752.4,5108.38,64861.5,6325,12804,2,72,60,36,47
1894,0.404,27750.8,1286.61,29038,6328,12811,1,36,32,18,21
1895,2383.9,15525.5,6501.46,24411.1,6330,12815,0,24,20,12,16
1896,0.457,37087.8,1359.84,38448.3,6334,12823,1,48,40,24,28
1897,0.431,36507.1,1321.03,37828.8,6338,12831,1,48,40,24,28
1898,0.358,37473.5,5144.65,42618.7,6342,12839,1,48,40,24,31
1899,0.807,68352.5,5452.32,73805.9,6349,12854,3,84,72,42,52
1900,0.857,72604.9,4726.83,77332.8,6357,12870,3,96,80,48,59
1901,0.459,14194,5404.07,19598.8,6359,12874,0,24,20,12,16
1902,2353.66,15605.1,6298.9,24257.9,6361,12878,0,24,20,12,16
1903,0.632,0.252,8668.16,8669.27,6361,12878,0,0,0,0,6
1904,0.494,58523.3,4966.9,63490.9,6367,12890,2,72,60,36,47
1905,1295.73,15161.2,6394.12,22851.3,6369,12894,0,24,20,12,16
1906,0.642,0.149,11674,11675.1,6369,12894,0,0,0,0,8
1907,0.533,53835.9,5135.62,58972.2,6375,12906,2,72,60,36,43
1908,0.612,37186.5,5755.95,42943.2,6379,12914,1,48,40,24,31
1909,0.611,94335.4,5058.77,99395,6389,12934,4,120,100,60,74
1910,0.637,36531.9,1226.2,37758.9,6393,12942,1,48,40,24,28
1911,0.55,0.141,11534.4,11535.4,6393,12942,0,0,0,0,8
1912,0.402,29763.2,1262.3,31026.1,6396,12949,1,36,32,18,21
1913,0.645,76864.7,1439.91,78305.4,6404,12965,3,96,80,48,55
1914,0.712,56901.4,4651.78,61554.1,6410,12977,2,72,60,36,46
1915,0.432,33740.9,4700.65,38442.2,6414,12985,1,48,40,24,31
1916,0.585,7005.24,4743.75,11749.8,6415,12988,0,12,12,6,9
1917,0.412,52189,4634.89,56824.5,6421,13000,2,72,60,36,46
1918,0.686,123705,5231.4,128938,6434,13027,6,156,132,78,94
1919,0.511,99108.4,5262.81,104372,6444,13047,4,120,100,60,74
1920,0.516,100545,1277.91,101824,6454,13067,4,120,100,60,70
1921,0.984,61561.9,5329.79,66892.9,6460,13079,2,72,60,36,47
1922,1675.56,33181.7,4499.81,39357.3,6464,13087,1,48,40,24,31
1923,0.601,32994.9,4265.7,37261.4,6468,13095,1,48,40,24,31
1924,0.426,91108.8,5292.37,96401.8,6478,13115,4,120,100,60,77
1925,0.703,15953.2,6532.4,22486.5,6480,13119,0,24,20,12,16
1926,0.78,0.144,7713.28,7714.44,6480,13119,0,0,0,0,5
1927,0.339,16245.5,6942.96,23189,6482,13123,0,24,20,12,16
1928,0.605,54447.6,1224.79,55673.3,6488,13135,2,72,60,36,40
1929,0.423,0.064,10748.2,10748.9,6488,13135,0,0,0,0,8
1930,0.45,53213.9,1172.31,54386.9,6494,13147,2,72,60,36,43
1931,0.771,48446.6,4660.08,53107.7,6499,13158,2,60,52,30,40
1932,0.54,51353.5,1266.15,52620.4,6504,13169,2,60,52,30,37
1933,0.513,38232.1,1265.61,39498.4,6508,13177,1,48,40,24,28
1934,0.502,133685,4817.95,138503,6522,13205,6,168,140,84,101
1935,0.541,39736.7,5419.63,45157,6526,13213,1,48,40,24,31
1936,0.693,39793.8,6600.23,46394.9,6530,13221,1,48,40,24,31
1937,0.609,65233.8,5760.94,70995.6,6536,13233,2,72,60,36,47
1938,0.552,41731.4,5776.27,47508.4,6540,13241,1,48,40,24,31
1939,0.661,40645.3,1405.28,42051.4,6544,13249,1,48,40,24,28
1940,0.639,70634,4556.45,75191.3,6552,13265,3,96,80,48,59
1941,0.449,68455.1,1310.17,69765.9,6560,13281,3,96,80,48,55
1942,2188.24,15871.8,6490.16,24550.5,6562,13285,0,24,20,12,16
1943,0.715,133156,1452.28,134609,6576,13313,6,168,140,84,94
1944,0.623,41050.5,1417.63,42469,6580,13321,1,48,40,24,28
1945,0.634,16842.8,6766.8,23610.5,6582,13325,0,24,20,12,16
1946,0.596,81790,1105.73,82896.5,6590,13341,3,96,80,48,55
1947,0.493,34282.4,1212.51,35495.6,6594,13349,1,48,40,24,28
1948,0.345,70511.1,4764.12,75275.7,6602,13365,3,96,80,48,59
1949,0.467,37100.6,5309.9,42411.2,6606,13373,1,48,40,24,31
1950,0.966,89199.7,5787.61,94988.6,6614,13389,3,96,80,48,62
1951,0.616,89500.1,5627.8,95128.7,6622,13405,3,96,80,48,62
1952,0.646,16877.2,6981.5,23859.5,6624,13409,0,24,20,12,16
1953,0.415,0.054,9703.91,9704.59,6624,13409,0,0,0,0,6
1954,0.527,74594.8,5653.98,80249.6,6631,13424,3,84,72,42,52
1955,0.533,92870.6,4648.9,97520.2,6641,13444,4,120,100,60,74
1956,0.641,141936,4764.11,146701,6657,13478,8,192,164,96,114
1957,0.573,74706.4,4952.48,79659.7,6665,13494,3,96,80,48,62
1958,0.553,36711.3,1222.42,37934.4,6669,13502,1,48,40,24,28
1959,0.482,60224.4,5536.67,65761.8,6675,13514,2,72,60,36,43
1960,0.782,40208.3,1392.78,41602,6679,13522,1,48,40,24,28
1961,0.542,84459.7,5481.15,89941.6,6687,13538,3,96,80,48,62
1962,2317.28,14921,6198.03,23436.6,6689,13542,0,24,20,12,16
1963,0.538,14608.6,6234.48,20843.8,6691,13546,0,24,20,12,16
1964,0.429,128570,4975.1,133546,6705,13574,6,168,140,84,101
1965,0.47,115621,5511.94,121134,6717,13598,5,144,120,72,86
1966,0.969,16676.5,6753.18,23430.9,6719,13602,0,24,20,12,16
1967,0.708,128262,4962.55,133225,6731,13626,5,144,120,72,92
1968,0.745,0.188,10917.8,10918.9,6731,13626,0,0,0,0,8
1969,0.51,35675.5,4920.71,40597,6735,13634,1,48,40,24,31
1970,0.559,72283.2,5116.85,77400.9,6743,13650,3,96,80,48,59
1971,0.659,123925,5890.96,129817,6755,13674,5,144,120,72,82
1972,0.428,41714.5,1298.06,43013.2,6759,13682,1,48,40,24,28
1973,0.699,95051.8,4915.65,99968.4,6769,13702,4,120,100,60,77
1974,2687.92,16465,6858.44,26011.6,6771,13706,0,24,20,12,16
1975,0.589,179536,5650.13,185187,6789,13742,8,216,180,108,125
1976,0.616,70437.9,1126.97,71565.7,6797,13758,3,96,80,48,55
1977,2878.47,14884.8,6028.67,23792.2,6799,13762,0,24,20,12,16
1978,0.548,50645.1,1153.68,51799.5,6805,13774,2,72,60,36,40
1979,0.63,85515.9,4843.74,90360.5,6815,13794,4,120,100,60,70
1980,0.398,154503,5521.14,160025,6831,13826,7,192,160,96,116
1981,2210.46,14949,6687.08,23846.7,6833,13830,0,24,20,12,16
1982,0.535,95726.2,4738.78,100466,6843,13850,4,120,100,60,77
1983,0.614,0.054,10839.2,10840.1,6843,13850,0,0,0,0,8
1984,0.489,54929.6,1243.66,56173.9,6849,13862,2,72,60,36,43
1985,0.526,70720.8,4861.67,75583.2,6857,13878,3,96,80,48,58
1986,2537.37,17738.2,7568.9,27844.7,6859,13882,0,24,20,12,16
1987,0.511,130638,5694.48,136333,6871,13906,5,144,120,72,89
1988,1.596,83222,4839.99,88063.7,6879,13922,3,96,80,48,58
1989,0.45,126720,1199.17,127920,6893,13950,6,168,140,84,97
1990,0.51,88291,4691.46,92983.2,6903,13970,4,120,100,60,70
1991,0.628,0.172,8595.66,8596.66,6903,13970,0,0,0,0,6
1992,2402.53,37633.9,1311.71,41348.5,6907,13978,1,48,40,24,28
1993,0.51,96778.9,5149.99,101930,6917,13998,4,120,100,60,74
1994,0.445,78984.2,6189.46,85174.3,6925,14014,3,96,80,48,58
1995,1762.5,18214.2,7551.64,27528.7,6927,14018,0,24,20,12,16
1996,0.654,88667.1,6089.18,94757.2,6935,14034,3,96,80,48,59
1997,0.606,59616.8,1295.31,60912.9,6941,14046,2,72,60,36,40
1998,0.474,96047.1,1300.43,97348.2,6951,14066,4,120,100,60,70
1999,0.359,0.172,11711,11711.7,6951,14066,0,0,0,0,8
2000,1.138,43998,6163.59,50163,6955,14074,1,48,40,24,31
2001,0.667,0.23,9101.15,9102.33,6955,14074,0,0,0,0,5
2002,1.125,250966,5312.97,256281,6981,14126,12,312,260,156,179
2003,0.542,106366,5733.69,112101,6991,14146,4,120,100,60,74
2004,2140.53,18089,7203.34,27433.3,6993,14150,0,24,20,12,16
2005,1465.87,18050.7,7766.77,27283.5,6995,14154,0,24,20,12,16
2006,0.548,67950.5,5747.65,73699,7001,14166,2,72,60,36,47
2007,0.558,87096.6,1411.52,88508.9,7009,14182,3,96,80,48,58
2008,0.582,126827,6141.53,132969,7021,14206,5,144,120,72,85
2009,0.672,0.23,13821.7,13822.8,7021,14206,0,0,0,0,8
2010,0.578,116652,6304.6,122957,7031,14226,4,120,100,60,77
2011,0.504,59037.9,5935.78,64974.4,7036,14237,2,60,52,30,40
2012,0.765,87958.3,5574.78,93534,7044,14255,4,96,84,48,60
2013,0.5,99771.6,5015.07,104787,7054,14275,4,120,100,60,74
2014,0.688,152485,6182.25,158668,7069,14306,7,180,152,90,106
2015,0.604,33624.1,6678.91,40303.8,7072,14313,1,36,32,18,24
2016,0.589,35200.8,1475.41,36677,7075,14320,1,36,32,18,22
2017,0.754,67757.7,1507.47,69266.1,7081,14332,2,72,60,36,43
2018,0.626,65677.4,1460.66,67138.9,7087,14344,2,72,60,36,43
2019,1.621,58642,6009.9,64653.9,7093,14356,2,72,60,36,43
2020,0.518,128831,5848.6,134680,7105,14380,5,144,120,72,86
2021,2875.77,15770.8,6652.2,25299,7107,14384,0,24,20,12,16
2022,1263.46,15875,6621.3,23760.1,7109,14388,0,24,20,12,16
2023,0.586,0.135,8395.41,8396.35,7109,14388,0,0,0,0,5
2024,0.497,76393.1,1287.93,77681.7,7117,14404,3,96,80,48,55
2025,1772.92,18770.9,7942.1,28486.2,7119,14408,0,24,20,12,16
2026,0.644,92781.4,6049.32,98831.6,7127,14424,3,96,80,48,62
2027,0.46,195558,5173.15,200732,7145,14460,8,216,180,108,128
2028,1220.24,54324.6,5493.73,61038.8,7151,14472,2,72,60,36,43
2029,0.464,234049,6200.79,240250,7173,14516,10,264,220,132,152
2030,0.756,116894,5938.45,122833,7183,14536,4,120,100,60,74
2031,0.611,174997,6029.69,181028,7199,14568,7,192,160,96,113
2032,0.603,80514,5169.84,85684.6,7207,14584,3,96,80,48,58
2033,0.482,0.808,11691.3,11692.8,7207,14584,0,0,0,0,8
2034,0.505,38002.2,1245.55,39248.5,7211,14592,1,48,40,24,28
2035,1.19,43024,5768.91,48794.4,7215,14600,1,48,40,24,31
2036,0.548,97565,5219.75,102786,7225,14620,4,120,100,60,71
2037,0.364,77115,5963.51,83079.1,7233,14636,3,96,80,48,59
2038,0.529,60909.1,1393.67,62303.6,7239,14648,2,72,60,36,40
2039,0.697,106297,5446.54,111744,7249,14668,4,120,100,60,70
2040,0.569,81190.1,5267.78,86458.6,7257,14684,3,96,80,48,62
2041,0.59,83997.5,5311.89,89310.2,7265,14700,3,96,80,48,62
2042,0.704,124670,5085.65,129756,7277,14724,5,144,120,72,86
2043,0.551,0.203,10933.4,10934.4,7277,14724,0,0,0,0,6
2044,0.737,0.188,13121.5,13122.6,7277,14724,0,0,0,0,8
2045,0.44,32107.8,1397.24,33505.7,7280,14731,1,36,32,18,21
2046,0.52,42923.6,1476.65,44401,7284,14739,1,48,40,24,28
2047,2092.83,40205.2,5862.88,48161.2,7288,14747,1,48,40,24,31
2048,2128.71,57652.6,5556.81,65338.5,7294,14759,2,72,60,36,43
2049,1368.81,16832.4,6784.49,24986,7296,14763,0,24,20,12,16
2050,1762.51,43914.6,1494.71,47172.1,7300,14771,1,48,40,24,28
2051,0.528,77603.2,5846.13,83450,7307,14786,3,84,72,42,52
2052,0.549,42195.7,5828.43,48024.9,7311,14794,1,48,40,24,31
2053,0.33,117904,5975.32,123879,7322,14817,5,132,112,66,79
2054,0.541,66039.6,1425.29,67465.7,7328,14829,2,72,60,36,43
2055,0.612,149626,6245.68,155873,7342,14857,6,168,140,84,98
2056,0.555,140295,6317.69,146613,7354,14881,5,144,120,72,86
2057,0.527,19235.9,7556.91,26793.5,7356,14885,0,24,20,12,16
2058,0.678,33758.3,1555.76,35314.9,7359,14892,1,36,32,18,21
2059,0.48,43755.3,1551.59,45307.6,7363,14900,1,48,40,24,28
2060,0.466,184726,5161.28,189888,7379,14932,7,192,160,96,119
2061,0.54,63489.7,1541.15,65031.6,7385,14944,2,72,60,36,43
2062,0.926,19292.1,7401.38,26694.7,7387,14948,0,24,20,12,16
2063,0.683,138202,6142.49,144345,7399,14972,5,144,120,72,89
2064,0.513,39658.3,5155.02,44814.1,7403,14980,1,48,40,24,31
2065,0.656,0.17,11675.4,11676.5,7403,14980,0,0,0,0,8
2066,0.266,78287.4,5463.96,83751.8,7411,14996,3,96,80,48,59
2067,0.571,158604,6446.96,165052,7425,15024,6,168,140,84,98
2068,0.557,80811.7,5386.34,86198.8,7432,15039,3,84,72,42,55
2069,0.367,0.127,8016.96,8017.65,7432,15039,0,0,0,0,5
2070,0.451,187354,6333.93,193689,7450,15075,8,216,180,108,128
2071,0.698,90225.7,6337,96563.6,7458,15091,3,96,80,48,59
2072,3294.48,18851.4,7715.55,29861.7,7460,15095,0,24,20,12,16
2073,0.571,9476.84,6147.46,15625.1,7461,15098,0,12,12,6,9
2074,0.499,116219,6218.83,122439,7471,15118,4,120,100,60,74
2075,0.492,87087.2,5432.46,92520.4,7479,15134,3,96,80,48,59
2076,0.679,135067,6465.1,141533,7491,15158,5,144,120,72,83
2077,0.697,92121.2,1542.06,93664.1,7499,15174,3,96,80,48,55
2078,0.806,45552.3,6147.83,51701.2,7503,15182,1,48,40,24,31
2079,0.544,115848,6088.75,121937,7513,15202,4,120,100,60,74
2080,0.799,0.134,10710,10711.2,7513,15202,0,0,0,0,6
2081,0.493,44720.7,6141.25,50862.6,7517,15210,1,48,40,24,31
2082,0.693,92490.9,6498.8,98990.6,7525,15226,3,96,80,48,59
2083,0.556,94180.3,1663.84,95844.9,7533,15242,3,96,80,48,55
2084,0.542,48176.9,6833.24,55010.9,7537,15250,1,48,40,24,31
2085,0.764,47620.6,6187.57,53809.2,7541,15258,1,48,40,24,31
2086,2631.23,18535.7,7994.38,29161.6,7543,15262,0,24,20,12,16
2087,0.587,71169.6,1641.67,72812,7549,15274,2,72,60,36,43
2088,0.676,122573,6389.85,128963,7559,15294,4,120,100,60,74
2089,0.656,192774,6434.75,199210,7575,15326,7,192,160,96,113
2090,0.667,147725,6192.6,153919,7587,15350,5,144,120,72,89
2091,0.569,177867,5625.68,183493,7603,15382,7,192,160,96,113
2092,0.632,156235,6557.34,162793,7617,15410,6,168,140,84,101
2093,2530.23,20011.2,8341.69,30883.4,7619,15414,0,24,20,12,16
2094,1.217,118019,6324.87,124346,7629,15434,4,120,100,60,71
2095,0.546,47568.8,6646.1,54215.6,7633,15442,1,48,40,24,31
2096,0.615,140239,6285.8,146525,7645,15466,5,144,120,72,86
2097,0.572,61827.2,5600.43,67428.4,7651,15478,2,72,60,36,43
2098,0.461,87232.9,6531.17,93764.7,7659,15494,3,96,80,48,59
2099,0.946,47586.6,6424.21,54012,7663,15502,1,48,40,24,31
2100,2916.3,20943.1,7784.29,31643.9,7665,15506,0,24,20,12,16
2101,1768.45,20470.5,7847.13,30086.4,7667,15510,0,24,20,12,16
2102,0.631,0.135,10716.9,10717.9,7667,15510,0,0,0,0,6
2103,0.386,56415.1,1611.1,58026.7,7672,15521,2,60,52,30,34
2104,0.641,19094,7696.49,26791.2,7674,15525,0,24,20,12,16
2105,0.477,143102,6367.75,149470,7686,15549,5,144,120,72,89
2106,0.502,97395.5,6321.64,103718,7694,15565,3,96,80,48,62
2107,0.711,145567,6663.11,152231,7706,15589,5,144,120,72,89
2108,0.694,68620.9,6583.05,75204.9,7712,15601,2,72,60,36,43
2109,0.514,182503,5729.77,188233,7728,15633,7,192,160,96,116
2110,0.662,41154.5,5769.8,46925.1,7732,15641,1,48,40,24,31
2111,0.535,17210.2,7182.18,24393.1,7734,15645,0,24,20,12,16
2112,0.66,118884,6454.91,125339,7744,15665,4,120,100,60,74
2113,0.61,120039,5934.44,125974,7754,15685,4,120,100,60,77
2114,0.498,66316.6,1485.28,67802.5,7760,15697,2,72,60,36,43
2115,3271.51,47382.9,1662.89,52317.5,7764,15705,1,48,40,24,28
2116,0.798,72691.3,6423.69,79115.9,7770,15717,2,72,60,36,46
2117,2048.68,17113.5,7112.7,26275.2,7772,15721,0,24,20,12,16
2118,0.502,60187.5,5728.3,65916.5,7778,15733,2,72,60,36,43
2119,0.626,188841,5671.37,194513,7796,15769,8,216,180,108,128
2120,0.649,0.112,12777.2,12778.1,7796,15769,0,0,0,0,8
2121,0.401,130211,6684.97,136896,7806,15789,4,120,100,60,77
2122,2128.07,20497.3,8333.24,30959,7808,15793,0,24,20,12,16
2123,0.637,0.214,13488.7,13489.7,7808,15793,0,0,0,0,7
2124,0.429,47747.9,1667.72,49416.2,7812,15801,1,48,40,24,28
2125,0.518,98514.1,6629.28,105144,7820,15817,3,96,80,48,58
2126,1.988,62921.5,1515.74,64439.5,7826,15829,2,72,60,36,40
2127,0.693,0.252,13434.5,13435.6,7826,15829,0,0,0,0,8
2128,0.706,68130.9,6115.4,74247.1,7832,15841,2,72,60,36,47
2129,0.606,125662,5881.99,131545,7844,15865,5,144,120,72,83
2130,0.56,89420.5,1596.92,91018.1,7852,15881,3,96,80,48,55
2131,0.763,64627.2,6675.94,71304,7857,15892,2,60,52,30,40
2132,0.539,38276.4,1708.86,39985.9,7860,15899,1,36,32,18,22
2133,0.597,137866,5932.75,143799,7872,15923,5,144,120,72,89
2134,0.512,212004,5620.74,217626,7890,15959,8,216,180,108,128
2135,0.551,17673.4,7467.28,25141.4,7892,15963,0,24,20,12,16
2136,1.257,63254.9,1645,64901.4,7897,15974,2,60,52,30,36
2137,0.797,19256.3,7995.54,27252.8,7899,15978,0,24,20,12,16
2138,0.44,205502,5936.55,211439,7917,16014,8,216,180,108,128
2139,0.704,41491.3,5755.01,47247.1,7921,16022,1,48,40,24,31
2140,0.413,8775.58,5917.94,14694.1,7922,16025,0,12,12,6,9
2141,0.897,172405,5942.34,178349,7936,16053,6,168,140,84,101
2142,0.425,126431,6536.41,132968,7946,16073,4,120,100,60,77
2143,0.556,20267.4,8852.73,29120.9,7948,16077,0,24,20,12,16
2144,0.661,123881,6658.27,130540,7958,16097,4,120,100,60,74
2145,1.107,52475.9,7096.22,59573.5,7962,16105,1,48,40,24,31
2146,0.753,109440,6622.79,116063,7970,16121,3,96,80,48,62
2147,2904.85,20658.6,8461.73,32025.5,7972,16125,0,24,20,12,16
2148,0.979,77087.6,6758.49,83847.3,7978,16137,2,72,60,36,47
2149,0.792,48833.3,6777.46,55611.7,7982,16145,1,48,40,24,31
2150,1.021,86556,5795.12,92352.4,7990,16161,3,96,80,48,59
2151,0.522,42221.8,1473.43,43696,7994,16169,1,48,40,24,28
2152,0.371,99610.7,6896.11,106507,8002,16185,3,96,80,48,62
2153,2371.57,19790.9,8057.09,30219.9,8004,16189,0,24,20,12,16
2154,0.678,63244.1,6604.85,69849.8,8009,16200,2,60,52,30,40
2155,0.448,73768.1,1758,75526.7,8015,16212,2,72,60,36,43
2156,1784.01,19523.9,8153.57,29461.7,8017,16216,0,24,20,12,16
2157,0.555,19691.1,8183.24,27875,8019,16220,0,24,20,12,16
2158,0.698,0.201,11265.3,11266.4,8019,16220,0,0,0,0,6
2159,0.368,121556,6580.91,128137,8029,16240,4,120,100,60,74
2160,0.432,173910,7006.14,180917,8043,16268,6,168,140,84,98
2161,0.586,94438.6,6020.43,100460,8051,16284,3,96,80,48,61
2162,0.513,42590.1,5881.62,48472.4,8055,16292,1,48,40,24,31
2163,0.431,42758.4,6302.74,49061.8,8059,16300,1,48,40,24,31
2164,3008.4,19959,8199.95,31167.6,8061,16304,0,24,20,12,16
2165,1673,19330.5,8006.36,29010.1,8063,16308,0,24,20,12,16
2166,1720.44,20166.5,8221.28,30108.4,8065,16312,0,24,20,12,16
2167,0.498,126501,6911.94,133413,8075,16332,4,120,100,60,77
2168,0.528,199267,6803.73,206071,8091,16364,7,192,160,96,116
2169,0.511,123935,6312.79,130248,8101,16384,4,120,100,60,74
2170,0.483,79663.6,6824.86,86489.1,8107,16396,2,72,60,36,47
2171,2146.56,49992.6,1683.48,53822.9,8111,16404,1,48,40,24,28
2172,0.547,97545.4,6666.49,104213,8119,16420,3,96,80,48,58
2173,0.537,143969,5943.19,149913,8131,16444,5,144,120,72,85
2174,0.694,43327.7,1459.58,44788.2,8135,16452,1,48,40,24,28
2175,0.464,136434,6152.64,142588,8147,16476,5,144,120,72,89
2176,3087.27,18792.2,7859.26,29739.1,8149,16480,0,24,20,12,16
2177,0.41,71826.7,6227.79,78055.1,8155,16492,2,72,60,36,47
2178,0.833,18845.9,7884.81,26731.6,8157,16496,0,24,20,12,16
2179,0.458,0.176,12523.5,12524.4,8157,16496,0,0,0,0,7
2180,0.599,18766.5,7867.97,26635.3,8159,16500,0,24,20,12,16
2181,0.475,45599.4,1560.18,47160.2,8163,16508,1,48,40,24,28
2182,0.805,71688.2,6194.26,77883.4,8169,16520,2,72,60,36,47
2183,0.76,18265.4,7736.77,26003.1,8171,16524,0,24,20,12,16
2184,0.464,74022.5,6659.5,80682.6,8177,16536,2,72,60,36,47
2185,0.585,48717.6,6757.8,55476.2,8181,16544,1,48,40,24,31
2186,0.507,0.152,10222,10222.8,8181,16544,0,0,0,0,5
2187,0.381,122208,7183.62,129392,8191,16564,4,120,100,60,71
2188,0.628,73371.5,6077.02,79449.3,8197,16576,2,72,60,36,47
2189,0.482,71762,6352.34,78114.9,8203,16588,2,72,60,36,46
2190,0.621,117071,6252.51,123324,8213,16608,4,120,100,60,74
2191,0.55,260709,7374.95,268085,8233,16648,9,240,200,120,146
2192,3254.72,48798.4,6710.86,58764.3,8237,16656,1,48,40,24,31
2193,0.888,237186,7102.26,244289,8255,16692,8,216,180,108,134
2194,0.804,126269,6930.71,133200,8265,16712,4,120,100,60,73
2195,0.706,70358.7,6316.73,76676.4,8271,16724,2,72,60,36,43
2196,0.556,44053.4,1460.32,45514.5,8275,16732,1,48,40,24,28
2197,0.62,195331,6852.25,202184,8291,16764,7,192,160,96,119
2198,0.677,122533,1698.64,124233,8301,16784,4,120,100,60,67
2199,0.532,126260,6818.55,133079,8311,16804,4,120,100,60,73
2200,1.112,0.32,15968.8,15970.4,8311,16804,0,0,0,0,8
2201,0.382,193406,6589.84,199996,8327,16836,7,192,160,96,116
2202,0.611,98352.4,6777.5,105131,8335,16852,3,96,80,48,58
2203,0.58,169627,6010.49,175638,8349,16880,6,168,140,84,101
2204,0.485,88051.7,5935.28,93987.6,8357,16896,3,96,80,48,58
2205,0.419,77836.2,1812.97,79649.8,8363,16908,2,72,60,36,43
2206,0.947,98195,1687.88,99884.1,8371,16924,3,96,80,48,55
2207,3134.84,20731.6,8611.65,32478.4,8373,16928,0,24,20,12,16
2208,0.677,76931.7,6865.02,83797.5,8379,16940,2,72,60,36,46
2209,2118.51,18503.8,8208.07,28830.6,8381,16944,0,24,20,12,16
2210,0.478,114368,1525.12,115894,8391,16964,4,120,100,60,70
2211,0.524,110847,6209.85,117058,8401,16984,4,120,100,60,70
2212,0.381,120882,1856.13,122739,8411,17004,4,120,100,60,70
2213,0.631,22616.4,9508.03,32125.2,8413,17008,0,24,20,12,16
2214,0.519,186152,7417.03,193570,8427,17036,6,168,140,84,100
2215,0.753,153896,1701.93,155599,8439,17060,5,144,120,72,82
2216,0.839,90170.5,1496.13,91667.7,8447,17076,3,96,80,48,55
2217,0.515,69523.5,1515.7,71039.9,8453,17088,2,72,60,36,43
2218,0.606,187101,6167.97,193270,8469,17120,7,192,160,96,116
2219,0.731,102792,6886.68,109679,8477,17136,3,96,80,48,59
2220,0.488,119059,6107.39,125167,8487,17156,4,120,100,60,70
2221,0.487,328260,7199.99,335461,8513,17208,12,312,260,156,185
2222,0.441,299385,1924.76,301311,8537,17256,11,288,240,144,163
2223,0.777,130757,6104.31,136862,8547,17276,4,120,100,60,70
2224,0.454,186742,6157.55,192900,8563,17308,7,192,160,96,116
2225,0.67,45490.4,1466.56,46957.8,8567,17316,1,48,40,24,28
2226,0.327,296542,7160.8,303703,8591,17364,11,288,240,144,167
2227,0.604,47136,6008.9,53145.7,8595,17372,1,48,40,24,31
2228,0.813,0.167,14532.6,14533.7,8595,17372,0,0,0,0,8
2229,0.511,120783,6429.09,127213,8605,17392,4,120,100,60,77
2230,0.92,0.63,13469.6,13471.5,8605,17392,0,0,0,0,6
2231,0.885,71274.1,6556.39,77831.6,8611,17404,2,72,60,36,43
2232,0.47,74181.6,6573.61,80755.8,8617,17416,2,72,60,36,46
2233,0.409,100144,8243.78,108388,8625,17432,3,96,80,48,59
2234,0.734,84813.7,1915.47,86730.1,8631,17444,2,72,60,36,43
2235,0.695,138018,7614.68,145634,8641,17464,4,120,100,60,74
2236,0.765,18395.9,7811.64,26208.5,8643,17468,0,24,20,12,16
2237,0.277,92104.3,6189.29,98294,8651,17484,3,96,80,48,59
2238,0.434,102430,7019.59,109450,8659,17500,3,96,80,48,59
2239,0.538,51786.6,7023.8,58811.1,8663,17508,1,48,40,24,31
2240,0.832,134053,7754.48,141808,8673,17528,4,120,100,60,74
2241,0.669,85528.7,7449.85,92979.4,8679,17540,2,72,60,36,46
2242,0.54,97518.6,1590.65,99110,8687,17556,3,96,80,48,52
2243,0.518,175084,7259.96,182345,8701,17584,6,168,140,84,101
2244,0.612,0.3,16034.8,16035.8,8701,17584,0,0,0,0,8
2245,0.293,126691,7301.33,133993,8711,17604,4,120,100,60,70
2246,0.611,69651.6,6425.99,76078.4,8717,17616,2,72,60,36,43
2247,0.465,193593,6632.27,200226,8733,17648,7,192,160,96,119
2248,2940.62,20027.4,8257.49,31225.8,8735,17652,0,24,20,12,16
2249,0.502,71539.3,1580.35,73120.3,8741,17664,2,72,60,36,43
2250,2659.41,46304.8,1572.54,50537,8745,17672,1,48,40,24,28
2251,0.587,189030,6314.63,195346,8761,17704,7,192,160,96,116
2252,3188.14,80010,1812.26,85010.7,8767,17716,2,72,60,36,43
2253,0.548,21082.3,9149.04,30232.1,8769,17720,0,24,20,12,16
2254,0.495,109790,7167.74,116959,8777,17736,3,96,80,48,62
2255,3195.75,20096.6,8651.31,31944,8779,17740,0,24,20,12,16
2256,0.488,98366,1548.08,99914.7,8787,17756,3,96,80,48,58
2257,0.455,113504,6561.84,120066,8797,17776,4,120,100,60,70
2258,0.492,19500.8,8105.53,27606.9,8799,17780,0,24,20,12,16
2259,0.376,82255.8,1682.71,83939.1,8805,17792,2,72,60,36,43
2260,0.579,0.148,14731.9,14732.8,8805,17792,0,0,0,0,8
2261,0.576,102577,1693.16,104271,8813,17808,3,96,80,48,58
2262,0.62,283429,7259.97,290689,8833,17848,9,240,200,120,143
2263,0.532,124772,6559.33,131332,8843,17868,4,120,100,60,74
2264,0.407,105858,7407.19,113266,8851,17884,3,96,80,48,59
2265,1.819,154652,7399.16,162053,8863,17908,5,144,120,72,82
2266,0.368,0.245,11903.5,11904.3,8863,17908,0,0,0,0,5
2267,0.637,55812.7,1740.75,57554.2,8867,17916,1,48,40,24,28
2268,0.416,131478,6655.54,138134,8877,17936,4,120,100,60,70
2269,0.407,194367,7262.81,201630,8891,17964,6,168,140,84,104
2270,0.509,22173,9439.51,31613.2,8893,17968,0,24,20,12,16
2271,0.439,53363.7,7308.51,60672.9,8897,17976,1,48,40,24,31
2272,1.024,123530,6510.05,130041,8907,17996,4,120,100,60,74
2273,0.498,138097,1643.7,139742,8919,18020,5,144,120,72,82
2274,3304.83,19752.4,7896.9,30954.4,8921,18024,0,24,20,12,16
2275,0.418,87275.6,6350.63,93626.9,8929,18040,3,96,80,48,55
2276,0.543,118680,1596.31,120277,8939,18060,4,120,100,60,70
2277,0.545,194347,7630.88,201978,8953,18088,6,168,140,84,101
2278,0.555,143765,7860.83,151627,8963,18108,4,120,100,60,74
2279,0.707,228180,8014.14,236195,8979,18140,7,192,160,96,113
2280,3130.92,22548.5,9347.63,35027.3,8981,18144,0,24,20,12,16
2281,0.527,114327,7429.17,121757,8989,18160,3,96,80,48,62
2282,0.549,107554,7698.91,115254,8997,18176,3,96,80,48,58
2283,0.52,266965,7353.68,274319,9017,18216,9,240,200,120,137
2284,0.635,130218,6684.94,136904,9027,18236,4,120,100,60,71
2285,2835.8,22492.4,9311.22,34639.7,9029,18240,0,24,20,12,16
2286,0.539,53350.6,7461.43,60812.8,9033,18248,1,48,40,24,31
2287,0.525,107018,7208.07,114226,9041,18264,3,96,80,48,59
2288,0.589,21561.5,9190.13,30752.4,9043,18268,0,24,20,12,16
2289,0.509,0.299,16421.4,16422.4,9043,18268,0,0,0,0,8
2290,0.316,138042,7329.13,145371,9053,18288,4,120,100,60,74
2291,0.503,174064,6501.99,180567,9067,18316,6,168,140,84,98
2292,0.634,125421,1659.23,127081,9077,18336,4,120,100,60,67
2293,0.546,157278,7355.56,164635,9089,18360,5,144,120,72,86
2294,0.529,85925.1,7548.76,93474.6,9095,18372,2,72,60,36,47
2295,0.637,207507,6656.95,214165,9111,18404,7,192,160,96,113
2296,0.458,247521,8153.24,255675,9129,18440,8,216,180,108,128
2297,3724.15,19763.8,8219.85,31708,9131,18444,0,24,20,12,16
2298,2063.05,19929,8340.14,30332.4,9133,18448,0,24,20,12,16
2299,0.475,47087.4,6513.91,53601.9,9137,18456,1,48,40,24,31
2300,2311.47,19803.2,8028.26,30143.2,9139,18460,0,24,20,12,16
2301,0.458,47263.8,1628.33,48892.8,9143,18468,1,48,40,24,28
2302,0.522,47080.3,6435.94,53516.9,9147,18476,1,48,40,24,31
2303,0.691,0.1,14651.4,14652.4,9147,18476,0,0,0,0,8
2304,0.465,19596.4,8188.71,27785.7,9149,18480,0,24,20,12,16
2305,0.547,122372,6555.83,128928,9159,18500,4,120,100,60,74
2306,0.453,0.141,9662.29,9663.03,9159,18500,0,0,0,0,5
2307,0.3,239546,8071.02,247617,9177,18536,8,216,180,108,125
2308,0.7,396611,7318.66,403930,9205,18592,13,336,280,168,191
2309,0.581,136982,7536.43,144520,9215,18612,4,120,100,60,73
2310,0.569,234485,7202.32,241688,9233,18648,8,216,180,108,122
2311,2949.57,20722.4,8551.77,32224.1,9235,18652,0,24,20,12,16
2312,0.539,20367.8,8566.55,28935.1,9237,18656,0,24,20,12,16
2313,0.516,128684,1685.51,130370,9247,18676,4,120,100,60,73
2314,0.473,231545,6690.03,238236,9265,18712,8,216,180,108,131
2315,0.545,201919,1921.89,203841,9279,18740,6,168,140,84,97
2316,3363.64,20893.3,8497.75,32754.9,9281,18744,0,24,20,12,16
2317,0.522,148337,1671.67,150009,9293,18768,5,144,120,72,82
2318,0.426,108099,8333.32,116432,9301,18784,3,96,80,48,62
2319,0.62,58303.1,8170.03,66473.9,9305,18792,1,48,40,24,31
2320,0.529,81066.4,6989.02,88056.2,9311,18804,2,72,60,36,46
2321,1.112,24748.7,10615.4,35365.4,9313,18808,0,24,20,12,16
2322,0.65,156183,6850.83,163034,9325,18832,5,144,120,72,86
2323,0.459,97081.5,6720.91,103803,9333,18848,3,96,80,48,58
2324,0.615,20085.5,8376.81,28463.1,9335,18852,0,24,20,12,16
2325,0.437,74898.7,6741.93,81641.3,9341,18864,2,72,60,36,46
2326,0.414,118476,8085.43,126562,9350,18883,4,108,92,54,63
2327,0.396,101584,1910.34,103495,9357,18898,3,84,72,42,49
2328,0.66,109232,6787.95,116021,9365,18914,3,96,80,48,59
2329,0.441,154694,7881.73,162576,9377,18938,5,144,120,72,86
2330,0.597,120939,2044.12,122984,9385,18954,3,96,80,48,55
2331,0.816,24934.8,10370.9,35306.7,9387,18958,0,24,20,12,16
2332,4434.48,23206.7,9294.07,36935.5,9389,18962,0,24,20,12,16
2333,0.449,132738,7578.83,140317,9398,18981,4,108,92,54,70
2334,0.795,22527.2,9326.5,31854.7,9400,18985,0,24,20,12,16
2335,0.462,79523.6,1925.94,81450.2,9406,18997,2,72,60,36,40
2336,3455.89,23385.1,10435.9,37277.2,9408,19001,0,24,20,12,16
2337,0.69,56074.5,7703.18,63778.5,9412,19009,1,48,40,24,31
2338,0.513,23269.8,9764.22,33034.7,9414,19013,0,24,20,12,16
2339,0.518,56823.1,7929.81,64753.5,9418,19021,1,48,40,24,31
2340,0.586,117431,7947.49,125379,9426,19037,3,96,80,48,59
2341,0.501,146400,8032.02,154433,9436,19057,4,120,100,60,74
2342,0.364,119332,7726.82,127059,9444,19073,3,96,80,48,59
2343,0.486,173339,7817.34,181157,9456,19097,5,144,120,72,89
2344,0.522,111006,7040.83,118047,9464,19113,3,96,80,48,62
2345,0.607,107515,7085.59,114601,9472,19129,3,96,80,48,62
2346,0.498,44300.3,9408.13,53709.1,9475,19136,1,36,32,18,24
2347,0.538,89424.8,8100.71,97526.3,9481,19148,2,72,60,36,46
2348,0.545,58554.9,8091.82,66647.5,9485,19156,1,48,40,24,31
2349,0.533,0.136,11920.9,11921.7,9485,19156,0,0,0,0,5
2350,1.198,318813,7017.21,325832,9507,19200,10,264,220,132,155
2351,0.773,20809.1,9044.1,29854.2,9509,19204,0,24,20,12,16
2352,0.57,191263,8337.51,199601,9523,19232,6,168,140,84,98
2353,0.748,120102,2064.62,122167,9531,19248,3,96,80,48,55
2354,0.586,60150.1,1932.82,62083.7,9535,19256,1,48,40,24,28
2355,0.511,57143.6,1987.11,59131.3,9539,19264,1,48,40,24,28
2356,0.409,178957,8489.25,187447,9553,19292,6,168,140,84,94
2357,0.446,147498,1970.37,149469,9563,19312,4,120,100,60,70
2358,0.544,296343,8126.34,304470,9583,19352,9,240,200,120,140
2359,0.569,145703,8150.41,153854,9593,19372,4,120,100,60,70
2360,1.169,86273.8,8222.37,94497.6,9599,19384,2,72,60,36,43
2361,1.136,122363,7852.83,130218,9607,19400,3,96,80,48,62
2362,0.673,55895,1740.51,57636.5,9611,19408,1,48,40,24,28
2363,1.038,61909.9,8416.98,70328.1,9615,19416,1,48,40,24,31
2364,0.762,195353,8435.75,203790,9627,19440,5,144,120,72,89
2365,0.764,265429,6911.23,272342,9645,19476,8,216,180,108,128
2366,0.802,100207,1693.2,101901,9653,19492,3,96,80,48,55
2367,0.526,55253.8,2169.47,57424,9657,19500,1,48,40,24,28
2368,0.558,94265,2071.53,96337.3,9663,19512,2,72,60,36,43
2369,0.632,147536,6977.1,154514,9673,19532,4,120,100,60,73
2370,0.615,110413,7160.33,117574,9681,19548,3,96,80,48,61
2371,0.572,161589,7235.18,168824,9693,19572,5,144,120,72,89
2372,3492.91,53226.8,6873.47,63593.5,9697,19580,1,48,40,24,31
2373,0.501,361073,8125.16,369199,9723,19632,12,312,260,156,188
2374,0.678,87250.5,2109.95,89361.3,9729,19644,2,72,60,36,40
2375,0.938,201124,8493.58,209619,9743,19672,6,168,140,84,98
2376,0.525,118666,2114.37,120781,9751,19688,3,96,80,48,55
2377,0.645,242192,7250.73,249444,9769,19724,8,216,180,108,122
2378,0.514,51328.1,7079.55,58408.3,9773,19732,1,48,40,24,31
2379,1.073,24268.7,9957.2,34227.3,9775,19736,0,24,20,12,16
2380,1.011,119062,8182.16,127245,9783,19752,3,96,80,48,58
2381,0.965,43323.8,1835.98,45161,9786,19759,1,36,32,18,22
2382,0.535,183316,8735.66,192053,9798,19783,5,144,120,72,89
2383,0.564,61657,2096.91,63754.6,9802,19791,1,48,40,24,28
2384,0.474,217230,6973.26,224204,9818,19823,7,192,160,96,113
2385,4144.13,25916.3,10689,40749.7,9820,19827,0,24,20,12,16
2386,0.554,122470,2039.69,124511,9828,19843,3,96,80,48,55
2387,0.652,305027,7906.6,312935,9848,19883,9,240,200,120,139
2388,0.805,286031,7020.84,293052,9868,19923,9,240,200,120,146
2389,0.613,205632,7090.6,212724,9884,19955,7,192,160,96,113
2390,0.684,52429.3,1993.61,54423.8,9888,19963,1,48,40,24,28
2391,0.907,129143,9773.06,138917,9896,19979,3,96,80,48,58
2392,0.546,104333,8913.45,113248,9902,19991,2,72,60,36,47
2393,0.518,144201,1866.18,146068,9912,20011,4,120,100,60,70
2394,0.582,113870,8320.5,122192,9920,20027,3,96,80,48,58
2395,0.779,267256,7949.96,275207,9936,20059,7,192,160,96,119
2396,0.575,57203,1971.6,59175.4,9940,20067,1,48,40,24,28
2397,1.158,197061,7679.6,204742,9954,20095,6,168,140,84,101
2398,0.542,381137,7241.03,388379,9978,20143,11,288,240,144,176
2399,0.609,21899.9,9278.54,31179.3,9980,20147,0,24,20,12,16
2400,1.359,90389.8,8939.57,99331,9986,20159,2,72,60,36,43
2401,0.556,260754,7401.68,268156,10004,20195,8,216,180,108,128
2402,0.541,117754,8533.71,126288,10012,20211,3,96,80,48,58
2403,0.642,169616,8782.26,178399,10024,20235,5,144,120,72,86
2404,0.858,26734.9,10953.5,37689.4,10026,20239,0,24,20,12,16
2405,0.484,101618,8607.63,110227,10032,20251,2,72,60,36,47
2406,1.136,128159,7376.17,135537,10040,20267,3,96,80,48,62
2407,0.532,0.188,12779.2,12780.1,10040,20267,0,0,0,0,6
2408,0.392,22001.7,8993.85,30996.1,10042,20271,0,24,20,12,16
2409,3037.86,21288.4,8861.85,33188.3,10044,20275,0,24,20,12,16
2410,0.633,0.282,15822.2,15823.4,10044,20275,0,0,0,0,8
2411,0.282,112177,7415.44,119593,10052,20291,3,96,80,48,62
2412,0.649,53375.5,1853.66,55229.9,10056,20299,1,48,40,24,28
2413,0.431,111528,7147.93,118676,10064,20315,3,96,80,48,62
2414,0.629,81366.4,7342.88,88710,10070,20327,2,72,60,36,46
2415,0.446,155819,7415.2,163235,10081,20350,5,132,112,66,82
2416,0.754,193036,7384.15,200421,10095,20378,6,168,140,84,101
2417,1.157,337839,8227.87,346068,10118,20425,11,276,232,138,160
2418,0.744,239343,8283.05,247626,10134,20457,7,192,160,96,112
2419,0.636,0.262,14195.8,14196.9,10134,20457,0,0,0,0,6
2420,4084.61,22328,9111.72,35524.6,10136,20461,0,24,20,12,16
2421,0.665,264349,7000.74,271351,10156,20501,9,240,200,120,140
2422,0.798,88255.3,8416.66,96673,10162,20513,2,72,60,36,43
2423,0.727,122998,1889.73,124888,10170,20529,3,96,80,48,55
2424,0.721,119983,8411.95,128396,10178,20545,3,96,80,48,58
2425,3742.85,25225.4,10436.1,39404.6,10180,20549,0,24,20,12,16
2426,0.503,62591.1,8564.58,71156.3,10184,20557,1,48,40,24,31
2427,0.546,72553,8252.85,80806.6,10189,20568,2,60,52,30,36
2428,2755.57,24556.7,10333.2,37645.8,10191,20572,0,24,20,12,16
2429,0.424,87100,8229.03,95329.7,10197,20584,2,72,60,36,43
2430,0.709,304523,8641.75,313165,10217,20624,9,240,200,120,140
2431,1.16,26397.7,10882.3,37281.5,10219,20628,0,24,20,12,16
2432,0.514,0.216,19727.5,19728.5,10219,20628,0,0,0,0,8
2433,3996.22,22245.2,9302.78,35544.5,10221,20632,0,24,20,12,16
2434,0.632,109608,7702.49,117312,10229,20648,3,96,80,48,59
2435,0.523,212744,8479.61,221224,10243,20676,6,168,140,84,101
2436,1.046,53682.5,7600.87,61284.7,10247,20684,1,48,40,24,31
2437,0.579,22169.9,9148.33,31319,10249,20688,0,24,20,12,16
2438,0.538,102336,7764.4,110101,10256,20703,3,84,72,42,55
2439,4388.43,26905.5,11193.8,42488,10258,20707,0,24,20,12,16
2440,0.817,26450,11052.2,37503.1,10260,20711,0,24,20,12,16
2441,1.06,61848.1,8217.39,70066.8,10264,20719,1,48,40,24,31
2442,0.728,218017,8273.96,226292,10278,20747,6,168,140,84,98
2443,0.753,61013,2157.2,63171.1,10282,20755,1,48,40,24,28
2444,0.62,89467.8,8609.87,98078.5,10288,20767,2,72,60,36,43
2445,3953.48,24776.2,10213.3,38943.3,10290,20771,0,24,20,12,16
2446,0.643,93872.8,8318.33,102192,10296,20783,2,72,60,36,47
2447,0.484,0.103,18436.7,18437.5,10296,20783,0,0,0,0,8
2448,0.462,59381,2076.28,61457.9,10300,20791,1,48,40,24,28
2449,0.526,60271.8,2138.44,62411,10304,20799,1,48,40,24,28
2450,1.155,111708,8999.74,120709,10312,20815,3,96,80,48,58
2451,0.631,27247.3,11453.2,38701.3,10314,20819,0,24,20,12,16
2452,0.707,64838.8,8933.05,73772.7,10318,20827,1,48,40,24,31
2453,3875.54,23350.2,9347.62,36573.5,10320,20831,0,24,20,12,16
2454,0.41,145948,7453.22,153402,10330,20851,4,120,100,60,77
2455,0.481,22092.4,9244.28,31337.4,10332,20855,0,24,20,12,16
2456,0.388,169861,8753.47,178615,10344,20879,5,144,120,72,86
2457,0.478,123329,2120.45,125450,10352,20895,3,96,80,48,55
2458,0.469,125379,7591.72,132971,10360,20911,3,96,80,48,62
2459,0.399,54505.8,7414.01,61920.4,10364,20919,1,48,40,24,31
2460,0.293,54990.2,1963.81,56954.5,10368,20927,1,48,40,24,28
2461,0.476,0.236,13974.9,13975.8,10368,20927,0,0,0,0,6
2462,0.519,22761.2,9301.53,32063.4,10370,20931,0,24,20,12,16
2463,5.155,100170,8784.84,108960,10376,20943,2,72,60,36,47
2464,0.464,100925,8738.26,109663,10382,20955,2,72,60,36,47
2465,0.621,146120,7647.11,153768,10392,20975,4,120,100,60,73
2466,0.45,260489,7627.59,268117,10410,21011,8,216,180,108,128
2467,0.576,128349,8733.44,137084,10419,21030,4,108,92,54,63
2468,0.42,123051,2054.34,125106,10427,21046,3,96,80,48,55
2469,0.549,160959,8398.64,169359,10437,21066,4,120,100,60,74
2470,0.51,122187,8536.27,130724,10445,21082,3,96,80,48,58
2471,0.603,65458.8,2268.5,67728.1,10449,21090,1,48,40,24,28
2472,0.524,215259,8701.02,223960,10462,21117,6,156,132,78,94
2473,0.46,25805.7,10671.9,36478.3,10464,21121,0,24,20,12,16
2474,0.484,62398.8,2240.18,64639.7,10468,21129,1,48,40,24,28
2475,0.534,129353,9360.02,138713,10476,21145,3,96,80,48,59
2476,0.484,67214.1,2307.43,69522.2,10480,21153,1,48,40,24,28
2477,0.467,194621,8535.49,203157,10492,21177,5,144,120,72,83
2478,0.546,97876.5,8308.55,106186,10498,21189,2,72,60,36,47
2479,4014.96,26176.5,10808.7,41000.5,10500,21193,0,24,20,12,16
2480,0.945,95207,2352.57,97560.7,10506,21205,2,72,60,36,40
2481,0.592,329431,8061.9,337494,10526,21245,9,240,200,120,143
2482,0.54,121813,2217.54,124031,10534,21261,3,96,80,48,55
2483,0.475,0.099,15813.3,15814.1,10534,21261,0,0,0,0,6
2484,0.37,194223,2103.44,196327,10546,21285,5,144,120,72,85
2485,0.906,324514,9489.56,334005,10566,21325,9,240,200,120,140
2486,0.784,61120.1,1927.38,63048.4,10570,21333,1,48,40,24,28
2487,0.605,23184.2,10368.9,33554,10572,21337,0,24,20,12,16
2488,0.903,56798.2,1994.35,58793.6,10576,21345,1,48,40,24,28
2489,0.549,56110.6,1972.66,58084,10580,21353,1,48,40,24,28
2490,0.518,59893,2183.59,62077.2,10584,21361,1,48,40,24,28
2491,0.653,160061,2262.28,162324,10594,21381,4,120,100,60,67
2492,0.613,194213,9505.83,203719,10606,21405,5,144,120,72,86
2493,1.111,67345.3,9232.07,76578.6,10610,21413,1,48,40,24,31
2494,0.637,236926,8548.36,245475,10624,21441,6,168,140,84,104
2495,0.62,202395,7718.92,210114,10638,21469,6,168,140,84,98
2496,0.826,55517.7,7727.14,63245.8,10642,21477,1,48,40,24,31
2497,0.963,115150,8100.03,123251,10650,21493,3,96,80,48,58
2498,0.669,148635,9116.04,157752,10660,21513,4,120,100,60,70
2499,0.527,238622,9094.35,247717,10674,21541,6,168,140,84,101
2500,1.003,146785,9382.87,156169,10682,21557,3,96,80,48,62
2501,0.72,67395.3,2356.08,69752.3,10686,21565,1,48,40,24,28
2502,0.722,206374,7643.86,214019,10700,21593,6,168,140,84,101
2503,0.702,148991,1974.23,150966,10710,21613,4,120,100,60,70
2504,0.577,118165,7905.59,126072,10718,21629,3,96,80,48,58
2505,3672.15,25963.1,10582.8,40218.3,10720,21633,0,24,20,12,16
2506,0.519,318815,8703,327518,10740,21673,9,240,200,120,140
2507,0.533,192074,2190.82,194265,10752,21697,5,144,120,72,82
2508,0.526,82733.4,8042.19,90776.3,10758,21709,2,72,60,36,43
2509,0.463,148539,2321.41,150862,10768,21729,4,120,100,60,70
2510,3981.21,26727.6,11514.6,42223.7,10770,21733,0,24,20,12,16
2511,0.611,136123,8752.93,144877,10778,21749,3,96,80,48,62
2512,0.613,0.166,15516.9,15517.8,10778,21749,0,0,0,0,6
2513,0.512,26329.5,11032.5,37362.8,10780,21753,0,24,20,12,16
2514,0.545,97799.4,2154.07,99954.2,10786,21765,2,72,60,36,43
2515,0.267,0.168,15593.7,15594.3,10786,21765,0,0,0,0,6
2516,0.324,171395,8772.81,180168,10796,21785,4,120,100,60,77
2517,0.378,193684,9309.04,202994,10808,21809,5,144,120,72,86
2518,0.745,64892.7,2219.7,67113.4,10812,21817,1,48,40,24,28
2519,0.466,178497,7809.73,186308,10824,21841,5,144,120,72,85
2520,0.568,144973,1969.81,146943,10834,21861,4,120,100,60,70
2521,0.483,138185,7506.01,145692,10844,21881,4,120,100,60,70
2522,1.24,166007,2330.3,168339,10854,21901,4,120,100,60,70
2523,1.741,252894,9518.71,262415,10870,21933,7,192,160,96,113
2524,0.683,66784.9,9064.22,75850,10874,21941,1,48,40,24,31
2525,0.492,417504,7628.11,425133,10902,21997,13,336,280,168,200
2526,0.567,208240,8657.44,216898,10916,22025,6,168,140,84,98
2527,0.575,91002.7,8454.94,99458.4,10922,22037,2,72,60,36,43
2528,0.52,66302.6,2371.13,68674.4,10926,22045,1,48,40,24,28
2529,0.451,68277.5,9349.61,77627.8,10930,22053,1,48,40,24,31
2530,0.431,285803,7880.94,293685,10948,22089,8,216,180,108,128
2531,0.486,56733.1,1969.74,58703.5,10952,22097,1,48,40,24,28
2532,0.625,0.247,18371.1,18372.2,10952,22097,0,0,0,0,8
2533,0.32,226877,8920.42,235798,10966,22125,6,168,140,84,101
2534,0.485,136323,10490.1,146813,10974,22141,3,96,80,48,62
2535,0.482,100260,2147.89,102408,10980,22153,2,72,60,36,43
2536,0.606,92000.4,1857.1,93858.2,10986,22165,2,72,60,36,40
2537,0.6,56598.5,7858.14,64457.4,10990,22173,1,48,40,24,31
2538,0.528,0.236,17458.7,17459.7,10990,22173,0,0,0,0,8
2539,0.217,0.105,17441,17441.5,10990,22173,0,0,0,0,8
2540,0.464,124664,9217.81,133883,10998,22189,3,96,80,48,59
2541,0.639,51081.9,2326.23,53409,11001,22196,1,36,32,18,21
2542,0.843,61386.2,2500.38,63887.6,11005,22204,1,48,40,24,28
2543,4189.18,28923.7,11870.8,44983.9,11007,22208,0,24,20,12,16
2544,1.085,0.225,18637.7,18639.4,11007,22208,0,0,0,0,8
2545,0.434,0.113,10084,10084.7,11007,22208,0,0,0,0,4
2546,0.444,92404.6,7941.03,100346,11013,22220,2,72,60,36,47
2547,0.487,120115,8166.54,128282,11021,22236,3,96,80,48,59
2548,0.394,81181.8,7900.81,89083.2,11027,22248,2,72,60,36,43
2549,0.396,58210.8,7812.88,66024.3,11031,22256,1,48,40,24,31
2550,0.985,142038,10030.5,152070,11039,22272,3,96,80,48,59
2551,0.662,70868.7,2455.83,73325.4,11043,22280,1,48,40,24,28
2552,0.384,29344.2,12178.4,41523.2,11045,22284,0,24,20,12,16
2553,1.807,184214,9447.39,193663,11055,22304,4,120,100,60,77
2554,0.538,96870.6,2222.22,99093.5,11061,22316,2,72,60,36,40
2555,0.384,138046,10121,148167,11069,22332,3,96,80,48,59
2556,0.623,66696.6,2226.1,68923.4,11073,22340,1,48,40,24,28
2557,0.462,202414,8201.57,210616,11085,22364,5,144,120,72,89
2558,0.381,56760.3,1920.04,58681,11089,22372,1,48,40,24,28
2559,0.385,148011,9159.54,157171,11099,22392,4,120,100,60,73
2560,0.513,131210,9189.84,140401,11107,22408,3,96,80,48,58
2561,0.51,165010,9295.65,174306,11117,22428,4,120,100,60,71
2562,0.348,136753,2269.84,139024,11125,22444,3,96,80,48,55
2563,1.245,67448.3,2258.82,69708.5,11129,22452,1,48,40,24,28
2564,0.4,64841.8,8942.67,73785,11133,22460,1,48,40,24,31
2565,0.398,0.218,11030.3,11031.2,11133,22460,0,0,0,0,4
2566,0.221,323452,10274.7,333727,11151,22496,8,216,180,108,131
2567,4524.18,13710.6,9184.58,27419.6,11152,22499,0,12,12,6,9
2568,0.622,129508,8951.37,138461,11160,22515,3,96,80,48,58
2569,0.534,134203,9802.37,144006,11168,22531,3,96,80,48,58
2570,1.1,87427.3,9065.05,96493.7,11174,22543,2,72,60,36,43
2571,0.481,229801,9138.84,238940,11188,22571,6,168,140,84,101
2572,0.523,0.124,15954.7,15955.6,11188,22571,0,0,0,0,6
2573,0.243,141309,9826.27,151136,11196,22587,3,96,80,48,59
2574,0.641,29884,11961.4,41846.3,11198,22591,0,24,20,12,16
2575,5071.28,73238.7,9882.04,88192.2,11202,22599,1,48,40,24,31
2576,0.623,111521,9618.34,121140,11208,22611,2,72,60,36,47
2577,0.59,150072,9536.53,159609,11216,22627,3,96,80,48,62
2578,0.491,114716,9938.32,124655,11222,22639,2,72,60,36,47
2579,0.95,126978,8286.54,135266,11230,22655,3,96,80,48,62
2580,0.592,93420.2,7968.15,101389,11236,22667,2,72,60,36,47
2581,0.655,65909.5,2361.8,68272.2,11240,22675,1,48,40,24,28
2582,0.681,174696,2338.61,177036,11250,22695,4,120,100,60,70
2583,4349.67,24787.4,9723.7,38861,11252,22699,0,24,20,12,16
2584,2675.55,25027.7,10156.9,37860.4,11254,22703,0,24,20,12,16
2585,0.554,92767.7,2065.42,94833.9,11260,22715,2,72,60,36,43
2586,0.478,153247,8297.12,161544,11270,22735,4,120,100,60,74
2587,0.422,88487.3,2360.66,90848.6,11276,22747,2,72,60,36,40
2588,0.587,68231.7,2326.62,70559.1,11280,22755,1,48,40,24,28
2589,0.452,133513,9344.24,142858,11288,22771,3,96,80,48,58
2590,0.528,144049,9536.93,153587,11296,22787,3,96,80,48,62
2591,0.649,67333.4,9257.17,76591.4,11300,22795,1,48,40,24,31
2592,0.52,0.153,16324.6,16325.4,11300,22795,0,0,0,0,6
2593,0.65,82767.4,9449.96,92218.2,11305,22806,2,60,52,30,36
2594,0.57,135981,9517.57,145500,11313,22822,3,96,80,48,58
2595,4321.26,27629.1,11444.5,43395.2,11315,22826,0,24,20,12,16
2596,0.496,102770,2333.03,105104,11321,22838,2,72,60,36,43
2597,0.366,27354.9,11577.1,38932.6,11323,22842,0,24,20,12,16
2598,0.381,142396,9147.35,151543,11331,22858,3,96,80,48,62
2599,0.614,101113,2226.39,103340,11337,22870,2,72,60,36,43
2600,1.122,67588.5,2309.43,69899.4,11341,22878,1,48,40,24,28
2601,0.383,105030,9276.23,114307,11347,22890,2,72,60,36,46
2602,0.577,193562,8348.94,201911,11359,22914,5,144,120,72,86
2603,0.548,124488,8482.93,132972,11367,22930,3,96,80,48,59
