iteration,find_best_us,split_us,update_info_us,total_us,active_faces,n_vertices
0,1.319,0.039,3.038,4.477,2,9
1,0.065,43785.9,0.761,43786.8,5,16
2,0.254,23165.9,0.752,23167.1,9,26
3,0.225,6596.08,0.548,6596.98,13,36
4,0.224,1137.18,9.249,1146.79,14,39
5,2.014,10715,10.326,10727.5,15,42
6,0.239,27194.1,1.281,27195.7,25,62
7,0.307,38812.1,14.367,38826.9,38,89
8,0.248,0.036,21.302,21.684,38,89
9,3.888,3340.91,11.362,3356.31,39,92
10,0.336,8253.97,16.355,8270.8,45,104
11,5.08,25066.6,2.215,25074,53,120
12,0.317,25022.7,16.886,25040,69,152
13,0.35,5649.35,2.311,5652.16,75,164
14,8.628,3689.33,16.219,3714.3,76,167
15,0.374,0.199,29.238,29.914,76,167
16,0.057,3050.27,2.779,3053.2,80,175
17,10.32,2627.84,38.435,2676.77,82,179
18,0.382,5120.96,18.996,5140.47,88,191
19,14.378,3489.39,17.661,3521.6,89,194
20,0.362,0.152,48.433,49.049,89,194
21,0.052,4366.54,3.305,4370.03,94,205
22,0.287,13935.4,29.713,13965.6,105,228
23,0.247,8395.78,24.126,8420.31,113,244
24,0.252,3179.36,22.529,3202.26,117,252
25,0.266,0.101,47.111,47.581,117,252
26,14.173,11064.3,4.711,11083.4,124,267
27,0.263,2735.54,3.438,2739.4,128,275
28,0.229,1890.16,34.445,1924.93,130,279
29,17.341,6022.89,25.305,6065.65,134,287
30,0.224,3240.22,36.352,3276.95,138,295
31,0.249,0.247,34.861,35.459,138,295
32,0.065,5266.71,26.204,5293.11,146,311
33,0.199,4959.48,26.214,4986,153,326
34,0.32,13485.3,7.945,13493.8,156,333
35,0.258,6893.19,49.532,6943.07,161,344
36,0.301,8996.32,28.317,9025.03,171,364
37,0.251,3173.13,28.23,3201.72,175,372
38,0.26,1513.28,53.112,1566.82,177,376
39,0.587,0.117,57.679,58.478,177,376
40,0.055,9235.82,7.913,9243.92,181,386
41,24.569,1527.72,35.838,1588.24,182,389
42,0.265,4837.09,6,4843.45,185,396
43,0.186,1153.35,37.69,1191.37,187,400
44,0.151,9171.96,35.26,9207.45,194,415
45,0.323,5630.94,4.875,5636.26,200,427
46,0.277,1957,46.628,2004.04,202,431
47,0.283,13848.1,46.986,13895.5,208,443
48,0.427,4368.54,42.312,4411.44,212,451
49,0.36,9653.82,40.2,9694.48,222,471
50,0.457,15806.4,7.283,15814.3,230,487
51,0.292,0.073,75.34,75.796,230,487
52,0.058,10060.7,33.936,10094.8,242,511
53,0.203,11603.6,32.148,11636.1,256,539
54,0.277,6471.4,38.471,6510.23,263,554
55,0.28,0.074,69.373,69.809,263,554
56,0.058,0.029,28.949,29.117,263,554
57,0.104,1265.19,44.081,1309.47,265,558
58,0.202,6592.9,36.75,6629.95,272,573
59,39.684,6331.04,7.065,6377.91,276,581
60,0.26,4440.26,6.545,4447.2,281,592
61,0.218,4811.78,6.468,4818.57,286,603
62,33.437,1477.03,55.787,1566.4,288,607
63,0.231,5601.76,45.404,5647.54,295,622
64,0.208,0.167,81.358,81.816,295,622
65,0.05,0.03,39.959,40.121,295,622
66,0.056,0.051,80.593,80.783,295,622
67,0.045,4886.94,37.035,4924.12,302,637
68,0.163,1233.82,53.382,1287.44,304,641
69,0.201,0.072,75.367,75.721,304,641
70,0.045,3166.33,7.054,3173.53,308,649
71,39.92,1441.46,54.099,1535.57,310,653
72,0.226,2209.39,6.836,2216.55,314,661
73,0.192,1333.41,55.503,1389.19,316,665
74,0.27,6085.76,40.697,6126.88,323,680
75,0.196,0.046,76.318,76.64,323,680
76,0.045,1222.91,55.721,1278.77,325,684
77,0.167,0.102,117.814,118.163,325,684
78,0.059,1118.94,58.107,1177.19,327,688
79,0.101,0.062,74.057,74.3,327,688
80,0.045,0.035,59.352,59.513,327,688
81,0.047,1377.53,47.738,1425.48,329,692
82,0.18,0.08,74.717,75.058,329,692
83,44.945,3182.19,41.034,3268.26,332,699
84,0.211,4354.46,42.136,4396.93,336,707
85,0.188,5555.65,7.151,5563.08,342,719
86,0.16,2263.8,58.879,2322.93,344,723
87,0.157,4600.85,41.736,4642.87,349,734
88,0.174,3051.25,46.041,3097.54,353,742
89,0.198,5509.48,64.658,5574.43,360,757
90,0.268,0.154,97.696,98.2,360,757
91,0.057,0.029,58.951,59.118,360,757
92,0.045,1532.06,66.306,1598.54,362,761
93,0.176,1059.06,71.743,1131.09,364,765
94,0.167,6053.64,51.653,6105.6,372,781
95,0.303,1091.33,67.636,1159.4,374,785
96,0.163,3385.18,44.819,3430.29,379,796
97,0.224,2798.97,49.256,2848.53,383,804
98,0.209,0.185,67.808,68.283,383,804
99,0.058,2710.64,10.896,2721.68,386,811
100,0.194,1256.56,62.47,1319.3,388,815
101,0.233,0.173,103.946,104.432,388,815
102,0.044,0.029,93.819,93.974,388,815
103,0.092,0.029,48.555,48.757,388,815
104,0.044,0.077,76.815,77.021,388,815
105,0.048,6658.58,52.469,6711.18,396,831
106,0.253,2795.16,8.573,2804.14,400,839
107,0.274,2810.24,8.457,2819.12,404,847
108,0.188,5854.11,11.388,5865.79,409,858
109,0.187,6872.31,64.756,6937.39,415,870
110,0.229,0.068,77.51,77.894,415,870
111,0.05,0.03,104.284,104.452,415,870
112,65.291,2567.55,9.901,2642.85,419,878
113,0.23,0.153,119.629,120.099,419,878
114,0.058,1629.01,70.555,1699.71,421,882
115,0.186,0.04,90.261,90.575,421,882
116,0.06,0.03,97.905,98.082,421,882
117,0.089,4936.13,12.043,4948.36,427,894
118,0.285,3555.11,64.585,3620.14,431,902
119,0.204,2989.61,10.741,3000.7,435,910
120,0.145,0.09,115.351,115.718,435,910
121,0.091,9056.66,59.417,9116.26,447,934
122,0.255,1391.06,98.136,1489.55,449,938
123,0.173,3703.76,49.655,3753.68,455,950
124,75.384,1545.73,75.558,1696.77,457,954
125,0.112,2607.39,53.316,2660.91,461,962
126,0.234,1541.57,81.056,1622.99,463,966
127,0.158,1208.96,95.507,1304.78,465,970
128,0.19,3061.65,11.952,3073.93,469,978
129,0.196,3701.8,16.506,3718.61,472,985
130,0.398,5407.58,78.342,5486.42,478,997
131,0.341,0.052,120.713,121.197,478,997
132,0.056,4664.52,61.83,4726.52,484,1009
133,80.583,1914.79,90.594,2086.13,486,1013
134,0.384,3113.36,18.711,3132.61,489,1020
135,0.397,1554.01,100.977,1655.49,491,1024
136,0.28,2882.42,14.244,2897.08,495,1032
137,0.321,3808.05,15.543,3824.03,499,1040
138,0.397,3489.33,19.164,3509.06,502,1047
139,0.345,0.078,187.496,188.022,502,1047
140,81.477,3346.66,16.024,3444.33,506,1055
141,0.381,1767.26,97.568,1865.32,508,1059
142,0.581,0.106,153.95,154.73,508,1059
143,0.11,8562.76,75.852,8638.84,518,1079
144,0.326,0.097,155.254,155.779,518,1079
145,0.279,0.057,166.561,167.004,518,1079
146,0.053,5079.15,81.614,5160.93,524,1091
147,0.349,4325.08,18.769,4344.36,528,1099
148,0.347,1842.06,112.777,1955.32,530,1103
149,0.302,0.11,177.239,177.743,530,1103
150,0.118,7303.05,91.957,7395.23,538,1119
151,0.28,0.145,107.192,107.709,538,1119
152,0.116,3426.97,85.504,3512.68,542,1127
153,0.318,0.175,158.444,159.031,542,1127
154,0.053,1455.07,106.376,1561.61,544,1131
155,0.21,6263.74,76.482,6340.58,552,1147
156,0.272,5517.08,83.884,5601.36,558,1159
157,81.456,1861.69,122.825,2066.08,560,1163
158,0.353,1748.48,122.486,1871.43,562,1167
159,0.274,2098.53,97.015,2195.93,564,1171
160,0.37,0.072,202.84,203.373,564,1171
161,0.069,3490.63,19.647,3510.46,568,1179
162,0.394,0.14,123.94,124.569,568,1179
163,0.068,1693.44,128.386,1822.02,570,1183
164,0.369,1307.78,105.837,1414.08,572,1187
165,0.21,6516.29,87.109,6603.75,578,1199
166,0.372,3942.47,24.29,3967.26,582,1207
167,0.333,1700.17,117.801,1818.44,584,1211
168,0.286,6544.32,85.692,6630.42,592,1227
169,0.252,0.059,230.113,230.565,592,1227
170,0.163,1577.84,117.078,1695.26,594,1231
171,0.256,1576.57,128.64,1705.61,596,1235
172,0.241,1857.77,120.162,1978.3,598,1239
173,0.361,4323.67,28.237,4352.45,602,1247
174,0.35,5174.82,110.232,5285.52,608,1259
175,0.353,3313.51,22.504,3336.51,612,1267
176,0.304,1539.09,110.941,1650.43,614,1271
177,0.303,4695.03,93.304,4788.73,620,1283
178,0.285,3604.69,102.597,3707.66,624,1291
179,0.256,3508.43,28.701,3537.48,628,1299
180,0.293,1340.58,113.941,1454.92,630,1303
181,0.233,1558.9,111.82,1671.04,632,1307
182,0.26,2588.68,188.569,2777.6,634,1311
183,0.521,0.114,267.997,268.734,634,1311
184,1.484,0.309,468.269,470.156,634,1311
185,0.264,0.142,233.267,233.839,634,1311
186,2.83,10763.5,171.274,10937.8,638,1319
187,0.358,4236.86,27.526,4264.86,642,1327
188,0.221,1482.52,171.588,1654.49,644,1331
189,0.254,3990.72,27.368,4018.45,648,1339
190,0.21,1807.35,187.172,1994.87,650,1343
191,0.224,5523.73,102.393,5626.46,655,1354
192,0.384,0.112,230.08,230.717,655,1354
193,0.102,4016.32,118.314,4134.88,659,1362
194,0.278,6293.12,23.959,6317.53,665,1374
195,0.244,3135.29,23.203,3158.84,669,1382
196,101.447,3563.38,105.865,3770.83,673,1390
197,0.335,6523.73,108.488,6632.66,681,1406
198,0.144,12040.9,47.291,12088.5,686,1417
199,0.394,0.222,220.55,221.273,686,1417
200,0.158,6949.56,34.759,6984.58,690,1425
201,0.294,1601.89,144.376,1746.69,692,1429
202,0.233,3960.14,29.491,3989.96,696,1437
203,0.245,2040.89,171.147,2212.38,698,1441
204,0.242,2444.6,141.493,2586.43,700,1445
205,0.236,4230.39,34.672,4265.42,704,1453
206,0.237,1965.11,161.998,2127.48,706,1457
207,0.252,7765.96,129.314,7895.63,714,1473
208,0.243,0.075,233.686,234.096,714,1473
209,0.074,0.139,142.321,142.627,714,1473
210,0.068,0.153,166.776,167.089,714,1473
211,0.09,5555.6,32.121,5587.96,719,1484
212,0.279,0.084,198.655,199.112,719,1484
213,0.067,7534.1,149.088,7683.39,727,1500
214,0.231,2022.84,169.238,2192.41,729,1504
215,0.314,0.09,261.742,262.322,729,1504
216,0.088,2343.36,142.74,2486.29,731,1508
217,0.192,2549.56,147.736,2697.63,733,1512
218,0.287,4311.86,149.562,4461.9,737,1520
219,107.019,4086.59,26.138,4219.94,741,1528
220,0.316,0.124,296.964,297.518,741,1528
221,0.234,1947.34,183.972,2131.72,743,1532
222,0.28,6108.57,31.721,6140.71,749,1544
223,0.357,1801.42,181.126,1982.99,751,1548
224,0.418,7293.11,132.772,7426.44,758,1563
225,0.335,0.036,187.08,187.544,758,1563
226,0.116,0.131,152.222,152.562,758,1563
227,0.099,1830.29,160.792,1991.3,760,1567
228,0.174,0.195,196.703,197.181,760,1567
229,105.052,1855.98,165.734,2126.9,762,1571
230,0.221,1707.02,184.116,1891.51,764,1575
231,0.215,1623.77,164.864,1788.96,766,1579
232,0.208,0.056,333.655,334.023,766,1579
233,0.139,3349.72,35.697,3385.73,770,1587
234,0.22,0.253,192.732,193.324,770,1587
235,0.067,4327.69,128.52,4456.44,775,1598
236,0.259,0.178,238.841,239.391,775,1598
237,99.556,1136.49,168.82,1405.07,776,1601
238,0.278,1750.67,201.222,1952.29,778,1605
239,0.275,2393.59,190.454,2584.42,780,1609
240,0.231,4176.77,166.605,4343.75,784,1617
241,0.336,1813.76,181.485,1995.76,786,1621
242,0.223,6408.86,162.601,6571.78,793,1636
243,0.229,0.059,216.878,217.259,793,1636
244,0.196,2074.19,195.419,2269.93,795,1640
245,0.201,0.099,250.261,250.683,795,1640
246,0.068,8504.15,173.372,8677.7,802,1655
247,0.226,0.079,230.17,230.591,802,1655
248,0.067,5918.72,145.703,6064.59,808,1667
249,0.374,0.084,307.907,308.458,808,1667
250,0.109,0.15,263.165,263.55,808,1667
251,101.346,1357.09,140.387,1598.95,809,1670
252,0.27,4327.25,151.708,4479.35,813,1678
253,0.258,3615.97,50.07,3666.46,817,1686
254,106.456,1684.74,212.056,2003.41,819,1690
255,101.018,2097.76,209.039,2407.95,821,1694
256,104.757,942.524,147.09,1194.5,822,1697
257,0.399,3931.22,151.482,4083.22,826,1705
258,0.405,0.169,321.705,322.447,826,1705
259,0.112,3029.91,153.273,3183.42,829,1712
260,0.277,4556.78,184.255,4741.43,834,1723
261,0.252,976.9,165.037,1142.31,835,1726
262,0.281,1519.14,222.581,1742.13,837,1730
263,0.289,0.233,320.243,320.859,837,1730
264,0.095,0.039,289.483,289.708,837,1730
265,115.8,1668.3,206.07,1990.32,839,1734
266,0.195,3615.81,166.758,3782.9,843,1742
267,0.277,0.078,310.558,311.066,843,1742
268,0.119,5219.48,44.871,5264.6,848,1753
269,0.281,1738.29,203.674,1942.35,850,1757
270,0.248,3857.85,161.278,4019.49,854,1765
271,0.289,1747.54,217.657,1965.58,856,1769
272,0.247,2360.3,224.611,2585.3,858,1773
273,0.417,2366.05,238.011,2604.6,860,1777
274,0.252,1069.15,174.748,1244.24,861,1780
275,0.213,11012.2,233.185,11245.8,869,1796
276,0.242,2980.24,226.538,3207.16,871,1800
277,0.213,0.16,349.673,350.153,871,1800
278,0.063,0.034,342.546,342.748,871,1800
279,0.117,8841.4,203.837,9045.54,877,1812
280,135.872,1873.29,217.721,2227.02,879,1816
281,0.302,0.232,370.594,371.294,879,1816
282,0.194,0.238,368.936,369.473,879,1816
283,0.073,3807.4,163.716,3971.36,883,1824
284,1.2,7521.12,202.763,7725.24,891,1840
285,115.904,1790.83,246.667,2153.55,893,1844
286,0.324,3865.7,38.883,3905.02,897,1852
287,115.526,1775.33,241.155,2132.14,899,1856
288,0.203,7502.38,209.809,7712.52,907,1872
289,0.223,4200.46,163.363,4364.16,911,1880
290,119.828,2178.29,231.846,2530.17,913,1884
291,0.381,0.163,415.983,416.634,913,1884
292,0.069,3988.76,42.527,4031.47,917,1892
293,0.235,0.127,421.794,422.273,917,1892
294,0.054,0.106,331.732,331.985,917,1892
295,0.116,0.107,373.174,373.49,917,1892
296,0.119,4011.04,203.245,4214.57,921,1900
297,121.47,1220.08,201.935,1543.64,922,1903
298,0.149,6306.51,48.725,6355.53,928,1915
299,0.299,3534.43,259.605,3794.47,931,1922
300,0.356,0.102,333.297,333.916,931,1922
301,122.058,2251.4,246.128,2619.8,933,1926
302,0.372,3757.73,46.773,3804.99,937,1934
303,0.272,4522.16,195.442,4717.98,941,1942
304,0.305,4449.54,227.997,4677.97,945,1950
305,121.29,4119.69,191.467,4432.62,949,1958
306,0.225,0.152,364.818,365.316,949,1958
307,0.102,1013.86,227.777,1241.87,950,1961
308,0.367,4425.67,60.832,4487.01,954,1969
309,0.407,0.165,482.798,483.49,954,1969
310,126.702,4441.2,220.064,4788.12,958,1977
311,0.329,0.23,368.946,369.612,958,1977
312,0.22,1826.66,279.49,2106.48,960,1981
313,127.141,4379.91,216.132,4723.33,964,1989
314,0.375,0.148,296.234,296.862,964,1989
315,0.108,1794.31,252.772,2047.32,966,1993
316,0.36,6393.26,210.74,6604.5,972,2005
317,0.375,6182.4,242.141,6425.06,978,2017
318,0.332,0.096,313.648,314.181,978,2017
319,0.134,4025.86,210.571,4236.68,982,2025
320,0.33,1961.35,244.376,2206.17,984,2029
321,0.268,0.242,467.203,467.82,984,2029
322,0.136,1756.3,245.836,2002.41,986,2033
323,0.243,2259.36,296.478,2556.22,988,2037
324,0.325,1836.06,268.371,2104.92,990,2041
325,0.298,1984.13,242.36,2226.91,992,2045
326,0.457,0.078,343.275,343.923,992,2045
327,0.201,0.088,461.482,461.882,992,2045
328,0.116,2103.13,313.236,2416.62,994,2049
329,0.343,0.106,499.122,499.69,994,2049
330,0.176,899.353,210.394,1110.03,995,2052
331,0.115,4096.93,49.037,4146.2,999,2060
332,0.356,0.262,294.956,295.712,999,2060
333,0.101,1904.79,283.629,2188.67,1001,2064
334,0.36,1840.27,293.658,2134.4,1003,2068
335,125.515,1868.26,266.81,2260.7,1005,2072
336,0.28,1934.73,299.081,2234.19,1007,2076
337,0.296,1866.96,294.857,2162.26,1009,2080
338,0.229,0.212,462.547,463.09,1009,2080
339,0.107,2399.85,291.225,2691.3,1011,2084
340,0.346,0.124,423.409,423.998,1011,2084
341,0.116,0.153,475.88,476.255,1011,2084
342,0.119,1926.74,272.897,2199.9,1013,2088
343,0.234,2272.22,314.24,2586.8,1015,2092
344,0.296,0.097,500.904,501.424,1015,2092
345,0.338,0.074,475.566,476.101,1015,2092
346,164.518,6149.72,303.069,6617.47,1017,2096
347,1.104,3645.18,537.357,4183.76,1019,2100
348,0.4,4613.18,404.281,5017.99,1021,2104
349,0.302,4574.86,272.172,4847.52,1025,2112
350,0.334,2088.69,265.803,2355,1027,2116
351,0.224,0.195,454.394,454.906,1027,2116
352,0.188,0.041,378.311,378.66,1027,2116
353,0.123,2012.22,259.292,2271.74,1029,2120
354,0.186,2050.23,341.197,2391.78,1031,2124
355,0.169,3587.86,44.34,3632.48,1034,2131
356,0.265,1987.85,296.836,2285.13,1036,2135
357,0.273,0.097,453.886,454.374,1036,2135
358,0.099,0.118,307.491,307.839,1036,2135
359,0.096,0.18,412.569,412.944,1036,2135
360,0.096,0.055,440.069,440.325,1036,2135
361,0.139,2575.26,282.65,2858.15,1038,2139
362,0.194,0.089,491.998,492.398,1038,2139
363,0.162,0.033,282.51,282.801,1038,2139
364,0.177,0.133,398.117,398.524,1038,2139
365,0.124,2328.92,267.69,2596.84,1040,2143
366,0.257,0.044,489.323,489.734,1040,2143
367,132.826,2200.62,243.48,2577.11,1042,2147
368,0.225,4585.98,60.333,4646.71,1046,2155
369,0.246,0.14,479.319,479.787,1046,2155
370,0.153,0.149,409.27,409.664,1046,2155
371,0.09,1942.75,263.627,2206.61,1048,2159
372,0.22,4383.8,228.001,4612.18,1052,2167
373,0.209,2007.59,285.354,2293.28,1054,2171
374,0.164,0.075,526.186,526.547,1054,2171
375,124.079,2126.95,338.477,2589.65,1056,2175
376,0.285,4454.65,204.917,4659.97,1060,2183
377,0.191,3818.18,51.152,3869.67,1064,2191
378,0.189,904.634,217.683,1122.6,1065,2194
379,0.163,0.083,517.287,517.626,1065,2194
380,0.078,4670.83,262.763,4933.85,1070,2205
381,0.191,1831.29,270.72,2102.32,1072,2209
382,0.141,6193.93,209.761,6403.92,1078,2221
383,0.161,0.099,495.258,495.611,1078,2221
384,0.126,0.126,403.449,403.805,1078,2221
385,117.249,2247.85,258.398,2623.64,1080,2225
386,0.245,0.101,441.758,442.195,1080,2225
387,0.133,5891.92,264.49,6156.69,1085,2236
388,0.273,0.103,316.241,316.717,1085,2236
389,0.094,4214.94,236.959,4452.09,1089,2244
390,0.194,0.096,517.942,518.325,1089,2244
391,0.157,1846.28,279.991,2126.52,1091,2248
392,0.171,1915.38,268.612,2184.27,1093,2252
393,0.172,0.134,500.832,501.273,1093,2252
394,0.113,5707.19,75.199,5782.67,1098,2263
395,0.161,3907.15,67.424,3974.84,1102,2271
396,0.156,0.083,454.253,454.599,1102,2271
397,0.128,3898.16,53.153,3951.54,1106,2279
398,0.202,3920.88,210.57,4131.81,1110,2287
399,0.246,0.083,336.712,337.136,1110,2287
400,0.137,2065.27,273.994,2339.5,1112,2291
401,0.164,1755.61,261.92,2017.79,1114,2295
402,0.207,0.2,458.912,459.429,1114,2295
403,0.121,9199.83,259.738,9459.83,1122,2311
404,0.285,0.092,530.74,531.212,1122,2311
405,0.089,0.078,397.594,397.859,1122,2311
406,0.126,0.107,412.972,413.304,1122,2311
407,0.086,2400.95,308.882,2710.03,1124,2315
408,0.158,0.086,352.022,352.373,1124,2315
409,0.218,4424.54,77.436,4502.35,1128,2323
410,0.389,0.115,578.906,579.507,1128,2323
411,0.125,1759.68,315.885,2075.78,1130,2327
412,0.255,1718.25,293.572,2012.22,1132,2331
413,0.189,0.077,506.322,506.685,1132,2331
414,0.102,1176.36,260.543,1437.1,1133,2334
415,0.171,0.093,504.332,504.706,1133,2334
416,0.159,2083.39,296.116,2379.77,1135,2338
417,0.24,0.202,471.833,472.373,1135,2338
418,0.118,5572.08,212.026,5784.38,1140,2349
419,0.222,1931.66,341.416,2273.48,1142,2353
420,0.179,0.119,494.811,495.199,1142,2353
421,0.109,1967.83,308.009,2276.07,1144,2357
422,0.183,2183,278.802,2462.08,1146,2361
423,0.191,7291.84,246.579,7538.75,1152,2373
424,0.278,0.086,516.473,516.937,1152,2373
425,155.718,2509.74,300.421,2965.99,1154,2377
426,0.26,2017.88,344.513,2362.77,1156,2381
427,0.214,2014.99,391.455,2406.77,1158,2385
428,0.263,0.105,500.416,500.887,1158,2385
429,0.153,1031.1,251.409,1282.77,1159,2388
430,0.186,0.221,498.607,499.107,1159,2388
431,139.279,2540.05,320.922,3000.36,1161,2392
432,0.17,0.109,422.548,422.995,1161,2392
433,0.114,1025.86,232.832,1258.91,1162,2395
434,0.203,0.119,580.264,580.678,1162,2395
435,125.815,2126.88,273.786,2526.6,1164,2399
436,0.151,0.116,526.299,526.658,1164,2399
437,0.131,0.03,488.38,488.631,1164,2399
438,0.088,0.055,509.911,510.16,1164,2399
439,0.113,4479.18,357.03,4836.42,1168,2407
440,0.198,2075.68,331.438,2407.48,1170,2411
441,0.273,4680.15,258.52,4939.05,1174,2419
442,0.267,4781.04,277.817,5059.23,1178,2427
443,0.165,2198.7,334.707,2533.75,1180,2431
444,129.619,2101.82,324.195,2555.75,1182,2435
445,0.167,2166.01,341.66,2507.95,1184,2439
446,0.208,1099.4,287.805,1387.59,1185,2442
447,0.143,3940.03,294.794,4235.2,1189,2450
448,0.163,3260.74,275.91,3536.91,1192,2457
449,0.224,4990.3,72.948,5063.61,1196,2465
450,0.558,6574.72,265.504,6840.89,1202,2477
451,0.182,0.082,589.535,589.894,1202,2477
452,0.126,2065.18,311.02,2376.43,1204,2481
453,0.329,4720.88,235.357,4956.68,1208,2489
454,0.267,2073.62,374.159,2448.2,1210,2493
455,142.04,2215.49,347.254,2705.02,1212,2497
456,0.161,1885.11,330.276,2215.67,1214,2501
457,0.184,3461.99,296.27,3758.6,1217,2508
458,0.163,0.179,393.566,394.005,1217,2508
459,0.119,952.331,261.852,1214.45,1218,2511
460,135.065,1171.05,272.141,1578.37,1219,2514
461,0.211,6638.16,292.398,6930.89,1225,2526
462,0.248,0.081,616.011,616.437,1225,2526
463,0.114,0.031,528.137,528.378,1225,2526
464,147.248,1948.21,381.007,2476.58,1227,2530
465,0.266,4030.51,278.648,4309.53,1231,2538
466,0.258,4143.5,67.779,4211.68,1235,2546
467,0.211,4284.78,79.149,4364.29,1239,2554
468,0.276,2547.23,382.271,2929.9,1241,2558
469,0.246,0.077,621.319,621.739,1241,2558
470,0.132,1076.83,303.799,1380.87,1242,2561
471,0.239,4302.41,284.877,4587.63,1246,2569
472,0.282,2241.33,373.672,2615.43,1248,2573
473,0.242,2035.49,366.741,2402.64,1250,2577
474,0.217,4990.05,311.806,5302.23,1254,2585
475,0.309,0.2,601.936,602.542,1254,2585
476,143.048,2409.73,327.275,2880.18,1256,2589
477,0.24,4870.64,68.902,4939.93,1260,2597
478,134.643,2600.29,355.014,3090.07,1262,2601
479,0.197,0.172,570.051,570.523,1262,2601
480,0.09,5025.85,67.998,5094.06,1266,2609
481,0.31,4338.48,82.645,4421.59,1269,2616
482,0.206,8759.39,330.127,9089.87,1275,2628
483,0.235,0.065,638.991,639.387,1275,2628
484,0.17,2037.94,377.787,2416.05,1277,2632
485,0.242,1484.61,354.363,1839.38,1278,2635
486,0.202,4719.19,76.126,4795.61,1282,2643
487,0.198,9038.52,310.018,9348.83,1290,2659
488,0.201,2201.31,359.6,2561.22,1292,2663
489,0.167,2066.24,394.136,2460.72,1294,2667
490,0.165,4634.38,283.814,4918.46,1298,2675
491,0.175,0.133,667.328,667.755,1298,2675
492,0.093,0.073,481.924,482.19,1298,2675
493,0.097,2202.83,386.356,2589.47,1300,2679
494,149.738,2472.28,403.055,3025.26,1302,2683
495,148.601,2270.4,476.026,2895.28,1304,2687
496,0.182,0.121,428.001,428.396,1304,2687
497,0.085,2174.62,408.439,2583.32,1306,2691
498,0.172,2454.36,441.466,2896.09,1308,2695
499,0.142,2251.22,374.599,2626.11,1310,2699
500,0.229,7846.56,339.425,8186.36,1316,2711
501,143.519,2212.33,418.791,2774.78,1318,2715
502,0.333,2434.45,364.454,2799.39,1320,2719
503,0.256,4616.64,82.377,4699.42,1324,2727
504,0.21,0.102,374.243,374.645,1324,2727
505,0.15,0.077,583.572,583.888,1324,2727
506,0.112,3518.83,80.581,3599.67,1327,2734
507,0.209,7495.96,323.112,7819.37,1333,2746
508,0.234,4588.19,330.364,4918.9,1337,2754
509,0.146,0.121,588.568,588.927,1337,2754
510,0.162,0.129,531.406,531.793,1337,2754
511,0.088,0.15,571.923,572.254,1337,2754
512,0.091,0.053,478.023,478.301,1337,2754
513,0.178,2786.29,403.422,3190.03,1339,2758
514,145.831,2397.81,456.11,2999.93,1341,2762
515,0.223,3797.18,422.251,4219.81,1343,2766
516,0.258,7306.09,547.134,7853.64,1345,2770
517,0.684,0.211,1242.67,1243.67,1345,2770
518,0.291,8235.25,344.709,8580.35,1351,2782
519,0.245,2312.47,443.128,2755.95,1353,2786
520,0.225,0.086,487.062,487.474,1353,2786
521,0.1,2409.37,383.086,2792.66,1355,2790
522,0.2,0.086,606.476,606.854,1355,2790
523,0.095,4689.55,316.694,5006.49,1359,2798
524,0.196,5930.1,275.881,6206.35,1363,2806
525,246.836,3030.12,446.223,3723.31,1365,2810
526,0.39,0.098,724.619,725.225,1365,2810
527,0.207,0.131,672.489,672.934,1365,2810
528,0.244,9242.6,347.495,9590.51,1371,2822
529,0.245,0.061,704.998,705.398,1371,2822
530,0.148,12770.7,134.818,12905.8,1375,2830
531,0.55,4302.72,488.237,4791.63,1377,2834
532,0.5,6411.26,102.923,6514.83,1381,2842
533,0.337,0.133,785.537,786.116,1381,2842
534,0.166,5889.24,102.314,5991.83,1385,2850
535,0.282,2388.32,442.426,2831.13,1387,2854
536,0.247,0.088,805.631,806.073,1387,2854
537,0.147,0.092,609.791,610.135,1387,2854
538,0.124,2760.76,463.621,3224.64,1389,2858
539,0.237,2837.97,451.778,3290.11,1391,2862
540,0.248,8302.9,391.653,8694.94,1397,2874
541,0.242,4319.85,460.085,4780.28,1400,2881
542,0.426,0.093,730.596,731.22,1400,2881
543,0.137,0.077,782.382,782.701,1400,2881
544,0.14,2761.75,452.602,3214.65,1402,2885
545,0.283,0.056,700.226,700.669,1402,2885
546,0.128,2700.71,473.53,3174.51,1404,2889
547,205.273,2468.02,539.693,3213.12,1406,2893
548,0.253,2771.72,495.224,3267.32,1408,2897
549,0.251,1233.6,434.643,1668.69,1409,2900
550,0.321,8267.44,351.652,8619.52,1415,2912
551,0.256,0.195,778.575,779.133,1415,2912
552,0.125,0.064,741.274,741.568,1415,2912
553,0.148,0.066,661.06,661.376,1415,2912
554,191.356,5668.29,107.609,5967.41,1419,2920
555,0.284,0.146,560.175,560.712,1419,2920
556,0.128,0.223,854.538,854.998,1419,2920
557,0.183,2812.46,508.349,3321.21,1421,2924
558,0.261,2536.34,495.108,3031.89,1423,2928
559,205.923,1392.26,400.046,1998.43,1424,2931
560,192.177,2581.54,503.825,3277.76,1426,2935
561,0.272,0.23,598.347,598.956,1426,2935
562,0.156,2588.22,484.021,3072.55,1428,2939
563,0.194,11328.9,405.567,11734.8,1436,2955
564,0.307,2739.48,500.786,3240.69,1438,2959
565,0.846,0.1,805.533,806.623,1438,2959
566,0.31,1527.62,460.35,1988.43,1439,2962
567,0.2,2568.93,565.067,3134.35,1441,2966
568,196.318,2755.48,462.38,3414.31,1443,2970
569,0.328,0.15,695.854,696.479,1443,2970
570,0.169,2859.07,489.553,3348.9,1445,2974
571,0.275,5989.06,418.683,6408.21,1449,2982
572,0.272,9209.81,423.351,9633.59,1455,2994
573,218.303,2619.87,553.199,3391.57,1457,2998
574,0.383,6126.41,394.052,6520.96,1461,3006
575,0.271,2729.8,518.744,3248.96,1463,3010
576,0.213,2983.97,476.31,3460.6,1465,3014
577,0.297,2808.68,530.182,3339.4,1467,3018
578,0.316,0.064,554.239,554.729,1467,3018
579,0.185,6090,112.907,6203.27,1471,3026
580,0.309,2935.2,503.444,3439.1,1473,3030
581,205.901,3651.28,487.009,4344.34,1475,3034
582,0.276,0.125,687.527,688.034,1475,3034
583,0.118,3052.03,520.875,3573.16,1477,3038
584,0.227,3386.52,522.136,3909.09,1479,3042
585,0.29,3362.26,552.294,3914.94,1481,3046
586,0.219,0.072,807.239,807.637,1481,3046
587,0.129,3325.75,498.989,3825.02,1483,3050
588,0.336,3318.16,552.009,3870.61,1485,3054
589,0.382,0.105,631.044,631.637,1485,3054
590,0.151,7971.1,392.168,8363.56,1490,3065
591,0.229,6566.68,423.021,6990.07,1494,3073
592,0.271,9587.71,443.436,10031.6,1500,3085
593,0.267,0.085,730.453,730.949,1500,3085
594,0.132,12825.7,442.437,13268.4,1508,3101
595,0.31,0.277,870.823,871.57,1508,3101
596,0.156,6505.56,110.087,6615.95,1512,3109
597,0.275,2941.49,512.336,3454.24,1514,3113
598,0.239,6999.35,476.1,7475.88,1518,3121
599,0.286,2887.72,535.737,3423.85,1520,3125
600,0.366,7013.74,115.009,7129.23,1524,3133
601,221.975,2108.99,436.763,2767.97,1525,3136
602,0.318,3283.77,509.203,3793.43,1527,3140
603,0.241,4078.55,635.624,4714.54,1529,3144
604,0.415,2881.47,585.622,3467.68,1531,3148
605,197.315,8389.8,481.495,9068.77,1535,3156
606,396.041,3400.31,504.373,4300.88,1536,3159
607,206.422,3517.49,507.127,4231.18,1538,3163
608,0.432,3569.36,594.325,4164.29,1540,3167
609,0.288,0.118,934.3,934.814,1540,3167
610,0.185,7313.12,437.405,7750.82,1544,3175
611,0.256,7014.46,104.169,7119.02,1548,3183
612,0.277,14000.6,594.433,14595.4,1555,3198
613,250.191,7491.08,104.371,7845.8,1559,3206
614,0.403,0.096,827.06,827.72,1559,3206
615,0.204,4026.72,652.964,4680.02,1561,3210
616,0.292,0.231,974.348,975.05,1561,3210
617,0.283,14674.7,730.891,15406.2,1569,3226
618,0.319,7472.76,445.213,7918.42,1573,3234
619,0.303,0.099,941.324,941.84,1573,3234
620,0.193,0.071,841.602,842.133,1573,3234
621,0.312,0.119,769.074,769.701,1573,3234
622,0.236,0.173,1087.22,1087.87,1573,3234
623,0.427,0.212,969.843,970.736,1573,3234
624,0.28,10782.9,457.38,11240.7,1579,3246
625,0.263,7779.95,211.266,7991.62,1583,3254
626,0.367,3616.05,613.819,4230.37,1585,3258
627,0.316,0.113,1063.37,1063.92,1585,3258
628,0.197,4276.2,987.276,5263.83,1587,3262
629,259.476,7123.25,125.835,7508.73,1591,3270
630,0.281,9791.48,554.638,10346.5,1596,3281
631,0.288,7968.9,123.321,8092.61,1600,3289
632,0.468,3400.21,690.88,4091.69,1602,3293
633,0.266,0.111,1331.69,1332.18,1602,3293
634,0.266,12190,474.226,12664.6,1608,3305
635,0.299,3136.22,607.237,3743.94,1610,3309
636,0.217,3829.57,550.836,4380.73,1612,3313
637,0.245,5147.02,461.283,5608.83,1615,3320
638,0.217,7336.2,203.732,7540.42,1619,3328
639,236.824,3250.23,612.423,4099.65,1621,3332
640,222.283,3750.2,561.754,4534.39,1623,3336
641,0.215,1823.05,504.151,2327.62,1624,3339
642,0.211,0.187,932.936,933.439,1624,3339
643,0.153,10888.5,499.712,11388.6,1630,3351
644,0.218,7088.94,485.717,7575,1634,3359
645,0.233,0.093,1141.55,1142.05,1634,3359
646,0.215,3502.79,759.944,4263.14,1636,3363
647,0.212,3322.28,623.209,3945.89,1638,3367
648,0.261,3536.92,608.034,4145.33,1640,3371
649,0.23,3380.38,613.288,3994.04,1642,3375
650,0.23,8619.15,575.793,9195.41,1646,3383
651,0.238,13381.3,526.356,13908.1,1652,3395
652,0.334,0.13,1048.31,1049.06,1652,3395
653,0.373,1956.1,693.995,2650.6,1653,3398
654,243.719,1696.58,520.494,2461.03,1654,3401
655,0.157,0.101,780.354,780.818,1654,3401
656,0.209,4157.75,667.408,4825.5,1656,3405
657,0.307,3333.29,930.019,4263.78,1658,3409
658,0.229,12275.3,524.908,12800.6,1664,3421
659,0.356,3915.44,774.613,4690.56,1666,3425
660,0.52,3232.05,617.287,3849.97,1668,3429
661,0.251,0.079,621.298,621.747,1668,3429
662,0.124,11570,439.998,12010.3,1674,3441
663,0.355,0.142,903.922,904.522,1674,3441
664,0.128,4089.96,655.947,4746.19,1676,3445
665,0.234,3803.18,678.73,4482.27,1678,3449
666,0.39,0.113,1517.72,1518.36,1678,3449
667,0.234,3359.23,654.727,4014.31,1680,3453
668,0.282,11870.5,116.329,11987.3,1686,3465
669,0.297,3450.81,700.844,4152.1,1688,3469
670,0.285,3957.18,846.948,4804.65,1690,3473
671,0.357,3574.14,623.529,4198.15,1692,3477
672,0.271,11877.5,836.73,12714.7,1698,3489
673,0.266,7543.99,207.437,7751.83,1702,3497
674,0.479,0.171,1280.62,1281.48,1702,3497
675,0.4,15455.2,670.976,16126.8,1710,3513
676,265.418,4062.07,627.3,4954.95,1712,3517
677,0.438,0.112,1172.53,1173.35,1712,3517
678,0.3,22896.8,573.575,23470.8,1724,3541
679,0.418,2163.93,537.502,2701.97,1725,3544
680,0.534,3148.3,622.854,3771.86,1727,3548
681,0.282,3572.15,884.51,4457.22,1729,3552
682,0.179,0.177,1078.56,1079.08,1729,3552
683,0.125,8478.45,138.763,8617.46,1733,3560
684,0.309,3877.61,928.456,4806.61,1735,3564
685,0.231,0.315,1053.5,1054.16,1735,3564
686,0.22,4612.28,642.794,5255.44,1737,3568
687,0.231,12873.7,768.687,13642.9,1743,3580
688,0.264,9759.68,223.353,9983.43,1748,3591
689,0.291,14925.3,519.562,15445.3,1756,3607
690,0.4,3548.5,950.717,4499.84,1758,3611
691,0.272,11676.6,541.649,12218.7,1764,3623
692,0.312,0.199,1037.18,1037.82,1764,3623
693,0.519,0.06,832.174,832.897,1764,3623
694,0.284,8071.04,135.82,8207.29,1768,3631
695,0.38,0.423,1242.27,1243.19,1768,3631
696,0.181,8144.55,506.668,8651.52,1772,3639
697,0.357,3750.85,718.831,4470.19,1774,3643
698,0.278,0.102,842.43,843.038,1774,3643
699,0.127,16619,955.652,17574.9,1782,3659
700,0.516,3825.44,751.08,4577.16,1784,3663
701,0.436,15580.8,613.04,16194.4,1790,3675
702,0.497,7906.37,228.377,8135.41,1794,3683
703,0.394,4133.17,632.331,4766.05,1796,3687
704,0.283,0.084,792.759,793.276,1796,3687
705,0.325,4683.56,689.691,5373.77,1798,3691
706,284.389,3906.39,703.541,4894.47,1800,3695
707,0.421,8591.73,157.721,8749.99,1804,3703
708,0.483,0.192,1264.13,1264.97,1804,3703
709,0.212,4244.7,659.695,4904.8,1806,3707
710,0.324,4661.74,745.547,5407.73,1808,3711
711,0.373,8957.32,951.658,9909.47,1812,3719
712,0.389,15865.3,552.309,16418.1,1820,3735
713,0.402,7102.46,191.029,7294.02,1824,3743
714,0.433,16045.1,560.411,16606.1,1832,3759
715,0.415,10157.1,625.37,10783,1837,3770
716,0.611,0.159,1242.49,1243.37,1837,3770
717,0.314,0.129,771.514,772.068,1837,3770
718,0.333,3459.47,663.185,4123.23,1839,3774
719,0.346,0.088,828.698,829.235,1839,3774
720,0.237,0.179,1381.47,1382.09,1839,3774
721,0.343,3265.38,775.209,4041.04,1841,3778
722,0.376,0.07,1581.81,1582.38,1841,3778
723,0.351,0.118,1206.77,1207.49,1841,3778
724,0.283,4133.11,1004.75,5138.35,1843,3782
725,0.459,0.084,1122.15,1122.86,1843,3782
726,293.256,4294.06,699.1,5286.62,1845,3786
727,0.328,4415.2,806.158,5221.82,1847,3790
728,0.325,4641.89,742.422,5384.77,1849,3794
729,281.436,8943.68,178.946,9404.24,1853,3802
730,0.274,9183.12,619.807,9803.33,1857,3810
731,0.33,9883.01,186.414,10069.9,1861,3818
732,0.396,0.17,1295.53,1296.2,1861,3818
733,0.125,4348.93,774.67,5123.85,1863,3822
734,0.424,6916.11,843.966,7760.77,1865,3826
735,1.746,0.388,2002.43,2004.71,1865,3826
736,0.346,0.192,1342.91,1343.68,1865,3826
737,0.393,11644.6,722.528,12367.7,1869,3834
738,0.329,11783.7,577.884,12362,1875,3846
739,0.51,3132.51,756.535,3889.73,1877,3850
740,0.216,3887.79,746.948,4635.14,1879,3854
741,0.23,3609.88,1682.62,5292.91,1881,3858
742,0.73,14119.9,1001.87,15122.6,1885,3866
743,0.394,16502.1,608.081,17110.7,1891,3878
744,0.361,2232.24,724.957,2957.68,1892,3881
745,0.262,3899.45,737.048,4636.88,1894,3885
746,0.245,3945.54,770.026,4716,1896,3889
747,0.219,8395.74,580.387,8976.48,1900,3897
748,0.207,0.069,1195.22,1195.75,1900,3897
749,0.164,0.076,1339.23,1339.62,1900,3897
750,0.21,0.082,955.111,955.56,1900,3897
751,0.164,0.112,1500.59,1501.07,1900,3897
752,0.338,0.13,1300.73,1301.3,1900,3897
753,0.299,0.083,1241.62,1242.18,1900,3897
754,0.143,0.172,1099.88,1100.38,1900,3897
755,301.976,2651.91,727.004,3681.06,1901,3900
756,0.346,0.114,1389.2,1389.82,1901,3900
757,0.261,14502.5,588.419,15091.3,1907,3912
758,0.205,0.161,1892.39,1892.92,1907,3912
759,287.116,8719.18,358.801,9365.38,1911,3920
760,0.387,5341.75,870.087,6212.38,1913,3924
761,0.498,0.101,1079.21,1079.91,1913,3924
762,0.144,15108.1,714.347,15822.7,1919,3936
763,0.275,0.192,1837.81,1838.43,1919,3936
764,0.24,3868.46,854.244,4723.17,1921,3940
765,0.364,0.179,1410.35,1411.09,1921,3940
766,0.256,2003.54,686.127,2690.12,1922,3943
767,0.235,3998.18,819.279,4817.92,1924,3947
768,0.207,4544.36,729.182,5273.88,1926,3951
769,0.305,4559.19,890.561,5450.28,1928,3955
770,0.197,0.12,878.376,878.868,1928,3955
771,0.138,10935,1080.04,12015.4,1932,3963
772,0.53,12177.6,594.053,12772.3,1938,3975
773,0.314,4499.06,771.631,5271.15,1940,3979
774,0.256,13345.4,605.485,13951.3,1946,3991
775,0.344,3337.11,807.648,4145.21,1948,3995
776,0.208,0.159,1191.11,1191.65,1948,3995
777,0.279,0.177,1283.66,1284.28,1948,3995
778,0.153,0.168,1341.6,1342.15,1948,3995
779,0.368,0.231,1483.51,1484.38,1948,3995
780,0.123,4031.8,799.682,4831.75,1950,3999
781,0.276,0.146,1394.29,1394.88,1950,3999
782,0.171,0.218,1177.56,1178.06,1950,3999
783,0.14,4335.53,948.014,5283.85,1952,4003
784,0.363,0.217,1081.81,1082.56,1952,4003
785,0.251,3543.66,753.121,4297.21,1954,4007
786,0.28,9594.81,163.902,9759.12,1958,4015
787,0.481,2133.49,646.922,2781.05,1959,4018
788,0.227,9342.15,588.079,9930.58,1963,4026
789,0.326,14032.9,690.065,14723.4,1969,4038
790,0.258,10635.6,198.941,10834.9,1973,4046
791,301.202,4336.87,817.843,5456.08,1975,4050
792,0.53,0.213,988.23,989.216,1975,4050
793,0.243,24631.9,698.165,25330.4,1985,4070
794,0.38,2255.02,648.069,2903.73,1986,4073
795,0.225,8685.53,193.436,8879.38,1990,4081
796,0.231,8436.63,624.427,9061.45,1994,4089
797,0.224,17927.4,659.306,18587.1,2002,4105
798,0.39,2409,634.509,3044.04,2003,4108
799,0.37,14282.4,679.106,14962,2009,4120
800,0.446,4503.55,830.743,5334.92,2011,4124
801,0.255,4255.97,823.54,5079.88,2013,4128
802,0.328,0.201,791.11,791.744,2013,4128
803,0.125,0.171,1251.52,1251.97,2013,4128
804,0.247,0.126,1536.28,1536.9,2013,4128
805,0.166,13818.5,661.193,14480,2019,4140
806,0.229,0.125,1324.27,1324.85,2019,4140
807,0.389,0.185,1634.97,1635.68,2019,4140
808,0.224,0.114,1697.91,1698.48,2019,4140
809,0.29,9047.36,307.674,9355.46,2023,4148
810,0.342,8518.07,628.538,9147.15,2027,4156
811,0.227,4057.95,990.095,5048.48,2029,4160
812,0.516,0.09,1349.7,1350.49,2029,4160
813,0.145,0.16,978.869,979.359,2029,4160
814,0.141,9023.76,291.513,9315.58,2033,4168
815,0.295,4175.95,769.619,4945.98,2035,4172
816,0.293,21151.1,643.361,21794.9,2045,4192
817,0.261,3671.38,801.428,4473.24,2047,4196
818,0.265,2385.95,654.054,3040.45,2048,4199
819,299.384,4177.44,813.056,5290.07,2050,4203
820,0.349,19774.2,655.543,20430.2,2058,4219
821,0.263,0.166,706.612,707.16,2058,4219
822,0.122,14420.8,671.663,15092.8,2064,4231
823,0.342,15698.5,689.937,16389,2070,4243
824,0.341,15226.7,730.644,15957.9,2076,4255
825,0.554,4817.45,882.669,5700.9,2078,4259
826,0.296,0.174,986.071,986.764,2078,4259
827,0.283,10835.8,206.088,11042.3,2082,4267
828,0.515,21796.8,672.381,22469.8,2090,4283
829,0.378,5389.13,816.357,6206.05,2092,4287
830,0.337,3121.91,1145.3,4267.75,2093,4290
831,305.456,11310.1,720.233,12336.1,2097,4298
832,0.462,0.225,1347.63,1348.59,2097,4298
833,0.28,9608.55,721.785,10330.8,2101,4306
834,0.626,12934.3,691.919,13627.1,2107,4318
835,0.358,9568.43,204.31,9773.27,2111,4326
836,0.378,14959,698.275,15657.8,2117,4338
837,0.59,0.071,1616.49,1617.36,2117,4338
838,0.335,4404.01,798.027,5202.51,2119,4342
839,0.329,4171.94,832.629,5005.05,2121,4346
840,0.276,16999.8,769.861,17770.1,2129,4362
841,0.367,2571.64,819.263,3391.38,2130,4365
842,0.349,0.232,1425.1,1425.79,2130,4365
843,0.176,0.12,1396.93,1397.39,2130,4365
844,0.208,19980,759.392,20739.8,2138,4381
845,0.355,10810.8,205.107,11016.4,2142,4389
846,0.362,9945.22,398.519,10344.3,2146,4397
847,0.679,20694.6,723.308,21418.7,2154,4413
848,0.487,5092.38,967.853,6060.85,2156,4417
849,0.633,0.163,1359.12,1360.03,2156,4417
850,0.222,0.068,1469.81,1470.26,2156,4417
851,0.147,15166.4,694.866,15861.5,2162,4429
852,0.315,4622.38,885.213,5508.05,2164,4433
853,0.317,3938.38,899.097,4837.92,2166,4437
854,0.278,0.196,1330.81,1331.5,2166,4437
855,0.354,2811.6,854.445,3666.53,2167,4440
856,1.239,10634.5,231.077,10867,2171,4448
857,0.395,0.194,1575.92,1576.62,2171,4448
858,0.233,9161.79,1172.29,10334.5,2175,4456
859,0.386,0.158,1705.38,1706.12,2175,4456
860,342.911,11209.2,192.899,11745.2,2179,4464
861,0.281,4850.95,1182.62,6034.02,2181,4468
862,0.306,0.149,1847.01,1847.6,2181,4468
863,0.205,11799.4,904.008,12703.7,2185,4476
864,0.607,11634.2,192.788,11827.7,2189,4484
865,0.453,0.145,1158.96,1159.74,2189,4484
866,0.297,0.206,1767.9,1768.59,2189,4484
867,0.32,19756.4,884.313,20641.2,2195,4496
868,0.356,16063.5,335.546,16399.5,2199,4504
869,0.477,0.196,2036.96,2037.82,2199,4504
870,0.324,6026.65,1034.14,7061.3,2201,4508
871,0.164,11281.6,813.922,12095.8,2205,4516
872,0.165,12729.4,799.298,13529,2209,4524
873,0.36,10476.5,182.21,10659.3,2213,4532
874,0.147,0.152,2088.64,2089.08,2213,4532
875,0.147,0.08,1459.52,1459.86,2213,4532
876,0.215,3994.15,897.499,4892.07,2215,4536
877,0.336,8803.11,768.642,9572.28,2219,4544
878,0.139,4100.81,752.169,4853.27,2221,4548
879,314.085,3812.28,807.819,4934.34,2223,4552
880,298.802,2413.11,792.619,3504.99,2224,4555
881,0.314,0.163,1266.85,1267.51,2224,4555
882,0.268,0.112,1273.64,1274.16,2224,4555
883,0.138,12816.6,681.636,13498.5,2230,4567
884,0.192,3615.94,884.585,4500.91,2232,4571
885,0.138,0.189,1072.52,1073.09,2232,4571
886,0.2,14849.4,622.815,15472.6,2238,4583
887,0.247,0.137,1442.88,1443.5,2238,4583
888,0.141,5710.15,896.419,6606.86,2240,4587
889,0.355,4382.63,1370.53,5753.66,2242,4591
890,0.304,0.137,1140.44,1140.97,2242,4591
891,0.374,13472.5,901.047,14374.1,2247,4602
892,0.339,2328.33,1221.64,3550.46,2248,4605
893,0.226,0.197,2221.17,2221.77,2248,4605
894,0.304,4990.15,1497.51,6488.14,2250,4609
895,0.238,8997.35,171.885,9169.62,2254,4617
896,0.227,0.062,1149.52,1149.95,2254,4617
897,0.137,19977.5,683.508,20661.3,2262,4633
898,0.349,8208.28,232.676,8441.44,2266,4641
899,0.165,3730.19,884.22,4614.72,2268,4645
900,0.244,3695.86,876.884,4573.15,2270,4649
901,0.215,3499.7,841.6,4341.69,2272,4653
902,0.18,3827.48,863.007,4690.81,2274,4657
903,0.25,12293,677.226,12970.6,2280,4669
904,0.397,0.089,1459.21,1459.8,2280,4669
905,288.103,5294.87,1530.63,7113.77,2282,4673
906,323.749,9747.69,1353.61,11425.3,2286,4681
907,314.898,5159.51,810.876,6285.5,2288,4685
908,0.28,0.115,1304.77,1305.25,2288,4685
909,0.202,5117.78,1229.68,6347.81,2290,4689
910,0.193,0.084,1520.88,1521.33,2290,4689
911,0.25,9529.84,215.849,9751.86,2294,4697
912,0.279,4785.19,884.92,5670.57,2296,4701
913,0.279,3991.58,907.44,4899.46,2298,4705
914,301.396,9666.42,177.528,10145.5,2302,4713
915,0.357,0.146,1666.43,1667.12,2302,4713
916,0.173,24583,664.679,25248,2310,4729
917,0.347,4725.86,1414.33,6140.68,2312,4733
918,0.194,5855.13,1120.12,6975.62,2314,4737
919,0.374,7013.16,1091.77,8105.44,2316,4741
920,0.594,0.104,2247.75,2248.61,2316,4741
921,0.252,5558.93,954.183,6513.56,2318,4745
922,0.384,0.148,1569.18,1569.86,2318,4745
923,0.183,0.034,922.049,922.367,2318,4745
924,319.514,5229.62,1431.54,6980.87,2320,4749
925,333.206,2603.33,838.591,3775.3,2321,4752
926,0.162,0.082,1773.81,1774.21,2321,4752
927,0.141,2288.75,841.55,3130.62,2322,4755
928,0.242,17095.9,1077.58,18173.9,2328,4767
929,0.179,0.158,2034.07,2034.58,2328,4767
930,0.188,5017.43,1303.4,6321.18,2330,4771
931,0.224,5144,1015.81,6160.2,2332,4775
932,0.168,24243.4,1374.36,25618.1,2341,4794
933,0.305,10591.3,385.803,10977.7,2345,4802
934,0.338,9724.63,1083.2,10808.3,2349,4810
935,0.388,8629.49,833.611,9463.63,2353,4818
936,0.193,0.197,1567.97,1568.45,2353,4818
937,285.402,4109.56,1294.81,5689.93,2355,4822
938,0.312,5235.17,1109.17,6344.8,2357,4826
939,0.421,0.203,1804.2,1804.93,2357,4826
940,0.281,16336.8,1007.54,17344.8,2363,4838
941,0.279,4208.35,1532.54,5741.32,2365,4842
942,0.24,0.126,2224.21,2224.72,2365,4842
943,0.228,0.109,1514.76,1515.19,2365,4842
944,0.226,0.126,1592.58,1593.03,2365,4842
945,0.233,8655.04,828.933,9484.4,2369,4850
946,0.247,9816.25,225.317,10042,2373,4858
947,0.308,11796.5,296.821,12093.8,2377,4866
948,0.247,0.133,2329.33,2329.86,2377,4866
949,0.259,10101.2,224.685,10326.3,2381,4874
950,0.197,4920.29,1040.06,5960.74,2383,4878
951,0.342,9408.5,826.377,10235.4,2387,4886
952,0.242,6153.15,1058.22,7211.76,2389,4890
953,0.424,4092.56,964.781,5057.98,2391,4894
954,0.24,4458.61,1021.05,5480.06,2393,4898
955,0.251,0.113,1552.71,1553.24,2393,4898
956,0.263,0.111,1186.29,1186.76,2393,4898
957,0.176,7211.02,1285.37,8496.72,2395,4902
958,0.495,27874.3,1301.02,29176,2402,4917
959,337.903,12112.2,776.686,13226.9,2406,4925
960,0.311,0.104,2479.97,2480.56,2406,4925
961,0.442,18230.5,825.194,19056.3,2412,4937
962,326.84,9385.13,1290.27,11002.4,2414,4941
963,429.348,8756.43,1812.49,10998.5,2416,4945
964,427.273,8480.38,1977.9,10885.7,2418,4949
965,0.441,7524.33,1919.78,9444.66,2420,4953
966,0.473,41727.3,1392.61,43120.6,2430,4973
967,0.392,0.165,2019.57,2020.28,2430,4973
968,388.066,6281.02,1092.48,7761.72,2432,4977
969,0.404,6107.17,1775.75,7883.51,2434,4981
970,0.245,3636.52,924.114,4561.05,2435,4984
971,386.363,7669.56,1595.83,9651.9,2437,4988
972,0.311,41063.7,1664.35,42728.5,2447,5008
973,0.736,29583.9,1178.69,30763.5,2455,5024
974,0.656,16065.5,1019.03,17085.3,2459,5032
975,0.72,43782.2,1207.54,44990.7,2471,5056
976,0.554,14708.4,991.951,15701,2475,5064
977,0.421,13642.9,1384.6,15028,2479,5072
978,440.682,7168.85,1266.39,8876.12,2481,5076
979,0.421,14053.1,415.544,14469.2,2485,5084
980,0.595,6566.36,2064.33,8631.42,2487,5088
981,0.567,0.22,2140.75,2141.68,2487,5088
982,0.144,13573.9,1527.16,15101.3,2491,5096
983,0.35,13425,900.484,14326,2495,5104
984,0.388,23622.6,1580.34,25203.5,2501,5116
985,0.488,20727.9,1430.33,22158.9,2507,5128
986,0.301,14689.9,381.669,15072,2511,5136
987,0.263,0.187,3383.27,3383.88,2511,5136
988,0.475,13471.8,340.573,13813.1,2515,5144
989,0.389,7067.1,2059.79,9127.46,2517,5148
990,0.282,5302.7,1593.7,6896.83,2519,5152
991,411.185,5891.43,1579.92,7882.74,2521,5156
992,0.427,18977.4,954.25,19932.2,2527,5168
993,0.254,0.282,2063.13,2063.78,2527,5168
994,0.113,13449.1,361.401,13810.8,2531,5176
995,0.282,6436.13,1138.27,7574.79,2533,5180
996,387.901,6581.82,1323.13,8293.03,2535,5184
997,426.462,14042.9,1493.49,15963.1,2539,5192
998,0.339,6847.69,1577.1,8425.28,2541,5196
999,0.379,8748.98,1106.1,9855.62,2543,5200
1000,0.45,0.117,1894.01,1894.7,2543,5200
1001,0.156,0.217,1017.66,1018.16,2543,5200
1002,0.231,11251.5,1177.21,12429.1,2547,5208
1003,0.264,0.119,2339.25,2339.75,2547,5208
1004,0.17,17518.2,861.685,18380.2,2553,5220
1005,0.39,6393.83,1898.09,8292.48,2555,5224
1006,0.451,0.185,1994.31,1995.16,2555,5224
1007,0.45,21535,1556.2,23091.8,2561,5236
1008,0.385,18936.5,1396.08,20333.2,2567,5248
1009,0.348,23492.4,1101.3,24594.2,2575,5264
1010,0.214,0.103,2719.7,2720.22,2575,5264
1011,0.258,0.117,1869.89,1870.44,2575,5264
1012,0.339,20451.3,1206.44,21658.2,2581,5276
1013,408.924,6011.22,1260.87,7681.24,2583,5280
1014,0.287,5216.69,1769.94,6987.1,2585,5284
1015,0.384,33091.6,938.311,34030.4,2595,5304
1016,0.444,17879.3,1319.06,19199,2601,5316
1017,0.447,4832.14,1038.34,5871.08,2603,5320
1018,0.282,30387.9,1434.57,31822.9,2613,5340
1019,352.452,6425.19,1706.05,8483.88,2615,5344
1020,334.026,5990.64,1721.24,8046.1,2617,5348
1021,0.298,13605.3,1334.02,14939.8,2621,5356
1022,0.421,0.129,1591.93,1592.64,2621,5356
1023,0.28,6073.97,1551.31,7625.72,2623,5360
1024,0.221,0.169,1780.55,1781.04,2623,5360
1025,360.454,10936.4,893.469,12190.5,2627,5368
1026,343.272,5156.95,1634.7,7135.12,2629,5372
1027,0.342,4951.86,1789.1,6741.46,2631,5376
1028,0.227,0.196,2043.64,2044.23,2631,5376
1029,0.144,5702.36,1097.99,6800.6,2633,5380
1030,0.282,4926.16,1067.71,5994.35,2635,5384
1031,319.137,21949.9,1424.12,23693.4,2641,5396
1032,0.388,12903.5,1028.12,13932.2,2645,5404
1033,0.179,25147.3,960.957,26108.6,2653,5422
1034,0.295,13313.6,261.945,13576,2657,5430
1035,0.201,14498.1,379.422,14877.9,2661,5438
1036,0.336,30338,1284.05,31622.5,2669,5454
1037,0.489,16790.3,670.689,17461.6,2673,5462
1038,0.74,20411.2,1840.52,22252.6,2677,5470
1039,0.572,0.125,4350.05,4350.94,2677,5470
1040,0.311,0.241,2546.18,2546.87,2677,5470
1041,0.29,19505.5,416.693,19922.7,2681,5478
1042,0.766,20593.1,418.284,21012.2,2685,5486
1043,0.542,0.171,2193.37,2194.24,2685,5486
1044,0.246,0.095,3082.96,3083.49,2685,5486
1045,0.277,30213.3,1366.25,31579.9,2691,5498
1046,0.433,0.11,2454.39,2455.09,2691,5498
1047,0.421,9182.28,2402.28,11585.1,2693,5502
1048,0.646,21938.7,2444.77,24384.3,2697,5510
1049,0.535,19705.8,580.946,20287.4,2701,5518
1050,0.628,9222.49,2379.5,11602.7,2703,5522
1051,0.439,5445.41,2009.28,7455.26,2704,5525
1052,0.527,0.187,2668.66,2669.59,2704,5525
1053,0.431,36555.4,1952.51,38508.5,2712,5541
1054,495.701,17162,618.463,18276.4,2716,5549
1055,0.5,0.188,4115.51,4116.36,2716,5549
1056,0.469,0.233,3689.08,3689.91,2716,5549
1057,458.662,7955.62,2269.06,10683.5,2718,5553
1058,0.702,0.2,2829.61,2830.67,2718,5553
1059,0.447,0.237,3252.79,3253.69,2718,5553
1060,0.599,0.12,3362.41,3363.34,2718,5553
1061,464.361,8281.12,2262.75,11008.4,2720,5557
1062,0.535,0.138,2395.07,2395.91,2720,5557
1063,0.291,35788.1,1836.7,37625.3,2728,5573
1064,0.533,26479.5,383.242,26863.4,2734,5585
1065,425.493,16521.8,509.845,17457.3,2738,5593
1066,0.594,7734.55,1896.04,9631.35,2740,5597
1067,0.213,0.269,4010.83,4011.48,2740,5597
1068,430.486,7914.09,2266.92,10611.7,2742,5601
1069,0.407,18341.4,1879.55,20221.5,2746,5609
1070,0.551,0.152,3402.64,3403.54,2746,5609
1071,0.284,0.141,3690.43,3691.04,2746,5609
1072,0.545,16684.4,414.842,17100,2750,5617
1073,0.433,26133.9,1976.23,28110.8,2756,5629
1074,0.546,0.16,3146.24,3147.07,2756,5629
1075,0.467,7667.43,2312.62,9980.67,2758,5633
1076,0.423,7351.56,2573.42,9925.58,2760,5637
1077,0.499,0.162,3086.72,3087.59,2760,5637
1078,0.431,28697.2,2211.08,30908.9,2766,5649
1079,0.759,0.203,4762.04,4763.17,2766,5649
1080,0.674,8684.93,2935.41,11621.2,2768,5653
1081,486.861,18520.2,615.726,19623,2772,5661
1082,0.689,8435.96,2348.2,10785,2774,5665
1083,0.709,0.171,4024.59,4025.63,2774,5665
1084,0.266,7920.65,2930.11,10851.2,2776,5669
1085,0.43,7368.86,2849.35,10218.8,2778,5673
1086,0.485,16963.2,1771.81,18735.6,2782,5681
1087,0.332,7561.72,2197.99,9760.25,2784,5685
1088,0.272,42456.1,1317.31,43773.8,2794,5705
1089,435.868,16683.8,330.764,17450.6,2798,5713
1090,0.309,17679.2,1860,19539.6,2802,5721
1091,0.352,8079.94,2164.11,10244.6,2804,5725
1092,0.563,0.151,3268.83,3269.66,2804,5725
1093,439.037,8684.26,2149.31,11272.8,2806,5729
1094,0.471,27249.9,1684.98,28935.6,2812,5741
1095,0.786,9112.46,1580.91,10694.3,2814,5745
1096,0.396,19954.8,1987.38,21942.7,2818,5753
1097,0.384,19192.1,375.898,19568.5,2822,5761
1098,0.357,10232.7,2649.09,12882.3,2824,5765
1099,0.461,0.076,2728.51,2729.19,2824,5765
1100,1.174,0.379,3509.67,3511.33,2824,5765
1101,0.294,8343.69,1304.2,9648.34,2826,5769
1102,0.263,7840.07,1582.61,9423.11,2828,5773
1103,0.29,16043.1,1416.55,17460.1,2832,5781
1104,0.407,7616.25,2010.81,9627.62,2834,5785
1105,0.255,8708.6,1993.04,10702.1,2836,5789
1106,0.496,8503.14,1881.64,10385.4,2838,5793
1107,412.436,8597.9,2051.33,11061.8,2840,5797
1108,0.298,0.105,1695.93,1696.46,2840,5797
1109,0.184,0.136,2957.81,2958.28,2840,5797
1110,0.216,7549.14,1996.2,9545.71,2842,5801
1111,0.23,18902.7,374.78,19277.9,2846,5809
1112,0.487,39241.5,1302.22,40544.4,2856,5829
1113,0.401,0.094,2349.68,2350.35,2856,5829
1114,0.186,55712.6,1817.82,57530.9,2870,5857
1115,0.475,7319.61,2811.45,10131.8,2872,5861
1116,0.606,27548.8,1196.99,28746.6,2879,5876
1117,0.349,0.156,2488.96,2489.62,2879,5876
1118,0.185,0.194,2348.03,2348.52,2879,5876
1119,0.24,0.067,1370.42,1370.85,2879,5876
1120,0.162,0.063,1581.22,1581.55,2879,5876
1121,0.143,22783,1137.57,23920.8,2885,5888
1122,0.242,0.145,2358.76,2359.24,2885,5888
1123,0.214,0.042,1471.42,1471.78,2885,5888
1124,0.223,14847.4,302.267,15150.1,2889,5896
1125,466.783,6846.57,2044.31,9357.9,2891,5900
1126,0.309,6820.34,1980.84,8801.74,2893,5904
1127,0.396,23466.1,1909.91,25376.5,2899,5916
1128,438.108,7152.38,2190.79,9781.55,2901,5920
1129,0.339,22612.4,1876.47,24489.5,2907,5932
1130,0.449,7410.2,2276.85,9687.71,2909,5936
1131,1.783,0.226,3010.63,3012.76,2909,5936
1132,0.316,0.185,3436.93,3437.6,2909,5936
1133,0.301,0.226,3945.86,3946.61,2909,5936
1134,407.952,17019.2,540.023,17967.4,2913,5944
1135,0.338,11636.2,513.782,12150.5,2916,5951
1136,0.394,5924.69,1815.82,7741.16,2918,5955
1137,0.36,6940.16,2076.05,9016.77,2920,5959
1138,0.272,23136.8,1412.84,24550.2,2926,5971
1139,0.511,29201.9,1788.04,30990.7,2932,5983
1140,0.422,17910.2,663.118,18573.9,2936,5991
1141,0.433,36956.1,2153.23,39109.9,2944,6007
1142,0.318,0.19,2336.96,2337.64,2944,6007
1143,0.372,18184.7,1827.82,20013.1,2948,6015
1144,0.252,33801.2,2153.64,35955.3,2956,6031
1145,0.376,0.245,3163.46,3164.29,2956,6031
1146,0.149,35073.8,1946.91,37021,2964,6047
1147,0.33,8398.88,1795.37,10194.8,2966,6051
1148,0.435,3736.45,1769.35,5506.41,2967,6054
1149,0.334,0.187,4062.62,4063.31,2967,6054
1150,0.429,8896.9,2428.25,11325.8,2969,6058
1151,0.293,8423.96,2360.36,10784.8,2971,6062
1152,0.401,8171.39,1750.84,9922.82,2973,6066
1153,0.374,20032.7,2046.08,22079.4,2977,6074
1154,0.346,39637.7,1515.36,41153.6,2985,6090
1155,0.294,0.189,3973.42,3974.07,2985,6090
1156,0.227,8886.18,2371.94,11258.6,2987,6094
1157,0.348,40641.4,1588.45,42230.4,2995,6110
1158,0.379,44612.2,1970.97,46583.7,3004,6129
1159,0.388,34639.2,1839.65,36479.4,3012,6147
1160,472.819,7154.67,2146.01,9773.73,3014,6151
1161,0.331,6928.32,1690.61,8619.41,3016,6155
1162,0.438,7009.2,2064.37,9074.23,3018,6159
1163,0.166,0.196,3764.02,3764.6,3018,6159
1164,0.147,25684.2,615.061,26299.6,3024,6171
1165,444.158,3863.39,2204.49,6512.27,3025,6174
1166,0.48,7760.61,2167.19,9928.46,3027,6178
1167,471.391,7169.62,2339.43,9980.66,3029,6182
1168,0.43,17617.7,617.236,18235.6,3033,6190
1169,0.394,13231.3,489.085,13721,3036,6197
1170,0.344,0.152,2903.32,2904.04,3036,6197
1171,0.319,34276,1968.53,36245,3044,6213
1172,0.34,26563.1,1481.77,28045.4,3050,6225
1173,0.32,7272.44,2191.8,9464.81,3052,6229
1174,456.609,7746.47,2476.39,10679.7,3054,6233
1175,0.361,0.252,3700.72,3701.49,3054,6233
1176,0.176,0.219,4086.09,4086.71,3054,6233
1177,0.27,0.108,2109.72,2110.19,3054,6233
1178,0.323,7408.35,2424.65,9833.53,3056,6237
1179,0.311,0.127,4165.69,4166.33,3056,6237
1180,0.365,18198.5,456.38,18655.4,3060,6245
1181,0.265,0.142,4240.95,4241.6,3060,6245
1182,0.269,0.146,3861.36,3861.93,3060,6245
1183,0.213,7027.61,2250.62,9278.62,3062,6249
1184,0.317,0.162,2903.88,2904.52,3062,6249
1185,0.315,12768.7,577.524,13346.7,3065,6256
1186,0.336,7467.02,2268.38,9735.92,3067,6260
1187,0.287,17426.6,573.825,18000.9,3071,6268
1188,0.314,34802.4,2033.15,36836,3079,6284
1189,0.294,7687.29,2552.55,10240.3,3081,6288
1190,0.587,30059.9,2164.04,32224.8,3087,6300
1191,0.506,0.164,2812.06,2812.99,3087,6300
1192,0.325,38948.5,2107.12,41056.1,3095,6316
1193,433.468,7902.55,1628.16,9964.3,3097,6320
1194,0.36,28246.4,466.229,28713.2,3103,6332
1195,0.417,8807.83,2226.47,11034.9,3105,6336
1196,0.275,8714.58,2167.78,10882.8,3107,6340
1197,0.312,8359.91,2791.91,11152.3,3109,6344
1198,0.522,9162.17,2600.93,11763.9,3111,6348
1199,0.34,0.18,4523.39,4524.1,3111,6348
1200,0.258,17783.3,370.387,18154.1,3115,6356
1201,0.255,7685.9,2259.96,9946.37,3117,6360
1202,0.384,0.136,4574.59,4575.29,3117,6360
1203,0.4,45471,2130.2,47601.7,3127,6380
1204,0.353,0.079,2813.67,2814.32,3127,6380
1205,497.468,18332.6,454.32,19284.6,3131,6388
1206,786.916,8268.35,2468.79,11524.3,3133,6392
1207,0.59,0.094,2954.24,2955.04,3133,6392
1208,0.461,18726.9,1568.89,20296.5,3137,6400
1209,0.303,30727.8,1739.8,32468.1,3143,6412
1210,555.182,8546.13,2462.85,11564.4,3145,6416
1211,0.385,8373.5,2522.41,10896.5,3147,6420
1212,0.282,23683.9,432.445,24116.8,3151,6428
1213,0.434,7399.38,1742.37,9142.39,3153,6432
1214,0.317,26751.1,1880.37,28632,3159,6444
1215,0.345,43441.4,1851.45,45293.4,3167,6460
1216,0.447,0.149,3149.59,3150.34,3167,6460
1217,0.256,0.094,2941.83,2942.32,3167,6460
1218,0.237,0.152,3784.2,3784.76,3167,6460
1219,0.263,7461.16,2523.53,9985.19,3169,6464
1220,0.286,26075.2,2128.84,28204.5,3175,6476
1221,0.359,8058.16,2584.97,10643.7,3177,6480
1222,0.379,0.17,3152.11,3152.88,3177,6480
1223,0.35,0.166,3093.86,3094.59,3177,6480
1224,5.105,0.189,4658.45,4663.96,3177,6480
1225,0.247,7895.76,2594.6,10490.8,3179,6484
1226,652.928,7866.67,2569.97,11089.8,3181,6488
1227,0.263,7569.44,2587.35,10157.2,3183,6492
1228,0.371,27937.1,2054.97,29992.6,3189,6504
1229,0.247,8262.14,2526.68,10789.2,3191,6508
1230,0.307,28753.9,591.749,29346.2,3197,6520
1231,0.443,17422.7,466.728,17890,3201,6528
1232,0.276,0.141,4184.25,4184.89,3201,6528
1233,0.283,28196.8,1959.64,30156.9,3207,6540
1234,1.124,0.41,5506.24,5507.91,3207,6540
1235,0.451,0.151,4252.5,4253.27,3207,6540
1236,0.399,0.219,5167.66,5168.47,3207,6540
1237,0.509,9781.01,2801.59,12583.3,3209,6544
1238,0.407,9228.21,2967.63,12196.5,3211,6548
1239,0.369,20956.5,487.832,21444.9,3215,6556
1240,0.315,32701.9,2184.72,34887.1,3221,6568
1241,0.445,21046.7,511.417,21558.7,3225,6576
1242,0.517,20405.3,584.428,20990.4,3229,6584
1243,0.438,0.173,4885.74,4886.51,3229,6584
1244,0.289,33419.7,544.313,33964.4,3235,6596
1245,925.159,6250.38,2323,9498.76,3236,6599
1246,813.269,9925.27,3208.12,13946.9,3238,6603
1247,0.504,5431.28,2368.72,7800.69,3239,6606
1248,0.611,36894.6,2260.54,39156,3245,6618
1249,0.776,38192.1,2580.51,40773.5,3251,6630
1250,604.562,9576.13,2875.78,13056.7,3253,6634
1251,0.58,11142.3,3141.47,14284.5,3255,6638
1252,0.517,23346.7,598.492,23945.9,3259,6646
1253,0.38,44748.3,2158.58,46907.4,3267,6662
1254,560.061,9315.19,2778.93,12654.4,3269,6666
1255,0.744,20941.9,2300.99,23243.9,3273,6674
1256,0.423,65685,2623.71,68309.3,3285,6698
1257,0.517,44979.9,2404.02,47384.7,3293,6714
1258,0.468,0.167,3881.95,3882.8,3293,6714
1259,0.477,9334.99,2971.76,12307.4,3295,6718
1260,0.302,0.323,2894.86,2895.65,3295,6718
1261,0.342,22467.6,568.861,23036.9,3299,6726
1262,0.322,22292.4,757.555,23050.5,3303,6734
1263,0.49,56330.2,2250.5,58581.4,3313,6754
1264,0.78,21209.1,529.353,21739.4,3317,6762
1265,0.39,0.142,4324.85,4325.6,3317,6762
1266,0.314,0.17,5114.03,5114.71,3317,6762
1267,0.365,9499.8,2964.65,12465,3319,6766
1268,0.64,30064.6,784.492,30849.9,3324,6777
1269,0.599,37960.8,2839.67,40801.3,3330,6789
1270,0.438,0.248,5496.92,5497.8,3330,6789
1271,0.262,10220,3099.94,13320.3,3332,6793
1272,0.522,23954.4,532.373,24487.4,3336,6801
1273,0.703,30055.2,502.569,30558.6,3340,6809
1274,0.44,23899.1,2440.79,26340.5,3344,6817
1275,0.702,10504.8,2573.99,13079.7,3346,6821
1276,0.412,0.104,3646.96,3647.87,3346,6821
1277,0.384,65052.7,1828.67,66881.9,3358,6845
1278,0.461,9710.29,3031.34,12742.3,3360,6849
1279,0.339,0.14,4579.87,4580.55,3360,6849
1280,898.49,22901.1,568.403,24368.2,3364,6857
1281,0.371,68042.9,2664.28,70707.7,3375,6880
1282,0.519,38123.4,572.36,38696.4,3381,6892
1283,604.459,5595.12,2404.8,8604.56,3382,6895
1284,0.43,36301.1,2542.09,38843.8,3388,6907
1285,0.471,11401.4,3704.89,15106.9,3390,6911
1286,1047.63,5458.38,2102,8608.17,3391,6914
1287,0.46,24719.2,2528.5,27248.4,3395,6922
1288,0.319,0.129,3710.5,3711.1,3395,6922
1289,0.237,32713.7,2081.4,34795.5,3401,6934
1290,0.322,0.221,3470.38,3471.09,3401,6934
1291,0.357,22884.4,2035.93,24920.9,3405,6942
1292,595.666,9959.7,2378.13,12933.7,3407,6946
1293,0.546,22509.7,778.905,23289.4,3411,6954
1294,0.356,0.187,5010.32,5011.03,3411,6954
1295,0.39,22505.2,2516.28,25022,3415,6962
1296,0.701,20919.5,2491.81,23412.2,3419,6970
1297,0.407,21950.1,2050.71,24001.3,3423,6978
1298,0.424,45216.6,2787.79,48005,3431,6994
1299,0.564,34819.5,2005.01,36825.2,3437,7006
1300,0.58,0.108,5008.96,5009.81,3437,7006
1301,0.517,23322.3,780.005,24103,3441,7014
1302,0.601,0.213,5000.01,5001.01,3441,7014
1303,0.797,42265.6,1943.41,44210,3448,7029
1304,0.456,34445.7,2809.95,37256.4,3454,7041
1305,0.567,35851.6,2064.81,37917.2,3460,7053
1306,0.627,22753.6,2597.95,25352.4,3464,7061
1307,0.383,68255,1860,70115.6,3476,7085
1308,0.422,22077.6,2996.25,25074.4,3480,7093
1309,0.199,36695.1,2426.76,39122.2,3486,7105
1310,0.573,10447,2847.2,13294.9,3488,7109
1311,0.307,23435.6,692.996,24129.1,3492,7117
1312,0.482,23005.9,2392.21,25398.7,3496,7125
1313,0.279,36589.4,2544.19,39134,3502,7137
1314,664.75,11350,3117.24,15132.2,3504,7141
1315,0.523,10538.7,2954.04,13493.5,3506,7145
1316,0.554,10360.3,2706.17,13067.2,3508,7149
1317,0.392,0.13,4969.05,4969.77,3508,7149
1318,0.244,46470.1,2936.57,49407.1,3516,7165
1319,0.387,23613.3,588.055,24201.9,3520,7173
1320,0.627,34251,517.479,34769.3,3526,7185
1321,0.198,12.006,5115.27,5127.62,3526,7185
1322,0.438,0.107,5046.49,5047.2,3526,7185
1323,0.328,49218.2,2153.64,51372.4,3534,7201
1324,0.426,51405.9,821.801,52228.2,3542,7217
1325,0.539,11312,2697.19,14009.9,3544,7221
1326,0.323,54051.4,2494.26,56546.2,3552,7237
1327,0.427,39290.9,654.555,39946,3558,7249
1328,0.372,42460.2,2843.07,45303.8,3564,7261
1329,0.507,0.093,6599.45,6600.25,3564,7261
1330,0.302,0.253,5536.72,5537.47,3564,7261
1331,0.625,12005.3,3492.08,15498.2,3566,7265
1332,0.427,0.222,5242.83,5243.67,3566,7265
1333,643.736,11502.1,3110.63,15256.7,3568,7269
1334,0.487,0.169,3734.48,3735.32,3568,7269
1335,0.315,87192.8,2940.96,90134.2,3580,7293
1336,0.575,11383.2,3261.06,14645,3582,7297
1337,0.417,71113.8,3076.58,74191,3594,7321
1338,0.563,0.215,6275.98,6276.95,3594,7321
1339,0.423,24508.4,596.318,25105.3,3598,7329
1340,0.49,33097.8,2051.68,35150.2,3604,7341
1341,0.485,33263.1,2732.18,35996,3610,7353
1342,0.506,11521.8,3769.53,15292.1,3612,7357
1343,0.726,0.135,6858.42,6859.49,3612,7357
1344,0.571,53222.1,3142.07,56364.9,3620,7373
1345,0.5,11516.2,3910.83,15427.8,3622,7377
1346,0.575,54615.9,3473.75,58090.5,3630,7393
1347,0.747,11945.8,3883.18,15830,3632,7397
1348,0.804,53661.9,3360.57,57023.5,3640,7413
1349,0.674,39486,2195.97,41682.8,3646,7425
1350,0.515,0.149,6228.44,6229.27,3646,7425
1351,0.509,10695.7,4952.55,15649,3648,7429
1352,0.778,10110.1,3493.81,13604.9,3650,7433
1353,0.513,0.158,5916.64,5917.46,3650,7433
1354,0.224,27703.5,877.231,28581.2,3654,7441
1355,1119.84,11473.1,4162.77,16756,3656,7445
1356,0.559,11644.7,3983.94,15629.4,3658,7449
1357,0.421,11559.6,4196.56,15756.8,3660,7453
1358,0.531,10629.2,3794.77,14424.7,3662,7457
1359,0.595,27415.6,3105.92,30522.3,3666,7465
1360,0.412,26916.7,907.503,27824.9,3670,7473
1361,0.671,0.094,6894.51,6895.52,3670,7473
1362,0.406,11512.6,3689.94,15203.1,3672,7477
1363,0.419,0.227,7043.22,7044.02,3672,7477
1364,0.533,0.161,7271.98,7272.91,3672,7477
1365,0.652,11965.3,3997.29,15963.4,3674,7481
1366,0.566,36002.9,3218.74,39222.4,3679,7492
1367,0.509,83497,3470.4,86968.1,3691,7516
1368,0.52,27648.5,3065,30714.2,3695,7524
1369,0.832,44354.9,2307.94,46663.9,3701,7536
1370,0.344,18442.3,2831.37,21274.3,3704,7543
1371,0.31,5197.38,2847.46,8045.33,3705,7546
1372,0.439,0.159,6248.45,6249.26,3705,7546
1373,0.438,26647.9,2360.2,29008.7,3709,7554
1374,0.437,38954.7,2888.36,41843.7,3715,7566
1375,0.57,0.064,5027.07,5027.88,3715,7566
1376,0.368,89502.1,2871.45,92374.1,3727,7590
1377,0.436,112375,2812.69,115188,3743,7622
1378,1242.95,12385.6,3651.76,17280.5,3745,7626
1379,0.548,28445.9,3044.45,31491.1,3749,7634
1380,0.73,91391.9,3266.12,94658.9,3761,7658
1381,0.742,32078.6,771.815,32851.3,3765,7666
1382,0.698,45286.4,2996.24,48283.5,3771,7678
1383,0.6,26175.6,784.257,26960.6,3775,7686
1384,0.652,10503.5,3944.78,14449.1,3777,7690
1385,0.824,40033.1,2596.16,42630.3,3783,7702
1386,0.564,75245.7,2681.12,77927.5,3795,7726
1387,0.425,109530,1970.03,111501,3813,7762
1388,0.38,9001.94,3558.21,12560.8,3815,7766
1389,0.49,9735.13,2760.47,12496.3,3817,7770
1390,0.432,30016.9,802.233,30819.8,3821,7778
1391,1049.03,11839.7,4007.86,16896.8,3823,7782
1392,0.791,11848,4124.6,15973.6,3825,7786
1393,0.305,0.474,4045.42,4046.41,3825,7786
1394,0.467,11674.1,4173.53,15848.3,3827,7790
1395,0.521,49486.5,3339.38,52826.7,3834,7805
1396,0.637,50973.4,3350.7,54324.9,3841,7820
1397,0.636,27780.6,3365.75,31147.2,3845,7828
1398,0.637,0.234,6641.01,6642.08,3845,7828
1399,0.861,11861.8,4167.89,16030.7,3847,7832
1400,0.576,0.173,6607.87,6608.87,3847,7832
1401,0.679,12284,4054.82,16339.7,3849,7836
1402,0.67,11766,4119.93,15886.8,3851,7840
1403,0.375,29908.2,857.303,30766.1,3855,7848
1404,0.56,56313.5,2914.97,59229.2,3863,7864
1405,1028.81,5583.47,2844.61,9457.12,3864,7867
1406,0.489,54753.8,3290.71,58045.2,3872,7883
1407,0.466,45023.2,2962.53,47986.4,3878,7895
1408,0.53,0.183,6691.19,6692.1,3878,7895
1409,855.532,12078.4,5405.07,18339.2,3880,7899
1410,0.658,48958.7,3608.85,52568.4,3886,7911
1411,0.439,42448.1,2943.11,45391.8,3892,7923
1412,0.732,0.216,3883.93,3885.09,3892,7923
1413,0.28,0.305,6287.51,6288.3,3892,7923
1414,0.66,11960.9,3931.73,15893.4,3894,7927
1415,0.507,58879.9,795.171,59675.8,3902,7943
1416,0.482,72414,3602.09,76016.7,3912,7963
1417,0.693,11948,4292.65,16241.5,3914,7967
1418,1.706,60263.3,3298.09,63563.3,3922,7985
1419,0.435,28289,3276.09,31565.6,3926,7993
1420,0.464,47169.3,3862.03,51032,3932,8005
1421,0.491,30315.5,2711.78,33028,3936,8013
1422,0.368,55779.8,3399.17,59179.6,3944,8029
1423,0.434,30238.9,1121.82,31361.4,3948,8037
1424,0.527,29102.4,2946.49,32049.6,3952,8045
1425,0.441,28355.7,843.649,29200,3956,8053
1426,0.35,12143.5,3997.32,16141.4,3958,8057
1427,0.408,0.34,6986.98,6987.96,3958,8057
1428,0.492,44920.9,827.606,45749.2,3964,8069
1429,0.465,0.34,7823.15,7824.14,3964,8069
1430,0.323,30386.4,952.046,31338.9,3968,8077
1431,0.442,14030.8,4540.24,18571.6,3970,8081
1432,0.371,82013.4,3240.07,85254,3980,8101
1433,0.491,0.146,7657.46,7658.26,3980,8101
1434,0.611,13050.1,4199.64,17250.6,3982,8105
1435,0.369,62867.2,3457.35,66325.1,3990,8121
1436,0.459,0.487,5127.96,5129.08,3990,8121
1437,0.217,0.216,6974.27,6974.86,3990,8121
1438,0.381,49527.5,3351.84,52879.9,3997,8136
1439,0.317,27315.3,3413.52,30729.3,4001,8144
1440,1041.39,27986.4,3397.6,32425.6,4005,8152
1441,0.591,0.263,6254.09,6255.17,4005,8152
1442,0.292,11556.5,4123.84,15680.8,4007,8156
1443,0.375,27043.1,2705.61,29749.3,4011,8164
1444,0.449,0.131,7390.74,7391.55,4011,8164
1445,0.248,60250,3284.25,63534.7,4019,8180
1446,0.374,65554.6,3642.96,69198.2,4028,8199
1447,1147.44,11983,4304.09,17434.7,4030,8203
1448,0.443,43534.2,889.23,44424.1,4036,8215
1449,0.44,0.135,6236.6,6237.39,4036,8215
1450,0.539,0.1,6564.37,6565.24,4036,8215
1451,0.244,0.315,7507.97,7508.75,4036,8215
1452,0.365,56962.1,3478.9,60441.5,4044,8231
1453,0.518,55151.2,2920.02,58072,4052,8247
1454,0.37,27919.5,853.424,28773.5,4056,8255
1455,0.607,45420.9,3165.37,48587.1,4062,8267
1456,0.609,0.235,7074.25,7075.3,4062,8267
1457,0.263,29001,908.338,29909.8,4066,8275
1458,0.567,12504.8,4344.07,16849.7,4068,8279
1459,0.287,59845.2,3359.36,63205.1,4076,8297
1460,0.539,56212.9,3536.19,59749.8,4084,8313
1461,0.678,73496.9,795.7,74293.5,4094,8333
1462,0.61,25407.1,885.779,26293.7,4097,8340
1463,1109.22,12841.8,4452.24,18403.5,4099,8344
1464,0.504,71558,3629.97,75188.7,4109,8364
1465,0.462,101695,3263.48,104959,4123,8392
1466,0.537,12394.4,4476.51,16871.7,4125,8396
1467,0.264,12298.4,4329.62,16628.5,4127,8400
1468,0.465,12491.9,4465.93,16958.5,4129,8404
1469,0.523,0.292,7503.51,7504.55,4129,8404
1470,1247.12,13064.1,3784.85,18096.3,4131,8408
1471,0.389,47971,3087.4,51059,4139,8424
1472,0.422,0.403,6977.25,6978.33,4139,8424
1473,0.296,10867.8,3858.88,14727.2,4141,8428
1474,0.324,10786.1,3797.56,14584.2,4143,8432
1475,0.494,26063.8,739.603,26804.1,4147,8440
1476,823.559,11149.1,3669.01,15642,4149,8444
1477,0.384,29371.9,3659.98,33032.4,4153,8452
1478,0.515,6572.27,3858.73,10431.8,4154,8455
1479,0.631,31094.1,872.5,31967.4,4158,8463
1480,0.545,11723.3,4180.38,15904.4,4160,8467
1481,0.269,26963.9,758.424,27722.8,4164,8475
1482,0.467,63102.5,3729.06,66832.2,4172,8491
1483,895.507,13210.2,4688.2,18794.2,4174,8495
1484,0.579,0.251,8493.39,8494.44,4174,8495
1485,0.521,65143.1,3650.53,68794.4,4182,8511
1486,0.527,0.147,7798.19,7799.08,4182,8511
1487,0.255,116983,4725.31,121708,4196,8539
1488,0.49,83586.4,3414.86,87002,4206,8559
1489,1281.81,12990.4,4102.86,18375.3,4208,8563
1490,0.437,75880,911.074,76791.7,4218,8583
1491,0.535,45529.7,3558.58,49089,4224,8595
1492,1.14,13350.2,4404.77,17756.4,4226,8599
1493,1109.12,11979.9,4009.28,17098.5,4228,8603
1494,0.414,39615.7,3224.89,42841.2,4234,8615
1495,0.474,11007,3878.64,14886.4,4236,8619
1496,0.207,25752.5,2638.96,28391.9,4240,8627
1497,0.248,40142.4,3100.9,43243.8,4246,8639
1498,0.312,24499.9,2955.45,27455.9,4250,8647
1499,854.696,11017.8,3921.26,15794,4252,8651
1500,0.646,50037.6,720.4,50758.8,4260,8667
1501,0.514,146085,3262.03,149347,4282,8711
1502,0.548,26042.5,900.456,26943.7,4286,8719
1503,0.522,107633,3170.62,110804,4302,8751
1504,0.643,79243.8,3332.74,82577.4,4314,8775
1505,0.442,26202.1,730.933,26933.7,4318,8783
1506,0.286,25960.4,741.935,26702.8,4322,8791
1507,0.397,26088.1,3202.18,29290.9,4326,8799
1508,0.196,0.141,7109.97,7110.49,4326,8799
1509,0.318,0.325,4774.47,4775.34,4326,8799
1510,0.396,40131.8,877.848,41010.3,4332,8811
1511,0.47,0.282,5645.48,5646.48,4332,8811
1512,0.154,0.168,7232.66,7233.22,4332,8811
1513,0.309,26052.2,3183.07,29235.8,4336,8819
1514,0.452,51981.8,873.157,52855.7,4344,8835
1515,0.652,26709.9,3139.32,29850.1,4348,8843
1516,0.399,82691.8,3228.41,85920.9,4360,8867
1517,0.333,26462.5,864.998,27328,4364,8875
1518,0.377,0.213,6426.3,6427.15,4364,8875
1519,0.457,26366.7,3162.6,29530,4368,8883
1520,0.417,11583,3805.3,15388.9,4370,8887
1521,0.41,35007.7,830.874,35839.2,4375,8898
1522,0.472,47382,3372.11,50754.8,4382,8913
1523,0.364,26746,879.952,27626.6,4386,8921
1524,0.301,56786,3262.04,60048.6,4394,8937
1525,0.392,87271.2,3495.3,90767,4406,8961
1526,929.956,11443,3807.75,16181,4408,8965
1527,0.394,69026.7,3403.67,72431,4418,8985
1528,0.491,42341.3,852.56,43194.5,4424,8997
1529,0.472,11502.2,4071.7,15574.6,4426,9001
1530,0.272,11376.1,4124.94,15501.6,4428,9005
1531,0.306,68684.9,3513.3,72198.7,4438,9025
1532,0.484,120251,3288.86,123540,4456,9061
1533,0.382,11064.9,4296.54,15362.1,4458,9065
1534,0.308,123161,4325.29,127486,4476,9101
1535,0.508,118583,3435.99,122019,4490,9129
1536,0.454,45663.7,3840.13,49504.4,4496,9141
1537,0.584,0.139,8635.77,8636.71,4496,9141
1538,0.298,47494.6,899.039,48394.1,4502,9153
1539,0.348,13395,4774.77,18170.3,4504,9157
1540,0.414,62124.3,3806.32,65931.3,4512,9173
1541,0.584,65976,3713.09,69689.8,4520,9189
1542,0.574,63361.3,3622.12,66984.2,4528,9205
1543,0.664,0.172,8849.31,8850.36,4528,9205
1544,0.309,46379.3,915.251,47295,4534,9217
1545,0.597,31319,3439.72,34759.6,4538,9225
1546,1151.02,27868.7,3404.16,32424.1,4542,9233
1547,0.309,98977.7,3558.63,102537,4556,9261
1548,0.551,55912.2,3535.51,59448.5,4564,9277
1549,0.515,27291.7,3575.32,30867.8,4568,9285
1550,0.394,27762.1,3477.2,31239.9,4572,9293
1551,0.512,0.474,7455.06,7456.27,4572,9293
1552,0.17,0.168,7374.2,7374.79,4572,9293
1553,1095.58,11931.8,3948.6,16976.3,4574,9297
1554,0.412,70751,3632.67,74384.3,4584,9317
1555,0.42,0.097,7514.82,7515.54,4584,9317
1556,0.373,12243.2,4058.67,16302.5,4586,9321
1557,0.406,44290,3455.98,47746.6,4592,9333
1558,0.695,27910,3193.68,31104.5,4596,9341
1559,0.411,59103.5,3406.29,62510.4,4604,9357
1560,0.407,6061.89,3351.39,9413.93,4605,9360
1561,0.339,41180.6,3642.08,44823.3,4611,9372
1562,0.568,113750,2830.88,116582,4627,9404
1563,0.339,29324,3685.76,33010.4,4631,9412
1564,0.48,43723.5,3624.82,47349.1,4637,9424
1565,0.576,54525.1,3373.72,57899.7,4645,9440
1566,874.443,11952.5,4141.82,16969,4647,9444
1567,0.452,12337.3,4366.57,16704.5,4649,9448
1568,0.555,11785.9,4283.22,16069.9,4651,9452
1569,0.515,12839,4183.35,17023.1,4653,9456
1570,0.488,57694.7,3622.03,61317.4,4661,9472
1571,0.312,0.182,7723.32,7724.06,4661,9472
1572,0.304,0.237,5157.85,5158.65,4661,9472
1573,0.287,83299.9,3646.03,86946.4,4673,9496
1574,0.595,74228.6,3671.13,77900.6,4683,9516
1575,0.404,0.142,7246.73,7247.53,4683,9516
1576,0.334,0.173,5810.87,5811.56,4683,9516
1577,0.222,12400,4142.07,16542.6,4685,9520
1578,0.356,43755.7,957.897,44714.2,4691,9532
1579,0.721,12123.2,4195.44,16319.5,4693,9536
1580,0.402,0.157,5040.56,5041.36,4693,9536
1581,0.263,44283.2,3275.97,47559.7,4699,9548
1582,0.566,0.085,5073.72,5074.62,4699,9548
1583,0.313,0.195,6643.13,6643.88,4699,9548
1584,0.26,0.17,7911.19,7911.83,4699,9548
1585,0.461,29472.8,979.456,30452.9,4703,9556
1586,0.431,101631,3581.39,105213,4717,9584
1587,0.427,60332.4,3470.38,63803.4,4725,9600
1588,0.508,28639,3428.73,32068.5,4729,9608
1589,0.412,29108.5,3676.33,32785.4,4733,9616
1590,0.413,44449.1,904.592,45354.3,4739,9628
1591,0.374,41357.1,835.088,42192.8,4745,9640
1592,0.56,0.154,7376.78,7377.75,4745,9640
1593,0.403,0.18,7606.14,7606.98,4745,9640
1594,0.274,12278.7,4415.66,16694.9,4747,9644
1595,0.286,28550.1,988.108,29538.7,4751,9652
1596,0.583,12342.6,4163.51,16507,4753,9656
1597,0.342,73547.4,3920.41,77468.4,4763,9676
1598,0.348,0.254,8154.63,8155.46,4763,9676
1599,0.252,0.193,5372.22,5372.85,4763,9676
1600,1135.48,14072.7,4396.31,19604.8,4765,9680
1601,0.436,63905.2,4028.83,67934.7,4773,9696
1602,0.523,32260.3,4047.24,36308.3,4777,9704
1603,0.386,84559.3,3959.39,88519.3,4787,9724
1604,0.48,85240.9,4262.12,89503.7,4797,9744
1605,0.523,33671.9,4003.82,37676.5,4801,9752
1606,0.545,51882.6,4059.72,55943.1,4807,9764
1607,0.457,14141.4,5102.9,19245,4809,9768
1608,0.55,71509.2,4206.39,75716.4,4817,9784
1609,0.498,15616.6,5069.23,20686.6,4819,9788
1610,0.371,136536,4082.57,140619,4835,9820
1611,0.574,34742.1,4082.97,38825.9,4839,9828
1612,0.442,127980,4542.39,132523,4853,9856
1613,0.691,16151.9,5360.83,21513.6,4855,9860
1614,0.619,0.164,8503.19,8504.16,4855,9860
1615,0.464,31248.7,1062.1,32311.4,4858,9867
1616,0.578,0.119,8575.33,8576.23,4858,9867
1617,0.345,110652,4429.2,115082,4870,9891
1618,0.476,0.306,7610.98,7611.96,4870,9891
1619,0.425,0.272,7466.22,7467.15,4870,9891
1620,0.374,54087.1,4279.52,58367.2,4876,9903
1621,1202.74,14387.1,5337.4,20927.4,4878,9907
1622,0.431,33775,4404.41,38180.1,4882,9915
1623,0.517,53308.8,4223.23,57532.8,4888,9927
1624,0.579,33479.2,3861.19,37341.2,4892,9935
1625,0.476,136902,4095.35,140998,4908,9967
1626,0.528,0.202,8234.16,8235.06,4908,9967
1627,0.26,0.207,9672.95,9673.62,4908,9967
1628,0.456,34018.9,4218.14,38237.7,4912,9975
1629,0.576,120706,4209.26,124916,4926,10003
1630,0.456,14053,5255.65,19309.3,4928,10007
1631,0.248,52788.7,4196.28,56985.4,4934,10019
1632,0.438,33427.5,1086.84,34515,4938,10027
1633,0.309,14230.5,5621.75,19852.8,4940,10031
1634,0.56,0.269,6716.95,6717.95,4940,10031
1635,0.236,74560.6,4455.39,79016.4,4948,10047
1636,1410.67,14520.8,5464.83,21396.5,4950,10051
1637,0.585,34003.7,1040.21,35044.6,4954,10059
1638,0.506,0.163,9171.22,9172.12,4954,10059
1639,0.3,14628.5,5370.38,19999.4,4956,10063
1640,0.381,37192.2,4227.13,41419.9,4960,10071
1641,1008.62,14006.5,5260.55,20275.9,4962,10075
1642,0.491,53017.3,4209.25,57227.2,4968,10087
1643,0.592,14387.9,5329.35,19718,4970,10091
1644,0.427,33947.8,4207.54,38155.9,4974,10099
1645,0.675,14263.5,5133.56,19397.9,4976,10103
1646,0.431,49386.3,1006.7,50393.6,4982,10115
1647,0.447,120526,4864.22,125390,4996,10143
1648,0.51,69673.6,4297.83,73972.1,5004,10159
1649,0.483,72322.7,4314.84,76638.3,5012,10175
1650,0.532,87268.7,4282.87,91552.4,5022,10195
1651,0.516,14821.5,5334.87,20157,5024,10199
1652,1443.42,14515.4,5378.41,21337.5,5026,10203
1653,1357.82,15473.8,5269.49,22101.3,5028,10207
1654,0.4,75432.2,4387.89,79820.7,5036,10223
1655,0.592,15277,5287.98,20565.8,5038,10227
1656,0.386,37098,1112.4,38211,5042,10235
1657,0.51,78986.4,4388.39,83375.5,5050,10251
1658,0.757,16962.5,5669.05,22632.6,5052,10255
1659,1100.7,19635.8,6040.81,26777.6,5054,10259
1660,0.8,0.218,7381.33,7382.59,5054,10259
1661,1828.56,17708.2,4815.5,24352.5,5056,10263
1662,0.477,14584.4,4636.99,19222.1,5058,10267
1663,0.42,0.128,8453.5,8454.3,5058,10267
1664,0.312,0.257,5679.92,5680.74,5058,10267
1665,0.42,0.247,8323.55,8324.47,5058,10267
1666,0.255,0.204,7142.24,7142.95,5058,10267
1667,0.249,0.224,8692.37,8693.03,5058,10267
1668,0.461,0.218,6840.65,6841.54,5058,10267
1669,0.495,34978.9,4073.8,39053.4,5062,10275
1670,0.37,90453.5,3988.91,94443.1,5072,10295
1671,0.423,0.158,7914.59,7915.37,5072,10295
1672,0.486,50968.8,3992.63,54962.2,5078,10307
1673,1030.15,14688,4589.76,20308.1,5080,10311
1674,0.429,15393.3,5113.47,20507.4,5082,10315
1675,1378.1,14799.5,4895.3,21073.1,5084,10319
1676,0.357,52447.2,3913.41,56361.2,5090,10331
1677,0.516,48084.9,893.036,48978.7,5096,10343
1678,0.356,94295.5,3879.14,98175.3,5108,10367
1679,0.618,110769,3831.9,114602,5122,10395
1680,0.379,12898.8,4993.33,17892.7,5124,10399
1681,0.645,142600,3912.71,146513,5142,10435
1682,0.269,195470,3768.57,199239,5166,10483
1683,1195.51,46096.2,4077.19,51369.2,5172,10495
1684,0.445,99288.3,3993.19,103282,5184,10519
1685,0.376,48682.1,959.483,49642.2,5190,10531
1686,0.372,13821.6,4988.97,18811.2,5192,10535
1687,0.388,65734.6,3719.52,69454.7,5200,10551
1688,0.512,33714.5,1002.82,34718.1,5204,10559
1689,0.446,32179.3,995.341,33175.3,5208,10567
1690,0.355,68087.1,3847.64,71935.3,5216,10583
1691,0.395,161616,4123.08,165740,5234,10619
1692,0.508,123495,5174.47,128670,5248,10647
1693,0.556,112383,4741.01,117125,5258,10667
1694,0.497,82958.5,4830.26,87789.5,5266,10683
1695,1855.1,16582.1,5900.31,24337.7,5268,10687
1696,0.615,0.195,10758.8,10759.8,5268,10687
1697,0.516,134824,4904.22,139729,5282,10715
1698,0.497,30117.9,1222.15,31340.8,5285,10722
1699,0.345,16174.7,6021.37,22196.6,5287,10726
1700,0.456,56188.6,4871.15,61060.5,5293,10738
1701,0.497,112676,4961.36,117638,5304,10761
1702,1226.08,16365,6269.76,23861.1,5306,10765
1703,0.436,100779,4967.85,105748,5316,10785
1704,1.528,57748.1,5137.87,62887.7,5322,10797
1705,0.612,80868.2,5093.78,85962.8,5330,10813
1706,0.562,177787,4675.39,182463,5348,10849
1707,0.502,0.087,8335.2,8336.06,5348,10849
1708,0.468,0.42,10664.3,10665.5,5348,10849
1709,0.366,40817.7,1236.38,42054.7,5352,10857
1710,0.588,0.255,4786.05,4787.12,5352,10857
1711,0.576,39005.1,1177.33,40183.2,5356,10865
1712,1281.38,38313.1,5231.63,44826.3,5360,10873
1713,0.691,61555.4,4992.53,66548.9,5366,10885
1714,0.502,61972.9,5770.61,67744.3,5372,10897
1715,0.635,18558.6,6370.82,24930.3,5374,10901
1716,0.494,16838,6260.84,23099.5,5376,10905
1717,0.642,16616.1,6084.82,22701.7,5378,10909
1718,0.382,39512.4,5020.39,44533.4,5382,10917
1719,0.491,104486,5006.34,109493,5392,10937
1720,0.556,0.151,11300.9,11301.8,5392,10937
1721,0.564,16586.6,6489.19,23076.6,5394,10941
1722,0.569,62202.3,5121.06,67324.1,5400,10953
1723,0.426,40558.9,5097.18,45656.7,5404,10961
1724,0.551,80467.1,5279.17,85747.1,5412,10977
1725,0.587,163437,4935.26,168373,5427,11008
1726,0.736,62898.1,1171.93,64071,5433,11020
1727,0.462,50000.9,1037.25,51038.8,5438,11031
1728,0.459,0.222,9324.8,9325.72,5438,11031
1729,0.491,56270.9,4912.16,61183.8,5444,11043
1730,0.64,40419.2,1226.93,41647,5448,11051
1731,0.442,0.296,10053.5,10054.4,5448,11051
1732,0.44,140487,4884.23,145372,5462,11079
1733,0.686,197347,4835.01,202183,5482,11119
1734,0.715,15996.9,5988.77,21986.6,5484,11123
1735,1723.9,15905.8,5615.19,23245.2,5486,11127
1736,0.529,40819.9,1236.91,42057.5,5490,11135
1737,0.686,160579,5069.58,165650,5506,11167
1738,0.501,61330.2,1250.71,62581.6,5512,11179
1739,0.622,60513.5,5168.47,65682.8,5518,11191
1740,0.53,59467.6,4901.03,64369.4,5524,11203
1741,0.575,38195.4,4842.82,43039,5528,11211
1742,0.609,58583.4,1256.98,59841.2,5534,11223
1743,0.47,37182,1162.72,38345.4,5538,11231
1744,0.406,57897.5,4746.76,62644.9,5544,11243
1745,0.54,57184.3,1181.91,58366.9,5550,11255
1746,0.547,142384,4467.72,146853,5564,11283
1747,0.508,90511.7,1084.84,91597.3,5574,11303
1748,0.435,0.18,10080.8,10081.6,5574,11303
1749,1567.7,14568.8,5539.11,21675.9,5576,11307
1750,1507.47,14377,5392.34,21277.1,5578,11311
1751,0.47,14715.3,5622.76,20338.7,5580,11315
1752,0.266,139980,4458.51,144439,5596,11347
1753,0.508,80700.1,4452.38,85153.2,5606,11367
1754,0.392,14889.3,5606.41,20496.3,5608,11371
1755,0.526,34501.6,1099.3,35601.6,5612,11379
1756,0.442,118218,4338.11,122557,5626,11407
1757,0.334,14224.7,5561.97,19787.2,5628,11411
1758,0.366,74355.7,4553.3,78909.6,5636,11427
1759,0.437,0.272,9935.92,9936.88,5636,11427
1760,1196.22,14792.8,5560.74,21550.1,5638,11431
1761,0.333,51166.1,4459.59,55626.3,5644,11443
1762,0.506,75175.5,4522.74,79699,5652,11459
1763,1222.11,14703.7,5632.4,21558.4,5654,11463
1764,0.438,74940.8,4673.71,79615.2,5662,11481
1765,0.552,34989.8,1026.88,36017.5,5666,11489
1766,0.413,52707.1,4627.11,57334.8,5672,11501
1767,0.375,79263.8,4298.84,83563.2,5680,11517
1768,0.479,97211.6,4244.15,101456,5690,11537
1769,0.524,99363.7,4594.14,103959,5700,11557
1770,0.558,15348.6,5643.01,20992.5,5702,11561
1771,0.217,81114.4,4633.42,85748.2,5710,11577
1772,0.554,157214,4547.02,161761,5726,11609
1773,0.537,78701.4,4767.4,83469.6,5734,11625
1774,0.459,55736.3,1195.21,56932.2,5740,11637
1775,0.634,38682.2,1193.1,39876.1,5744,11645
1776,0.363,133456,4616.59,138073,5758,11673
1777,1273.77,15109.3,5816.65,22200,5760,11677
1778,0.435,36080.2,1105.43,37186.3,5764,11685
1779,0.529,35435.7,1151.19,36587.7,5768,11693
1780,0.302,75365.7,4586.02,79952.2,5776,11709
1781,0.366,36028.9,1160.93,37190.4,5780,11717
1782,0.38,51584.7,4662.73,56248,5786,11729
1783,0.484,14831.7,5788.84,20621.3,5788,11733
1784,0.306,73046.2,1098.63,74145.4,5796,11749
1785,0.581,36068.6,4550.91,40620.4,5800,11757
1786,0.399,71896.1,1149.97,73046.6,5808,11773
1787,0.55,0.294,10901.5,10902.6,5808,11773
1788,0.518,36879.5,4789.06,41669.3,5812,11781
1789,0.406,55685.7,4747.49,60433.8,5818,11793
1790,0.436,36409.2,1227.33,37637.2,5822,11801
1791,0.409,15427.2,5737.34,21165.1,5824,11805
1792,0.466,68168.2,4699.94,72868.9,5832,11821
1793,0.353,36134.1,4713.96,40848.7,5836,11829
1794,0.233,27058.6,1179.72,28238.8,5839,11836
1795,0.288,7399.37,4633.3,12033.1,5840,11839
1796,0.362,77484,4823.42,82308.2,5848,11855
1797,0.434,98111.6,4837,102949,5858,11875
1798,0.499,94444.1,4882.35,99327.2,5868,11895
1799,0.506,114814,4741.98,119556,5880,11919
1800,1503.76,7501.16,4494.12,13499.2,5881,11922
1801,0.602,0.166,6660.47,6661.47,5881,11922
1802,0.469,76704.6,4786.51,81491.7,5889,11940
1803,0.461,36770.9,1129.07,37900.7,5893,11948
1804,0.396,96739.4,4704.17,101444,5903,11968
1805,0.598,37815.6,4705.52,42522,5907,11976
1806,0.406,153631,4539.18,158171,5923,12008
1807,0.388,37177.8,4686.03,41864.4,5927,12016
1808,0.384,71108.7,4657.36,75766.6,5934,12031
1809,1578.51,15391.9,5917.1,22887.8,5936,12035
1810,0.433,28674.1,1257.56,29932.3,5939,12042
1811,0.536,0.164,7298.57,7299.51,5939,12042
1812,1294.47,15650.9,5310.24,22255.9,5941,12046
1813,0.434,59974.3,4651.28,64626.2,5947,12058
1814,0.581,70148.8,5313.68,75463.2,5954,12073
1815,0.493,106018,1327.42,107347,5964,12093
1816,0.644,170642,5380.43,176023,5980,12125
1817,0.561,165753,5257.89,171012,5996,12157
1818,1551.73,18168,6545.2,26265.1,5998,12161
1819,1744.3,17798.4,7091.39,26634.3,6000,12165
1820,0.593,0.18,8442.42,8443.4,6000,12165
1821,0.62,0.238,8181.71,8182.79,6000,12165
1822,0.823,0.244,11745.9,11747.2,6000,12165
1823,0.526,112560,5362.23,117923,6010,12185
1824,0.446,167550,5340.2,172891,6026,12217
1825,0.542,0.161,12444.3,12445.2,6026,12217
1826,0.565,131806,5455.6,137262,6038,12241
1827,0.507,80231.9,4928.09,85160.7,6046,12257
1828,0.488,181728,5436.64,187165,6062,12289
1829,0.514,183507,5502.7,189011,6078,12321
1830,1948.42,22258.8,6936.1,31143.5,6080,12325
1831,0.849,209572,5639.81,215213,6098,12361
1832,0.677,19245.2,7309.58,26555.7,6100,12365
1833,0.731,18940,7090.87,26031.8,6102,12369
1834,0.725,44993.2,5650.46,50644.6,6106,12377
1835,2022.8,9284.66,5744.43,17052.1,6107,12380
1836,0.593,19193.1,7076.73,26270.6,6109,12384
1837,0.708,95397.4,5784.1,101182,6117,12400
1838,0.549,89666.5,1339.53,91006.8,6125,12416
1839,0.646,65489.4,1430.15,66920.3,6131,12428
1840,0.588,108729,5494.43,114224,6141,12448
1841,0.589,0.269,8496.29,8497.35,6141,12448
1842,0.577,92767.4,5811.45,98579.6,6149,12464
1843,0.636,101563,6029.39,107593,6157,12480
1844,0.62,73894.3,4768.12,78663.2,6163,12492
1845,0.486,61706.7,1356.96,63064.3,6169,12504
1846,0.648,42424.4,5347.13,47772.4,6173,12512
1847,0.429,109058,1295.74,110354,6183,12532
1848,0.677,87525.4,5614.12,93140.3,6191,12548
1849,0.699,89929.3,1395.11,91325.3,6199,12564
1850,0.825,70903.9,5485.18,76390.1,6205,12576
1851,0.608,190687,5687.73,196376,6221,12608
1852,0.694,45247.7,5468.92,50717.6,6225,12616
1853,0.747,23482.4,7110.6,30594,6227,12620
1854,2524.43,19567.5,6744.77,28836.9,6229,12624
1855,0.707,146458,5714.2,152173,6241,12648
1856,2056.2,48285.4,1394.74,51736.5,6245,12656
1857,0.773,87891.2,5844.25,93736.4,6252,12671
1858,0.651,142244,5863.07,148108,6264,12695
1859,0.491,82458.4,5813.49,88272.6,6271,12710
1860,0.65,45312.4,5675.87,50989.2,6275,12718
1861,0.544,88783.5,5148.62,93932.9,6283,12734
1862,0.888,39781.9,5080.13,44863.1,6287,12742
1863,0.417,84772.3,4995.23,89768.2,6295,12758
1864,0.403,140738,5109.74,145848,6309,12786
1865,0.511,117781,5131.76,122913,6321,12810
1866,0.523,136800,1242.79,138043,6335,12838
1867,0.649,79548.8,1227.16,80776.8,6343,12854
1868,0.458,105176,5065.86,110243,6353,12874
1869,0.402,173887,6185.61,180074,6369,12906
1870,0.822,95596.9,1563.38,97161.3,6377,12922
1871,2498.6,50497.6,6328.05,59324.5,6381,12930
1872,0.572,249997,6124,256121,6401,12970
1873,0.618,124277,6266.28,130544,6411,12990
1874,0.692,0.055,9231.73,9232.69,6411,12990
1875,0.607,197577,6229.24,203807,6427,13022
1876,0.763,0.139,14322.4,14323.5,6427,13022
1877,0.67,174381,5921.58,180303,6441,13050
1878,0.579,45656.1,1469.32,47126.3,6445,13058
1879,0.639,92092.5,5876.54,97969.9,6453,13074
1880,0.697,0.172,13368.4,13369.5,6453,13074
1881,0.457,75792.8,5801.08,81594.5,6459,13086
1882,0.742,47873.8,1472.88,49347.6,6463,13094
1883,0.61,99446.4,6208.59,105656,6471,13110
1884,0.633,73854.5,5799.44,79654.8,6477,13122
1885,0.461,98667.5,6340.02,105008,6485,13138
1886,2247.04,19790.5,7661.63,29699.4,6487,13142
1887,0.619,49336.8,1581.07,50918.7,6491,13150
1888,0.689,21862.5,7950.41,29813.9,6493,13154
1889,0.421,0.213,9105.07,9105.89,6493,13154
1890,0.529,0.155,11690.3,11691.2,6493,13154
1891,0.421,145873,5577.17,151451,6507,13182
1892,0.6,0.258,11538.1,11539.3,6507,13182
1893,0.474,72713.6,6323.58,79037.8,6513,13194
1894,0.609,20893.6,7929.54,28823.9,6515,13198
1895,2509.05,22609.8,8068.58,33187.7,6517,13202
1896,0.681,127189,5962.8,133153,6527,13222
1897,0.549,89323.7,6187.39,95511.8,6535,13238
1898,0.69,98278.4,6310.5,104590,6543,13254
1899,0.658,49648.5,1507.23,51156.6,6547,13262
1900,0.315,116400,5957.06,122358,6556,13281
1901,0.485,10589.9,6046.69,16637.2,6557,13284
1902,2586.26,19756.5,7108.18,29451.2,6559,13288
1903,0.632,62054.9,5339.4,67395.1,6564,13299
1904,0.488,46773.5,6323.83,53098.1,6568,13307
1905,2145.57,20968.3,8185.29,31299.4,6570,13311
1906,0.583,75649,1464.99,77114.8,6576,13323
1907,0.582,74581.1,1430.6,76012.5,6582,13335
1908,0.42,195101,6516.05,201618,6598,13367
1909,0.707,20858.3,8243.72,29102.9,6600,13371
1910,0.554,129110,6427.37,135538,6610,13391
1911,7.309,196224,6052.56,202284,6626,13423
1912,0.642,247723,5394.49,253119,6648,13467
1913,0.672,86479,5484.98,91964.9,6656,13483
1914,0.741,183956,5641.64,189598,6672,13515
1915,0.587,180344,1549.53,181895,6688,13547
1916,0.679,43332.4,1345.59,44678.9,6692,13555
1917,0.667,110308,1256.23,111565,6702,13575
1918,0.664,0.089,11570.3,11571.2,6702,13575
1919,0.601,108127,5381.34,113510,6712,13595
1920,0.554,90070.2,5116.11,95187.1,6720,13611
1921,0.549,45841.7,1301.66,47144.1,6724,13619
1922,2054.16,18420.5,6755.33,27230.2,6726,13623
1923,0.275,19156.4,6753.07,25909.9,6728,13627
1924,0.28,92832.6,7315.47,100149,6735,13642
1925,0.471,78882.8,1523.74,80407.2,6741,13654
1926,0.588,100140,5506.74,105648,6749,13670
1927,0.353,147463,5426.94,152890,6761,13694
1928,0.387,144794,5627.29,150422,6773,13718
1929,0.46,112970,5367.68,118339,6783,13738
1930,0.466,17837.1,6794.31,24632.1,6785,13742
1931,0.256,79441.7,5443.03,84885.2,6792,13757
1932,0.41,139703,6316.19,146020,6804,13781
1933,0.976,21569.4,8345.46,29916.1,6806,13785
1934,0.827,127283,6759.36,134043,6816,13805
1935,0.673,153553,6688.51,160243,6828,13829
1936,0.882,230283,6139.54,236424,6846,13865
1937,0.702,77476.9,6226.72,83704.5,6852,13877
1938,0.445,72307.5,1358.37,73666.5,6858,13889
1939,0.536,68137.9,5492.89,73631.5,6864,13901
1940,0.309,183181,6930.99,190112,6878,13929
1941,0.92,84675.8,6401.58,91078.5,6884,13941
1942,2584.09,23206.6,8219.4,34010.3,6886,13945
1943,0.642,99660,1347.93,101009,6894,13961
1944,0.575,68787.2,1379.62,70167.6,6900,13973
1945,0.555,92947.8,5718.45,98667,6908,13989
1946,0.625,45791.4,1413.81,47206.1,6912,13997
1947,0.432,98672.3,5707.46,104380,6920,14013
1948,0.417,141831,5614.28,147446,6932,14037
1949,0.563,20075.2,6973.48,27049.5,6934,14041
1950,0.493,45363.4,5640.89,51005,6938,14049
1951,0.619,19757.3,6668.2,26426.3,6940,14053
1952,0.573,68860,5557.49,74418.3,6946,14065
1953,0.501,67957.8,5569.55,73528.1,6952,14077
1954,0.515,89982.8,5975.95,95959.5,6960,14093
1955,0.599,115860,6355.47,122217,6970,14113
1956,0.63,76430.5,1546.95,77978.3,6976,14125
1957,0.583,0.115,14300.3,14301.2,6976,14125
1958,0.465,178003,6099.25,184102,6990,14153
1959,0.654,78322.4,6369.23,84692.5,6996,14165
1960,0.579,48979.2,1588.12,50568.2,7000,14173
1961,0.636,20769,8048.42,28818.2,7002,14177
1962,2118.83,20773.3,8021.69,30914.1,7004,14181
1963,0.764,102763,6495,109259,7012,14197
1964,0.527,71878.9,1507.87,73387.5,7018,14209
1965,0.641,101398,6377.47,107777,7026,14225
1966,0.585,123133,1548.94,124682,7036,14245
1967,0.686,189887,6497.12,196385,7050,14273
1968,0.524,52987.6,6582.72,59571,7054,14281
1969,0.614,21325.3,7737.29,29063.4,7056,14285
1970,0.737,201765,6685.79,208452,7070,14313
1971,0.742,95975,5690.45,101666,7078,14329
1972,0.562,48312.2,6003.27,54316.3,7082,14337
1973,0.442,102338,5763.26,108102,7090,14353
1974,2258.1,19830.7,7497.62,29586.7,7092,14357
1975,0.401,70230.3,6614.94,76845.9,7098,14369
1976,0.445,139970,6072.04,146043,7110,14393
1977,3351.52,20893,7262.88,31507.6,7112,14397
1978,0.469,0.306,8697.79,8698.84,7112,14397
1979,0.451,251316,6813.63,258130,7132,14437
1980,0.706,21911.3,8207.99,30120.2,7134,14441
1981,1916.11,22670.2,9074.38,33661,7136,14445
1982,0.628,21539.9,7178.79,28719.5,7138,14449
1983,0.501,0.037,12925.4,12926.1,7138,14449
1984,0.255,168791,1451.64,170243,7152,14477
1985,0.364,19172.6,7537.61,26710.8,7154,14481
1986,1770.95,19196.5,7421.67,28389.3,7156,14485
1987,0.515,20005.7,7530.39,27536.8,7158,14489
1988,1.675,119101,6089.75,125192,7168,14509
1989,0.577,187991,5736.84,193729,7184,14541
1990,0.352,180690,5904.2,186595,7200,14573
1991,0.472,71197.1,1440.27,72638.1,7206,14585
1992,1827.7,70715.7,5720.68,78264.3,7212,14597
1993,0.431,18947.3,6934.33,25882.3,7214,14601
1994,0.496,46817,5705.14,52522.9,7218,14609
1995,2029.05,46231.7,5825.34,54086.3,7222,14617
1996,0.501,45944.7,5851.95,51797.4,7226,14625
1997,0.387,0.162,13059.6,13060.3,7226,14625
1998,0.428,48311,1436.38,49747.9,7230,14633
1999,0.456,120222,6018.62,126242,7240,14653
2000,0.461,48054,6038.1,54092.8,7244,14661
2001,0.435,71127.9,6052.48,77181,7250,14673
2002,8.55,47923,1573.29,49505,7254,14681
2003,0.43,0.158,13596,13596.8,7254,14681
2004,1942.85,19890.9,7475.95,29310,7256,14685
2005,1909.57,72251.2,1589,75750,7262,14697
2006,0.56,158212,6692.39,164905,7274,14721
2007,0.645,253964,6759.42,260724,7294,14761
2008,0.544,298474,5895.15,304370,7318,14809
2009,0.435,143209,5796.27,149006,7330,14833
2010,0.467,93944.7,6010.28,99955.6,7338,14849
2011,0.475,93208,1467.82,94676.5,7346,14865
2012,0.336,46251.8,5937.38,52189.7,7350,14873
2013,0.497,46298.9,1462.72,47762.3,7354,14881
2014,0.577,46704.2,5874.75,52579.7,7358,14889
2015,0.64,0.224,10149.1,10150.2,7358,14889
2016,0.333,73943.6,6053.06,79997.1,7364,14901
2017,0.44,73404.2,5953.09,79357.9,7370,14913
2018,0.35,70382.5,5999.85,76382.9,7376,14925
2019,0.529,87842.7,1872.07,89715.6,7382,14937
2020,0.773,207413,5988.11,213402,7396,14965
2021,2915.2,19812.8,7314.59,30042.9,7398,14969
2022,2278.19,20536.9,7520.83,30336.2,7400,14973
2023,0.485,48184.1,6095.96,54280.8,7404,14981
2024,0.455,20096.9,7527.82,27625.4,7406,14985
2025,1802.16,20374.7,7272.01,29449.2,7408,14989
2026,0.348,0.184,13356.9,13357.7,7408,14989
2027,0.362,98339.4,6037.06,104377,7416,15005
2028,1935.65,47878.2,5939.22,55753.3,7420,15013
2029,0.393,101743,6811.81,108556,7428,15029
2030,0.938,81799.3,7803.74,89604.1,7434,15041
2031,0.647,239608,6082,245691,7452,15077
2032,0.533,96473.2,1562.76,98036.7,7460,15093
2033,0.538,125626,6403.82,132030,7470,15113
2034,0.575,53270.4,1649.73,54921,7474,15121
2035,0.547,48987.5,1415.19,50403.4,7478,15129
2036,0.655,47532.6,1418.1,48951.6,7482,15137
2037,0.524,167452,5974.21,173427,7496,15165
2038,0.558,195190,6053.24,201244,7512,15197
2039,0.45,168093,6113.69,174208,7524,15221
2040,0.361,226532,5990.31,232523,7542,15257
2041,0.416,77673.6,6011.81,83686,7548,15269
2042,0.525,71721.2,1485.57,73207.5,7554,15281
2043,0.482,126643,6204.66,132848,7564,15301
2044,0.464,309218,7181,316400,7584,15341
2045,0.749,258674,6179.52,264855,7602,15377
2046,0.735,0.546,13435.4,13437,7602,15377
2047,2684.49,20370.3,7457.83,30512.8,7604,15381
2048,2187.1,19541.4,7726.21,29455,7606,15385
2049,1699.89,20435.3,7547.68,29683.1,7608,15389
2050,2147.89,21290.5,7901.45,31340.1,7610,15393
2051,0.795,77367.9,6214.55,83583.4,7616,15405
2052,0.787,150304,6589.38,156895,7626,15425
2053,0.815,101714,6411.32,108126,7634,15441
2054,0.591,72317.8,6428.2,78746.8,7640,15453
2055,0.367,72229.4,6510.77,78740.8,7646,15465
2056,0.479,213191,7469.73,220661,7660,15493
2057,0.519,141896,1762.74,143659,7670,15513
2058,0.635,0.148,15667.4,15668.4,7670,15513
2059,0.302,130980,1589.6,132570,7680,15533
2060,0.688,111639,1939.02,113579,7688,15549
2061,0.685,240706,6640.09,247347,7704,15581
2062,0.478,197292,6388.33,203681,7719,15612
2063,0.45,238249,7244.68,245494,7737,15648
2064,0.644,81171.4,7081.43,88253.6,7743,15660
2065,0.504,23181.4,9055.18,32237.3,7745,15664
2066,0.504,81910.8,7356.89,89268.4,7751,15676
2067,0.684,154486,7473.91,161961,7761,15696
2068,0.718,116219,7027.32,123248,7769,15712
2069,0.662,81555.8,7159.5,88716.1,7775,15724
2070,0.593,132339,6224.85,138565,7785,15744
2071,0.422,90561.1,1524.79,92086.5,7793,15760
2072,2110.65,48225.2,6207.4,56543.5,7797,15768
2073,0.791,19996.7,7889.13,27886.9,7799,15772
2074,0.292,70639.1,6342.39,76982,7805,15784
2075,0.411,48273.5,1505.56,49779.7,7809,15792
2076,0.421,118531,6248.46,124780,7819,15812
2077,0.515,121697,1542.99,123240,7829,15832
2078,0.466,123633,1553.54,125187,7839,15852
2079,0.474,192547,7038.2,199586,7853,15880
2080,0.491,0.143,15706.7,15707.6,7853,15880
2081,0.545,123002,7624.89,130628,7861,15896
2082,0.64,25229.8,9769.95,35000.7,7863,15900
2083,0.455,0.367,17169.6,17170.6,7863,15900
2084,0.345,121517,7621.02,129139,7871,15916
2085,0.84,25624.5,9876.37,35501.9,7873,15920
2086,2894.4,25321.4,9794.55,38010.6,7875,15924
2087,0.727,179854,7645.45,187501,7887,15948
2088,0.685,25644.7,9776.71,35422.3,7889,15952
2089,0.524,59471.2,7792.08,67264.1,7893,15960
2090,0.662,60618.5,7795.81,68415.2,7897,15968
2091,0.729,26689.7,9234.96,35925.6,7899,15972
2092,0.656,24564.1,9172.2,33737.2,7901,15976
2093,2632.83,23883.2,9243.9,35760.2,7903,15980
2094,0.634,23998.3,9201.22,33200.3,7905,15984
2095,0.509,194470,7781.84,202253,7919,16012
2096,0.624,120788,7883.33,128673,7927,16028
2097,0.575,59298.9,7843.34,67143.1,7931,16036
2098,0.575,78555.5,6895.84,85452.1,7937,16048
2099,0.789,53902,6596.02,60499,7941,16056
2100,2451.89,51725.7,6550.68,60728.6,7945,16064
2101,2150.02,51745.2,6691.35,60586.9,7949,16072
2102,0.499,101706,6666.28,108373,7957,16088
2103,0.575,0.25,10292.3,10293.3,7957,16088
2104,0.38,87320,7350.76,94671.3,7963,16100
2105,0.745,55468.3,1853.63,57322.9,7967,16108
2106,0.57,89030.6,7388.46,96419.8,7973,16120
2107,0.643,220157,7190.65,227348,7989,16152
2108,0.427,280666,7214.48,287881,8009,16192
2109,0.597,111755,7215.77,118972,8017,16208
2110,0.633,23448.3,9033.24,32482.4,8019,16212
2111,0.567,113371,1806.46,115178,8027,16228
2112,0.469,331527,6714.76,338243,8051,16276
2113,0.627,52270.8,1674.06,53945.8,8055,16284
2114,0.687,52934,6698.04,59632.9,8059,16292
2115,2617.87,22796.6,8476.59,33891.4,8061,16296
2116,0.602,23140.1,8076.13,31217.1,8063,16300
2117,2152.7,54503.6,6636.57,63293.1,8067,16308
2118,0.423,0.153,14821.9,14822.7,8067,16308
2119,0.285,54364.6,6645.9,61011.1,8071,16316
2120,0.446,143067,6641.35,149710,8081,16336
2121,0.449,0.175,15543.5,15544.4,8081,16336
2122,2685.85,23145.6,8576.98,34408.8,8083,16340
2123,0.509,333335,6735.55,340071,8107,16388
2124,0.842,113004,1716.11,114721,8115,16404
2125,0.388,372773,7679.87,380454,8139,16452
2126,0.693,0.261,17312.3,17313.5,8139,16452
2127,0.634,180421,7573.34,187995,8151,16476
2128,0.632,23945.8,9544.01,33490.7,8153,16480
2129,0.693,118865,7608.32,126474,8161,16496
2130,0.6,118040,7446.65,125487,8169,16512
2131,0.668,125308,7537.09,132846,8177,16528
2132,0.521,92402.7,7519.8,99923.2,8183,16540
2133,0.439,124099,7980.06,132080,8191,16556
2134,0.747,114822,7000.86,121823,8199,16572
2135,0.476,170947,7219.41,178168,8211,16596
2136,0.496,64419.9,9297.84,73718.5,8215,16604
2137,0.631,60076.4,7278.05,67355.3,8219,16612
2138,0.619,121450,7664.12,129115,8227,16628
2139,0.752,26454.7,9583.58,36039.3,8229,16632
2140,0.576,122998,7803.57,130803,8237,16648
2141,0.652,60538,7725.07,68264,8241,16656
2142,0.544,89921.5,7741.34,97663.6,8247,16668
2143,0.747,89711.8,2127.82,91840.5,8253,16680
2144,0.555,280158,8167.54,288327,8271,16716
2145,0.732,96050.3,2035.71,98086.9,8277,16728
2146,0.807,243569,7543.07,251113,8293,16760
2147,2794.66,24017,9557.17,36369.1,8295,16764
2148,0.548,61236.1,1898.97,63135.9,8299,16772
2149,0.702,62660.1,8108.65,70769.7,8303,16780
2150,0.845,96476.1,2113.31,98590.4,8309,16792
2151,0.6,161472,7844.47,169318,8319,16812
2152,0.538,322108,7860.65,329970,8339,16852
2153,2955.1,25884.7,10105.2,38945.2,8341,16856
2154,0.682,121203,8262.91,129467,8349,16872
2155,0.756,0.262,19761,19762.2,8349,16872
2156,3061.32,26729.9,10185.6,39977.1,8351,16876
2157,0.504,0.193,18405.9,18406.8,8351,16876
2158,0.756,0.279,16480.9,16482.2,8351,16876
2159,0.571,26670.4,10929.6,37600.8,8353,16880
2160,0.617,54214.1,1637.98,55853,8357,16888
2161,0.441,55213.1,6757.64,61971.5,8361,16896
2162,0.392,78969.2,1671.26,80641.1,8367,16908
2163,0.336,87220.6,1712.45,88933.7,8373,16920
2164,2825.02,56556.1,7139.68,66521.1,8377,16928
2165,2250.93,23663.3,8835.44,34750,8379,16932
2166,2239.34,23108.4,8878.78,34226.9,8381,16936
2167,0.46,174795,7152.82,181948,8393,16960
2168,0.653,56588.4,1753.75,58343,8397,16968
2169,0.518,24937.4,8877.72,33815.9,8399,16972
2170,0.504,57580.7,1772.28,59353.7,8403,16980
2171,2113.4,22856.5,8971.51,33941.8,8405,16984
2172,0.485,54610.3,1664.07,56275.1,8409,16992
2173,0.584,140594,7050.83,147646,8419,17012
2174,0.551,104180,1725.5,105906,8427,17028
2175,0.537,114826,1857.46,116685,8435,17044
2176,2213.26,53978.4,7062.26,63254.3,8439,17052
2177,0.541,297666,6901.01,304568,8461,17096
2178,0.716,82652,1715.37,84368.3,8467,17108
2179,0.475,138469,7047.33,145517,8477,17128
2180,0.525,77515.4,1718.42,79234.6,8483,17140
2181,0.65,244808,6823.23,251632,8501,17176
2182,0.573,344182,7322.74,351505,8527,17228
2183,0.592,0.075,10399.7,10400.6,8527,17228
2184,0.308,219669,6997.49,226667,8543,17260
2185,0.591,196175,6959.11,203135,8557,17288
2186,0.467,110620,6875.53,117496,8565,17304
2187,0.454,86537.4,1692.23,88230.3,8571,17316
2188,0.332,80536.4,6999.5,87536.4,8577,17328
2189,0.381,0.207,16107.6,16108.4,8577,17328
2190,0.313,55568.7,1721.55,57290.8,8581,17336
2191,0.463,23680.7,8988.13,32669.5,8583,17340
2192,2382.12,23790.8,8923.53,35096.7,8585,17344
2193,0.604,161411,7096.31,168508,8596,17367
2194,0.528,0.119,14239.3,14240.2,8596,17367
2195,0.631,140733,7179.95,147914,8606,17387
2196,0.385,84096.6,1726.7,85824,8612,17399
2197,0.45,215712,1725.01,217438,8628,17431
2198,0.489,55481.1,7216.47,62698.3,8632,17439
2199,0.723,105939,7108.09,113048,8640,17455
2200,0.609,148741,8531.39,157273,8650,17475
2201,0.656,101094,8219.88,109315,8656,17487
2202,0.648,159793,8330.97,168125,8666,17507
2203,0.633,273684,8482.57,282167,8682,17539
2204,0.528,234493,8446.8,242941,8696,17567
2205,0.784,61865.2,7103.34,68969.6,8700,17575
2206,0.564,115458,1810.41,117269,8708,17591
2207,2757.88,22415.2,8954.96,34128.3,8710,17595
2208,0.494,0.415,16062.9,16064,8710,17595
2209,2256.34,54290.3,7230.35,63777.2,8714,17603
2210,0.302,0.134,12625.2,12625.9,8714,17603
2211,0.498,55268.9,7826.68,63096.3,8718,17611
2212,0.453,0.095,16269.6,16270.3,8718,17611
2213,0.391,55599.2,7236.92,62836.7,8722,17619
2214,0.477,118206,1889.58,120096,8730,17635
2215,0.515,312429,8227.99,320657,8748,17671
2216,0.757,104203,8609.78,112814,8754,17683
2217,0.758,0.182,19159.7,19160.9,8754,17683
2218,0.266,140030,8381.48,148412,8762,17699
2219,0.71,69237.6,8864.78,78103.4,8766,17707
2220,1.03,69565.7,2109.02,71676,8770,17715
2221,0.639,133360,8512.11,141873,8778,17731
2222,0.607,27572.3,10295,37868.1,8780,17735
2223,0.584,104689,2093.18,106783,8786,17747
2224,0.606,168385,9811.69,178198,8796,17767
2225,0.666,137001,2054.33,139056,8804,17783
2226,0.675,28490.1,10950,39440.9,8806,17787
2227,0.918,0.254,19283.3,19284.7,8806,17787
2228,0.763,71036.3,7437.28,78474.6,8810,17795
2229,0.541,97641.1,1780.2,99422.1,8816,17807
2230,0.433,27116.4,9069.35,36186.4,8818,17811
2231,0.807,120971,7507.72,128480,8826,17827
2232,0.655,90878.7,7762.72,98642.3,8832,17839
2233,0.703,0.068,16923.1,16924.1,8832,17839
2234,0.433,215610,8365,223976,8844,17863
2235,0.626,0.211,19243.7,19244.8,8844,17863
2236,0.372,68966.4,2073.35,71040.3,8848,17871
2237,0.685,30418.3,10730.1,41149.3,8850,17875
2238,0.667,179684,8540.39,188225,8860,17895
2239,0.639,205250,9945.7,215196,8872,17919
2240,0.924,73827.9,2568.59,76397.7,8876,17927
2241,0.458,73421,10117.7,83539.4,8880,17935
2242,0.671,0.287,22784.1,22785.3,8880,17935
2243,0.425,25823,9717.01,35540.6,8882,17939
2244,0.488,61256.7,2089.88,63347.3,8886,17947
2245,0.562,0.362,16781.7,16782.8,8886,17947
2246,0.275,0.147,10433.8,10434.5,8886,17947
2247,0.491,27359.6,10490.4,37850.7,8888,17951
2248,3476.32,27079.3,10846.8,41402.6,8890,17955
2249,0.658,66573.6,8460.06,75034.5,8894,17963
2250,2853.45,27248,10541.4,40643.1,8896,17967
2251,1.346,121131,7626.96,128759,8904,17983
2252,2469.11,23783.4,9396.36,35649.2,8906,17987
2253,0.509,24355.4,9597.93,33954.1,8908,17991
2254,0.451,92620.8,7565.86,100187,8914,18003
2255,2176.93,58727.3,7668.95,68573.5,8918,18011
2256,0.505,0.166,17141.7,17142.5,8918,18011
2257,0.521,24661.1,9451.73,34113.6,8920,18015
2258,0.463,58777.4,1871.43,60649.4,8924,18023
2259,0.505,92377.5,7759.36,100138,8930,18035
2260,0.589,25576.9,9956.95,35534.7,8932,18039
2261,0.496,121615,2214.96,123831,8940,18055
2262,0.696,104681,8986.3,113668,8946,18067
2263,0.663,244297,8726.48,253024,8960,18095
2264,0.545,226200,7552.36,233753,8974,18123
2265,1.427,97398.7,8570.05,105970,8980,18135
2266,0.662,136759,2122.73,138883,8988,18151
2267,0.563,147060,8826.12,155887,8996,18167
2268,0.465,102245,8646.1,110892,9002,18179
2269,0.618,108270,2169.36,110440,9008,18191
2270,0.664,109724,2235.47,111960,9014,18203
2271,0.581,29195.4,11621.4,40817.6,9016,18207
2272,0.486,81795.9,1891.54,83688.1,9021,18218
2273,0.68,104461,7412.98,111882,9028,18233
2274,2647.36,24978.1,9370.38,36996.1,9030,18237
2275,0.722,0.234,14905.7,14906.9,9030,18237
2276,0.333,0.273,16832.7,16833.5,9030,18237
2277,0.479,174743,7650.68,182395,9042,18261
2278,0.422,0.292,13395.6,13396.5,9042,18261
2279,0.279,150993,7556.29,158550,9052,18281
2280,2631.36,58501.1,7741.83,68874.5,9056,18289
2281,0.456,127248,7679.06,134928,9064,18305
2282,0.528,106714,7709.65,114425,9071,18320
2283,0.474,43922.6,1809.61,45732.9,9074,18327
2284,0.556,0.158,11385.6,11386.5,9074,18327
2285,2369.68,23934,9576.66,35880.6,9076,18331
2286,0.553,180085,7626.6,187713,9088,18355
2287,0.517,0.166,17003.3,17004.1,9088,18355
2288,0.47,0.176,17855.3,17856.2,9088,18355
2289,0.555,150029,7780.4,157810,9098,18375
2290,0.581,58690.7,7656.59,66348.1,9102,18383
2291,0.509,119056,7753.97,126811,9110,18399
2292,0.507,91027.8,1952.11,92980.6,9116,18411
2293,0.37,119574,1883.33,121458,9124,18427
2294,0.348,215833,7985.76,223819,9138,18455
2295,0.377,0.323,17165.6,17166.5,9138,18455
2296,0.608,0.44,16606,16607.3,9138,18455
2297,2797.04,25283.3,9427.2,37507.7,9140,18459
2298,2727.71,27551.5,11550.3,41829.8,9142,18463
2299,0.632,115352,9571.57,124924,9148,18475
2300,3150.3,30159.3,11631,44940.9,9150,18479
2301,0.577,71785.5,9350.57,81136.9,9154,18487
2302,0.659,248020,8727.48,256748,9168,18515
2303,0.48,306306,8942.62,315249,9186,18551
2304,0.551,130120,1910.71,132032,9194,18567
2305,0.68,122803,8899.67,131704,9202,18583
2306,0.6,24935.1,9711.97,34647.9,9204,18587
2307,0.397,57941,7746.16,65687.7,9208,18595
2308,0.596,240365,10084.1,250449,9222,18623
2309,0.911,223805,9372.91,233179,9234,18647
2310,0.762,103947,10541.2,114489,9240,18659
2311,3452.92,73074.9,9115.06,85643.1,9244,18667
2312,0.788,115411,9729.6,125141,9250,18679
2313,0.647,176779,9020.46,185800,9260,18699
2314,0.699,251325,8604.61,259930,9274,18727
2315,0.751,0.362,14776.8,14778.2,9274,18727
2316,3348.3,27586.8,10582.7,41518.1,9276,18731
2317,0.548,94192.3,1890.99,96084,9282,18743
2318,0.483,172302,8933.21,181236,9292,18763
2319,0.691,154732,9368.98,164102,9300,18779
2320,0.784,74358.2,9460.61,83819.8,9304,18787
2321,0.664,197208,7764.54,204974,9316,18811
2322,0.87,118818,1908.36,120727,9324,18827
2323,0.605,116798,7610.11,124409,9332,18843
2324,0.414,0.285,17224.2,17225.2,9332,18843
2325,0.225,0.217,11430.8,11431.5,9332,18843
2326,0.464,90768,1976.96,92745.6,9338,18855
2327,0.437,85581.3,7799.66,93381.7,9344,18867
2328,0.272,146353,7807.03,154160,9354,18887
2329,0.404,123102,7814.06,130916,9362,18903
2330,0.417,58863,1989.06,60852.6,9366,18911
2331,0.513,24587.9,9657.15,34245.7,9368,18915
2332,3032.04,24924.2,9722.26,37678.8,9370,18919
2333,0.317,24716.6,9759.47,34476.6,9372,18923
2334,0.516,99725,8863.25,108589,9378,18935
2335,0.616,28825.6,11349.2,40175.7,9380,18939
2336,3111.61,28920.1,11354.6,43386.5,9382,18943
2337,0.617,171162,9211.98,180375,9392,18963
2338,0.549,221121,9228.69,230351,9404,18987
2339,0.531,109085,8842.77,117928,9410,18999
2340,0.625,390497,7697.41,398195,9434,19047
2341,0.538,356347,7758.33,364106,9456,19091
2342,0.506,63628.6,8112.51,71741.8,9460,19099
2343,0.547,102357,7970.19,110328,9466,19111
2344,0.44,65205.6,8306.55,73512.8,9470,19119
2345,0.549,289244,7929.03,297174,9488,19155
2346,0.394,193715,9232.13,202948,9498,19175
2347,0.652,114462,2124.68,116588,9504,19187
2348,0.577,229566,9254.48,238821,9516,19211
2349,0.798,70358.6,7962.44,78322,9520,19219
2350,0.86,154568,7932.44,162501,9530,19239
2351,0.441,234764,7781.24,242546,9546,19271
2352,0.508,59501.9,1931.25,61433.9,9550,19279
2353,0.529,127710,7873.89,135584,9558,19295
2354,0.544,126898,1902.02,128801,9566,19311
2355,0.528,60522.7,7882.11,68405.5,9570,19319
2356,0.564,60223,1989.28,62213,9574,19327
2357,0.406,161220,8147.37,169368,9584,19347
2358,0.793,87246.4,7886.59,95134,9590,19359
2359,0.693,166933,7854.92,174789,9600,19379
2360,0.505,91549.8,8034.65,99585.2,9606,19391
2361,0.547,26090.3,10358.6,36449.7,9608,19395
2362,0.614,0.45,18807.4,18808.7,9608,19395
2363,0.469,160622,8099.08,168722,9618,19415
2364,0.539,156139,7925.61,164065,9628,19435
2365,0.661,89685.8,8186.71,97873.4,9634,19447
2366,0.424,140690,8096.37,148787,9642,19463
2367,0.469,193716,9028.75,202746,9654,19487
2368,0.558,0.175,20752.8,20753.8,9654,19487
2369,0.602,74765.5,2253.29,77019.7,9658,19495
2370,0.874,71903.5,2277.75,74182.4,9662,19503
2371,0.49,72138.9,2320.07,74459.7,9666,19511
2372,3255.15,28990.6,11253.4,43499.4,9668,19515
2373,0.735,109442,2236.32,111679,9674,19527
2374,0.669,144171,2258.9,146431,9682,19543
2375,0.551,151415,9408.11,160823,9690,19559
2376,0.586,31239.1,11900.6,43140.5,9692,19563
2377,0.467,0.086,13994.7,13995.5,9692,19563
2378,0.342,117434,2534.01,119969,9698,19575
2379,0.605,15184.5,9068.58,24253.9,9699,19578
2380,0.718,153024,10028.3,163053,9707,19594
2381,0.75,77726.6,10078.8,87806.3,9711,19602
2382,0.506,78202.1,2442.37,80645.2,9715,19610
2383,0.648,192235,9438.24,201674,9725,19630
2384,0.81,0.235,19203.1,19204.4,9725,19630
2385,4792.31,31796.7,12003.6,48592.8,9727,19634
2386,0.485,185359,2045.22,187405,9737,19654
2387,0.481,193628,2026.53,195655,9749,19678
2388,1.107,0.229,18806.1,18807.6,9749,19678
2389,0.454,0.494,14261.9,14263.1,9749,19678
2390,0.476,217762,9553.68,227316,9761,19702
2391,0.617,320556,9160.88,329717,9779,19738
2392,0.689,29115,11554.5,40670.4,9781,19742
2393,0.279,209473,2345.96,211819,9793,19766
2394,0.525,29004.7,10689.8,39695.3,9795,19770
2395,0.641,340894,8358.5,349253,9817,19814
2396,0.453,25893.7,10277.3,36171.6,9819,19818
2397,0.51,96523.7,1997.76,98522.2,9825,19830
2398,0.411,223756,8403.31,232160,9839,19858
2399,0.701,97898.2,1999.61,99898.7,9845,19870
2400,0.814,166649,10133.8,176784,9855,19890
2401,0.722,138602,8792.75,147396,9863,19906
2402,0.65,67547.3,2045.79,69594,9867,19914
2403,0.616,142133,8691.12,150825,9875,19930
2404,0.551,71559.7,2320.97,73881.5,9879,19938
2405,0.497,196076,10028.8,206106,9889,19958
2406,0.716,194368,2476.58,196845,9899,19978
2407,0.672,282216,9961.25,292178,9913,20006
2408,0.984,72428.2,9449.95,81879.5,9917,20014
2409,3925.23,30010.1,12177.2,46112.8,9919,20018
2410,0.815,191933,2402.29,194336,9929,20038
2411,0.958,71417.8,9344.33,80763.3,9933,20046
2412,0.633,290109,9600.6,299711,9949,20078
2413,0.748,170143,8381.31,178525,9959,20098
2414,0.557,64329.4,2215.37,66545.5,9963,20106
2415,0.623,0.277,18791.7,18792.8,9963,20106
2416,0.538,0.303,18900,18901.1,9963,20106
2417,0.51,104262,9492.56,113755,9969,20118
2418,0.628,69815.7,9241.2,79057.8,9973,20126
2419,0.512,29404,11486.9,40891.7,9975,20130
2420,3705.16,28852.4,11473.3,44031,9977,20134
2421,0.68,141882,9418.21,151301,9985,20150
2422,0.616,300279,9040.24,309320,10001,20182
2423,0.552,0.141,20639.2,20640.1,10001,20182
2424,0.579,103220,9329.81,112551,10007,20194
2425,3616.06,33540,12997.1,50153.3,10009,20198
2426,0.734,199276,9861.91,209139,10019,20218
2427,0.703,31859.6,12509.8,44370.2,10021,20222
2428,3411.93,31363.4,11783,46558.6,10023,20226
2429,0.518,248673,9323.53,257997,10036,20253
2430,0.472,15008.6,9300.27,24309.6,10037,20256
2431,0.455,31231.2,11844.5,43076.3,10039,20260
2432,0.372,31100.7,11814.3,42915.5,10041,20264
2433,3338.84,29903.7,12031.4,45274.2,10043,20268
2434,0.561,297490,9827.95,307319,10059,20300
2435,0.631,256491,9880.79,266373,10073,20328
2436,0.752,31027.2,12092.2,43120.4,10075,20332
2437,0.538,0.231,19216.5,19217.4,10075,20332
2438,0.453,113933,2467.9,116402,10081,20344
2439,3763.62,30907.6,12313.3,46984.8,10083,20348
2440,0.683,0.323,16771.5,16772.7,10083,20348
2441,0.659,145528,10026.9,155556,10091,20364
2442,0.585,56984,10231,67215.8,10094,20371
2443,0.986,190422,9734.53,200158,10104,20391
2444,0.825,31221.8,12081.4,43304.2,10106,20395
2445,3469.58,30334.8,12096.5,45901.1,10108,20399
2446,0.582,30781.7,12194.7,42977.1,10110,20403
2447,0.634,236133,9794.25,245928,10122,20427
2448,0.666,0.175,19852.1,19853.1,10122,20427
2449,0.393,109043,10091.7,119136,10128,20439
2450,0.56,183942,10228.9,194172,10138,20459
2451,0.73,151565,10051.8,161617,10146,20475
2452,0.595,228176,9897.37,238075,10158,20499
2453,4145.88,31753.8,12398.2,48298.1,10160,20503
2454,0.464,231944,2423.72,234369,10172,20527
