iteration,find_best_us,split_us,update_info_us,total_us,active_faces,n_vertices
0,3.729,20760.1,0.708,20764.6,5,16
1,0.304,11577,0.745,11578.1,9,26
2,0.21,14018.6,0.845,14019.7,17,44
3,0.326,12867.1,31.591,12899.1,22,55
4,0.389,5311.51,15.771,5327.77,30,73
5,4.714,5412.01,14.138,5430.96,32,77
6,0.41,6728.48,12.828,6741.81,48,109
7,0.277,3359.45,1.445,3361.24,57,128
8,0.34,385.712,12.757,398.897,58,131
9,6.681,1297.8,18.21,1322.79,60,135
10,0.257,2212.67,19.035,2232.13,68,151
11,6.985,548.006,2.853,557.943,71,158
12,0.339,450.329,15.43,466.186,72,161
13,0.249,0.04,20.457,20.912,72,161
14,7.156,1218.99,13.264,1239.52,73,164
15,0.467,1388.86,1.758,1391.17,76,171
16,0.382,0.094,25.69,26.267,76,171
17,7.207,444.21,15.273,466.776,77,174
18,0.283,0.05,26.031,26.446,77,174
19,8.43,2486.42,21.033,2516.07,79,178
20,0.415,5079.52,18.665,5098.7,87,196
21,0.242,4451.5,15.092,4466.92,101,224
22,0.249,3890.55,19.12,3910.01,110,243
23,0.379,673.026,22.404,695.903,111,246
24,0.317,1529.35,2.921,1532.67,114,253
25,0.266,2826.85,3.824,2831.03,122,269
26,18.495,479.41,30.596,528.617,124,273
27,0.193,1426.1,26.518,1452.91,131,288
28,0.402,367.496,22.352,390.35,132,291
29,13.247,865.911,32.4,911.678,134,295
30,0.46,0.065,55.029,55.654,134,295
31,0.06,0.099,40.492,40.75,134,295
32,0.051,0.128,35.127,35.402,134,295
33,0.053,0.034,30.046,30.23,134,295
34,0.051,0.033,30.521,30.822,134,295
35,0.056,0.033,36.833,37.025,134,295
36,0.064,0.032,29.346,29.541,134,295
37,0.053,1041.04,28.693,1069.88,139,306
38,0.285,0.052,38.02,38.454,139,306
39,0.052,0.031,37.561,37.738,139,306
40,0.113,0.037,40.265,40.514,139,306
41,18.93,254.683,23.523,297.247,140,309
42,0.129,0.038,28.385,28.649,140,309
43,0.049,189.533,35.132,224.813,142,313
44,0.115,0.031,43.094,43.336,142,313
45,0.049,0.079,35.002,35.228,142,313
46,0.049,0.033,30.109,30.285,142,313
47,0.048,934.179,4.191,938.508,147,324
48,0.321,1703.9,5.656,1709.97,153,336
49,0.394,1014.21,4.705,1019.41,159,348
50,0.91,0.181,84.674,86.013,159,348
51,0.053,1569.05,5.687,1574.89,165,360
52,0.253,1236.73,32.512,1269.74,170,371
53,0.204,0.042,40.508,40.843,170,371
54,0.05,1918.94,36.059,1955.14,176,383
55,0.318,965.627,5.964,972.034,180,391
56,0.24,0.117,43.378,43.836,180,391
57,0.106,780.201,39.92,820.325,182,395
58,0.449,1334.77,46.464,1381.81,188,407
59,27.881,999.472,45.992,1073.47,190,411
60,0.28,1173.61,31.209,1205.2,196,423
61,0.267,0.034,60.518,60.914,196,423
62,22.941,545.21,38.384,606.649,198,427
63,0.33,2647.34,29.795,2677.56,206,443
64,0.245,230.363,41.485,272.189,208,447
65,0.12,579.635,33.053,612.922,212,455
66,0.195,980.216,4.993,985.499,218,467
67,0.391,386.15,44.545,431.182,220,471
68,0.194,791.499,65.134,856.932,222,475
69,0.371,283.491,58.939,342.963,224,479
70,0.178,0.261,106.417,106.973,224,479
71,30.217,1404.84,8.181,1443.37,228,487
72,0.33,810.219,32.104,842.748,232,495
73,0.309,0.046,71.656,72.107,232,495
74,0.17,0.053,53.567,53.885,232,495
75,0.055,0.038,45.453,45.644,232,495
76,0.254,0.054,71.124,71.527,232,495
77,0.053,0.093,53.211,53.454,232,495
78,0.055,2232.56,7.052,2239.77,240,511
79,0.335,946.4,36.534,983.371,244,519
80,0.233,0.034,78.921,79.283,244,519
81,0.117,245.573,45.201,290.985,246,523
82,0.152,0.037,79.977,80.263,246,523
83,26.594,722.161,61.973,810.844,248,527
84,0.343,0.033,44.986,45.457,248,527
85,0.051,1646.65,50.339,1697.15,256,543
86,0.276,231.561,59.953,291.905,258,547
87,0.177,0.063,94.74,95.093,258,547
88,0.062,0.038,68.118,68.331,258,547
89,0.09,1626.29,40.943,1667.43,266,563
90,0.231,561.829,67.954,630.136,268,567
91,0.37,0.032,103.226,103.727,268,567
92,0.12,0.1,59.057,59.384,268,567
93,0.059,286.75,47.109,334.018,270,571
94,0.162,0.056,75.828,76.147,270,571
95,0.104,0.032,55.842,56.078,270,571
96,0.06,685.942,33.966,720.066,274,579
97,0.276,0.048,61.467,61.895,274,579
98,0.1,2255.89,57.071,2313.16,282,595
99,0.328,1516.54,48.532,1565.5,290,611
100,1.185,0.22,218.608,220.146,290,611
101,0.164,706.104,54.577,760.958,294,619
102,0.306,0.622,71.786,72.829,294,619
103,0.122,806.853,6.77,813.849,298,627
104,0.288,0.275,62.384,63.042,298,627
105,0.051,1259.28,15.548,1274.98,304,639
106,0.425,1708.18,10.296,1719.02,308,647
107,0.279,1658.12,40.41,1698.9,315,662
108,0.217,0.031,87.369,87.715,315,662
109,0.117,0.031,40.87,41.11,315,662
110,0.05,1692.21,48.059,1740.42,323,678
111,0.428,951.184,47.573,999.294,327,686
112,44.958,373.312,10.716,429.108,330,693
113,0.17,0.045,79.67,79.985,330,693
114,0.109,265.155,56.804,322.17,332,697
115,0.109,0.033,96.403,96.648,332,697
116,0.108,0.041,47.434,47.684,332,697
117,0.053,0.033,87.567,87.753,332,697
118,0.057,1313.57,42.884,1356.61,336,705
119,0.319,2596.18,56.498,2653.1,343,720
120,0.327,0.042,104.78,105.258,343,720
121,0.059,1543.58,51.896,1595.63,351,736
122,0.287,0.171,65.376,65.936,351,736
123,0.056,0.034,96.971,97.158,351,736
124,35.201,406.809,56.201,498.321,353,740
125,0.18,0.092,65.94,66.305,353,740
126,0.051,1738.58,78.108,1816.84,359,752
127,0.432,0.042,92.538,93.124,359,752
128,0.063,1053.65,12.864,1066.68,362,759
129,0.25,0.034,71.464,71.841,362,759
130,0.066,277.958,61.253,339.368,364,763
131,0.115,196.396,72.806,269.409,366,767
132,0.049,1091.89,9.035,1101.06,372,779
133,37.687,850.319,94.302,982.441,374,783
134,0.391,427.604,86.495,514.733,376,787
135,0.279,1012.09,10.259,1022.74,382,799
136,0.258,0.183,92.297,92.846,382,799
137,0.065,1097.76,55.272,1153.21,386,807
138,0.297,558.643,60.997,620.039,390,815
139,0.226,1786.39,12.986,1799.71,395,826
140,68.26,1665.73,69.734,1803.87,399,834
141,0.384,1968.16,52.935,2021.58,405,846
142,0.313,729.903,80.859,811.172,407,850
143,0.327,0.043,126.538,127.007,407,850
144,0.059,0.085,112.769,113.016,407,850
145,0.113,0.035,87.473,87.722,407,850
146,0.055,0.034,107.997,108.187,407,850
147,0.051,326.01,71.123,397.284,409,854
148,0.11,0.033,59.001,59.245,409,854
149,0.164,331.908,75.025,407.198,411,858
150,0.175,0.044,129.414,129.735,411,858
151,0.107,0.033,65.228,65.46,411,858
152,0.047,2540.43,76.606,2617.2,419,874
153,0.452,827.057,79.549,907.156,421,878
154,0.391,1015.32,10.212,1026.02,427,890
155,0.241,1267.69,72.498,1340.52,431,898
156,0.468,451.929,11.865,464.363,434,905
157,50.975,2196.87,15.58,2263.57,440,917
158,0.595,2315.89,60.136,2376.73,450,937
159,0.229,1234.55,69.599,1304.48,454,945
160,0.34,2330.94,96.227,2427.63,462,961
161,0.284,457.935,98.368,556.726,464,965
162,0.203,1425.54,71.613,1497.46,470,977
163,0.277,328.653,79.95,408.972,472,981
164,0.134,0.043,126.033,126.303,472,981
165,0.047,0.03,64.486,64.651,472,981
166,0.052,586.319,58.143,644.604,476,989
167,0.138,0.089,64.318,64.634,476,989
168,0.045,1421.11,62.473,1483.72,482,1001
169,0.389,225.647,74.894,301.027,484,1005
170,0.116,714.749,141.972,856.95,486,1009
171,0.335,974.861,85.391,1060.72,490,1017
172,0.31,513.6,96.149,610.189,492,1021
173,0.125,1841.2,74.231,1915.69,500,1037
174,0.327,1297.84,83.581,1381.85,506,1049
175,0.302,249.434,84.643,334.48,508,1053
176,0.24,269.673,87.194,357.205,510,1057
177,0.186,268.177,95.489,363.947,512,1061
178,0.099,2565.34,72.867,2638.4,520,1077
179,0.388,474.409,131.636,606.536,522,1081
180,0.325,357.663,84.552,442.642,524,1085
181,0.107,254.022,103.966,358.196,526,1089
182,0.064,2075.79,100.801,2176.79,534,1105
183,0.342,304.569,104.046,409.082,536,1109
184,0.148,373.2,127.725,501.187,538,1113
185,0.207,1039.03,88.729,1128.08,542,1121
186,0.385,1306.05,80.449,1386.99,548,1133
187,0.28,0.042,103.417,103.842,548,1133
188,0.053,577.702,97.58,675.45,550,1137
189,0.351,0.058,130.877,131.387,550,1137
190,0.101,1398.27,65.256,1463.72,558,1153
191,0.201,1742.52,98.431,1841.25,564,1165
192,0.446,974.281,12.853,987.677,568,1173
193,0.267,767.294,19.399,787.051,572,1181
194,0.171,293.066,84.924,378.256,574,1185
195,0.154,284.463,102.435,387.178,576,1189
196,289.119,363.695,80.172,733.087,577,1192
197,0.202,1020,85.642,1105.94,583,1204
198,0.211,0.096,168.137,168.536,583,1204
199,0.112,344.077,97.715,441.996,585,1208
200,1.113,2072.41,76.29,2149.92,593,1224
201,0.247,0.099,167.595,168.035,593,1224
202,0.105,1496.67,97.315,1594.19,598,1235
203,0.2,325.726,96.987,423.01,600,1239
204,0.199,693.44,74.542,768.278,604,1247
205,0.242,742.507,132.344,875.193,606,1251
206,0.362,0.036,201.077,201.577,606,1251
207,0.101,917.63,89.98,1007.81,610,1259
208,0.181,1677.7,20.926,1698.92,616,1271
209,0.282,347.994,148.138,496.515,618,1275
210,0.199,0.118,192.315,192.732,618,1275
211,0.131,1858.65,103.508,1962.39,624,1287
212,0.211,930.773,27.131,958.218,628,1295
213,0.221,0.044,153.136,153.501,628,1295
214,0.066,0.075,154.293,154.571,628,1295
215,0.058,424.59,113.398,538.151,630,1299
216,0.234,0.114,91.123,91.583,630,1299
217,0.136,0.033,164.662,164.933,630,1299
218,0.802,1454.79,26.154,1481.87,634,1307
219,77.374,321.467,116.783,515.741,636,1311
220,0.173,0.071,186.833,187.168,636,1311
221,0.049,351.566,117.697,469.407,638,1315
222,0.196,1650.37,109.643,1760.32,644,1327
223,0.213,1209.17,91.748,1301.28,650,1339
224,0.282,1821.52,111.204,1933.11,656,1351
225,0.236,403.405,115.203,518.969,658,1355
226,0.141,343.251,113.061,456.545,660,1359
227,0.139,1780.49,88.275,1869,666,1371
228,0.219,0.133,117.826,118.272,666,1371
229,80.469,237.705,89.687,407.974,667,1374
230,0.165,1123.82,89.664,1213.76,671,1382
231,0.263,628,143.245,771.631,673,1386
232,0.304,340.647,127.222,468.28,675,1390
233,0.184,464.018,111.397,575.697,677,1394
234,0.23,0.109,154.922,155.354,677,1394
235,0.092,1899.53,109.46,2009.2,683,1406
236,0.296,1833.55,102.531,1936.47,689,1418
237,124.123,483.119,120.175,727.54,691,1422
238,0.603,545.793,158.665,705.177,693,1426
239,0.541,0.173,307.75,308.567,693,1426
240,0.547,0.044,260.337,261.035,693,1426
241,0.113,1212.95,26.01,1239.17,698,1437
242,0.798,1362.46,23.712,1387.07,702,1445
243,0.964,2266.31,98.802,2366.17,710,1461
244,0.542,0.16,318.013,318.811,710,1461
245,0.466,561.576,144.027,706.183,712,1465
246,0.664,0.08,304.68,305.531,712,1465
247,0.608,0.057,169.426,170.192,712,1465
248,0.748,0.233,311.454,312.694,712,1465
249,0.282,482.586,159.215,642.275,714,1469
250,0.227,2098.95,39.785,2139.06,720,1481
251,79.904,252.116,95.149,427.276,721,1484
252,0.649,539.947,168.257,708.976,723,1488
253,0.536,2183.08,26.541,2210.28,729,1500
254,121.008,443.379,131.528,696.029,731,1504
255,55.144,829.679,27.068,912.018,734,1511
256,149.212,647.359,197.767,994.462,736,1515
257,0.894,2940.38,137.284,3078.67,742,1527
258,0.396,390.84,117.516,508.879,743,1530
259,1.131,818.902,170.986,991.142,745,1534
260,0.242,1055.5,180.732,1236.58,747,1538
261,0.501,569.867,130.805,701.283,748,1541
262,1.172,0.234,422.651,424.165,748,1541
263,0.48,1858.09,31.903,1890.58,752,1549
264,1.311,2355.26,123.189,2479.87,758,1561
265,163.368,601.596,142.113,907.216,760,1565
266,0.847,1610,31.029,1641.99,764,1573
267,0.446,0.215,291.447,292.215,764,1573
268,0.653,1143.07,32.644,1176.46,768,1581
269,0.134,830.772,115.099,946.253,771,1588
270,0.145,0.096,223.689,224.044,771,1588
271,0.116,0.158,196.27,196.655,771,1588
272,0.109,448.846,154.805,603.866,773,1592
273,0.129,0.123,278.511,278.885,773,1592
274,0.111,1926.56,100.172,2026.94,779,1604
275,0.277,848.835,25.236,874.438,783,1612
276,0.13,942.166,190.175,1132.58,785,1616
277,0.297,1734.67,110.093,1845.15,792,1631
278,0.334,1425.62,40.296,1466.35,796,1639
279,0.35,0.082,282.009,282.543,796,1639
280,115.892,651.654,186.474,954.141,798,1643
281,0.293,1671.9,118.431,1790.72,804,1655
282,0.161,1017.49,178.316,1196.08,806,1659
283,0.282,1105.2,138.994,1244.57,810,1667
284,1.447,0.087,288.867,290.595,810,1667
285,94.149,818.178,180.903,1093.38,812,1671
286,0.273,1531.13,116.983,1648.48,817,1682
287,102.864,945.801,127.149,1175.93,821,1690
288,0.179,2033.56,179.871,2213.71,827,1702
289,0.756,1274.77,134.568,1410.21,831,1710
290,110.653,618.701,157.431,886.934,833,1714
291,0.598,1621.05,109.991,1731.74,837,1722
292,0.375,586.537,168.443,755.453,839,1726
293,0.714,693.805,175.457,870.074,841,1730
294,0.602,620.342,195.818,816.883,843,1734
295,0.377,0.161,291.315,291.969,843,1734
296,0.191,2488.1,144.758,2633.15,849,1746
297,121.624,1717.58,38.245,1877.57,854,1757
298,1.259,2755.37,155.968,2912.74,860,1769
299,0.67,1840.72,148.412,1989.91,864,1777
300,1.023,0.224,438.299,439.661,864,1777
301,129.77,618.86,176.711,925.477,866,1781
302,0.096,0.081,255.68,255.991,866,1781
303,0.089,0.031,212.916,213.148,866,1781
304,0.144,2983.37,155.233,3138.87,872,1793
305,118.654,626.204,278.805,1023.83,874,1797
306,0.21,2436.32,193.326,2630.06,879,1808
307,0.366,519.973,216.295,736.736,881,1812
308,0.197,0.154,240.056,240.523,881,1812
309,0.107,1054.17,147.938,1202.31,885,1820
310,84.462,1100.72,32.192,1217.49,889,1828
311,0.11,1878.19,48.653,1927.05,893,1836
312,0.344,3254.24,175.857,3430.55,900,1851
313,144.156,1470.54,157.637,1772.46,905,1862
314,0.224,439.312,195.9,635.536,907,1866
315,0.069,1775.86,44.151,1820.2,911,1874
316,0.458,0.224,346.541,347.327,911,1874
317,0.147,536.585,187.313,724.16,913,1878
318,0.157,1071.19,160,1231.46,916,1885
319,0.193,1213.53,40.568,1254.39,920,1893
320,0.32,0.076,295.499,295.995,920,1893
321,0.108,0.059,312.413,312.681,920,1893
322,0.145,1200.67,187.977,1388.89,922,1897
323,0.35,493.588,213.304,707.336,924,1901
324,0.186,0.144,310.887,311.309,924,1901
325,0.091,1135.63,130.39,1266.21,928,1909
326,0.186,0.113,293.613,294.005,928,1909
327,0.1,2377.95,146.874,2525.02,934,1921
328,0.274,1152.27,29.336,1181.97,938,1929
329,0.063,0.059,309.72,309.935,938,1929
330,0.094,0.081,310.95,311.218,938,1929
331,0.095,0.141,172.163,172.503,938,1929
332,0.105,0.176,209.793,210.172,938,1929
333,0.092,478.957,162.834,641.976,940,1933
334,0.083,1836.23,47.423,1883.84,944,1941
335,116.848,656.192,233.798,1006.97,946,1945
336,0.188,625.862,211.221,837.384,948,1949
337,0.136,0.187,344.734,345.176,948,1949
338,0.137,0.1,231.937,232.287,948,1949
339,0.105,0.183,256.68,257.069,948,1949
340,0.116,0.114,218.419,218.754,948,1949
341,0.153,1288.12,39.906,1328.28,952,1957
342,0.184,0.073,308.972,309.35,952,1957
343,0.13,1944.96,177.364,2122.56,956,1965
344,0.239,0.125,328.131,328.608,956,1965
345,0.095,935.279,34.652,970.12,959,1972
346,99.208,473.038,185.101,757.461,961,1976
347,0.113,0.04,320.524,320.794,961,1976
348,0.078,0.063,218.48,218.713,961,1976
349,0.1,558.339,181.491,740.023,963,1980
350,1.388,0.339,731.327,733.162,963,1980
351,0.24,0.095,380.397,380.835,963,1980
352,0.105,0.182,345.829,346.219,963,1980
353,0.108,2541.56,44.108,2585.88,968,1991
354,0.221,0.134,283.897,284.359,968,1991
355,0.105,1445.3,157.423,1602.96,973,2002
356,0.229,1611.2,49.689,1661.21,977,2010
357,0.311,0.129,205.21,205.752,977,2010
358,0.091,452.317,227.599,680.1,979,2014
359,1.034,0.2,535.504,536.839,979,2014
360,0.202,0.277,444.686,445.33,979,2014
361,0.118,2303.47,140.69,2444.38,985,2026
362,0.163,0.082,427.031,427.376,985,2026
363,0.164,1706.68,204.543,1911.49,989,2034
364,0.363,1864.34,153.503,2018.3,995,2046
365,0.264,1009.72,218.681,1228.76,997,2050
366,0.332,1383.85,166.448,1550.73,1001,2058
367,107.397,566.28,196.785,870.586,1003,2062
368,0.21,0.085,357.961,358.36,1003,2062
369,0.097,1171.63,125.86,1297.68,1007,2070
370,0.111,1707.79,189.219,1897.22,1010,2077
371,0.355,3178.14,190.419,3369.02,1018,2093
372,0.257,0.111,422.866,423.335,1018,2093
373,0.138,2360.92,46.291,2407.44,1023,2104
374,0.304,3150.47,174.561,3325.42,1031,2120
375,100.354,538.505,200.645,839.618,1033,2124
376,0.18,0.048,346.457,346.795,1033,2124
377,0.09,1201.44,38.221,1239.85,1037,2132
378,0.161,2355.56,203.487,2559.38,1042,2143
379,0.319,1480.97,42.842,1524.24,1046,2151
380,0.275,1946.37,61.723,2008.47,1050,2159
381,0.293,1186.99,46.776,1234.15,1053,2166
382,0.217,0.191,185.02,185.523,1053,2166
383,0.094,569.833,226.374,796.397,1055,2170
384,0.173,1267.67,48.85,1316.78,1059,2178
385,104.956,628.631,240.112,973.819,1061,2182
386,0.187,0.129,376.676,377.094,1061,2182
387,0.159,1140.16,279.946,1420.37,1063,2186
388,0.329,1504.57,190.327,1695.34,1067,2194
389,0.234,0.085,323.139,323.558,1067,2194
390,0.124,643.566,261.127,904.915,1069,2198
391,0.155,614.608,220.503,835.358,1071,2202
392,0.258,0.099,341.556,342.009,1071,2202
393,0.117,0.107,405.922,406.239,1071,2202
394,0.091,2223.09,46.226,2269.51,1075,2210
395,0.284,666.128,259.4,925.915,1077,2214
396,0.168,0.099,287.836,288.207,1077,2214
397,0.156,0.182,288.003,288.447,1077,2214
398,0.183,688.64,266.317,955.261,1079,2218
399,0.25,0.065,384.797,385.216,1079,2218
400,1.113,1078.47,292.311,1372,1081,2222
401,0.229,0.139,379.323,379.785,1081,2222
402,0.054,0.082,291.459,291.731,1081,2222
403,0.049,0.138,280.791,281.073,1081,2222
404,0.156,665.133,220.994,886.375,1083,2226
405,0.204,0.101,409.72,410.12,1083,2226
406,0.143,1242.86,246.767,1489.86,1085,2230
407,0.318,665.31,233.866,899.599,1087,2234
408,0.598,0.24,658.877,659.839,1087,2234
409,0.16,1637.74,46.344,1684.35,1091,2242
410,0.198,1537.23,69.891,1607.44,1095,2250
411,0.214,2198.32,184.486,2383.13,1099,2258
412,0.274,0.07,373.407,373.843,1099,2258
413,0.231,675.196,230.398,905.917,1101,2262
414,0.168,1495.9,47.842,1544,1105,2270
415,0.359,0.139,232.314,232.901,1105,2270
416,0.099,0.111,254.156,254.461,1105,2270
417,0.167,366.786,734.706,1101.76,1106,2273
418,0.284,0.166,332.616,333.174,1106,2273
419,0.1,736.204,269.331,1005.74,1108,2277
420,0.189,673.319,263.725,937.335,1110,2281
421,0.194,0.071,400.089,400.473,1110,2281
422,0.113,725.531,227.169,952.91,1112,2285
423,0.166,612.477,234.809,847.551,1114,2289
424,0.263,2141.43,251.7,2393.51,1118,2297
425,163.049,833.771,271.96,1268.92,1120,2301
426,0.185,1671.43,212.212,1883.94,1124,2309
427,0.317,1631.12,59.381,1690.92,1128,2317
428,0.253,2043.26,55.424,2099.05,1132,2325
429,0.332,1995.32,46.688,2042.44,1136,2333
430,0.354,2314.64,60.176,2375.27,1141,2344
431,127.075,1631.76,50.847,1809.8,1145,2352
432,0.241,698.274,239.245,937.854,1147,2356
433,0.261,0.07,404.175,404.6,1147,2356
434,0.18,682.551,229.028,911.858,1149,2360
435,317.646,1020.13,276.788,1614.74,1151,2364
436,0.307,0.261,329.143,329.814,1151,2364
437,0.21,0.063,508.792,509.178,1151,2364
438,0.266,0.091,502.266,502.723,1151,2364
439,0.189,762.071,304.827,1067.19,1153,2368
440,0.28,2595.15,238.351,2833.89,1159,2380
441,0.298,0.152,500.707,501.258,1159,2380
442,0.232,720.853,333.406,1054.59,1161,2384
443,0.242,0.045,337.261,337.647,1161,2384
444,349.096,2039.02,54.04,2442.26,1165,2392
445,0.298,709.503,295.623,1005.65,1167,2396
446,0.237,1523.1,195.335,1718.77,1171,2404
447,0.185,637.34,274.005,911.622,1173,2408
448,0.273,1181.97,328.502,1510.85,1175,2412
449,0.347,0.075,405.568,406.091,1175,2412
450,0.088,0.072,439.536,439.799,1175,2412
451,0.178,0.035,388.462,388.771,1175,2412
452,0.139,1659.63,218.444,1878.32,1179,2420
453,0.256,1498.23,58.492,1557.07,1183,2428
454,0.253,2058.24,59.147,2117.74,1187,2436
455,162.461,768.281,338.368,1269.25,1189,2440
456,0.288,0.143,473.716,474.252,1189,2440
457,0.193,0.059,376.291,376.648,1189,2440
458,0.172,779.533,330.829,1110.65,1191,2444
459,0.126,1677.57,252.009,1929.82,1195,2452
460,135.416,3214.78,264.155,3614.48,1201,2464
461,0.364,0.122,617.381,617.977,1201,2464
462,0.192,748.496,319.12,1067.92,1203,2468
463,0.176,0.131,416.251,416.656,1203,2468
464,128.256,676.456,295.079,1099.9,1205,2472
465,0.098,3077.06,70.438,3147.7,1211,2484
466,0.446,724.716,332.873,1058.13,1213,2488
467,0.213,726.68,298.767,1025.78,1215,2492
468,0.216,0.155,326.364,326.835,1215,2492
469,0.163,0.134,496.637,497.037,1215,2492
470,0.137,0.094,419.6,419.924,1215,2492
471,0.131,1601.99,206.454,1808.68,1219,2500
472,0.16,803.643,278.741,1082.64,1221,2504
473,0.214,885.892,282.659,1168.86,1222,2507
474,0.353,0.063,386.898,387.42,1222,2507
475,0.244,1846.34,68.298,1914.98,1226,2515
476,137.447,577.394,228.106,943.072,1227,2518
477,0.293,763.773,324.008,1088.18,1229,2522
478,134.417,608.86,219.232,962.645,1230,2525
479,0.303,3406.77,276.437,3683.61,1236,2537
480,0.277,356.876,250.168,607.429,1237,2540
481,0.213,1730.63,65.11,1796.05,1241,2548
482,0.256,2245.45,77.359,2323.17,1245,2556
483,0.19,0.064,578.209,578.563,1245,2556
484,0.069,0.139,573.26,573.568,1245,2556
485,0.141,0.068,331.761,332.072,1245,2556
486,0.053,0.058,505.947,506.161,1245,2556
487,0.158,0.13,312.271,312.652,1245,2556
488,0.146,0.084,288.326,288.65,1245,2556
489,0.183,777.651,298.264,1076.19,1247,2560
490,0.175,0.206,529.286,529.761,1247,2560
491,0.176,783.393,293.653,1077.32,1249,2564
492,0.161,709.857,331.586,1041.71,1251,2568
493,0.157,0.041,513.294,513.584,1251,2568
494,125.835,761.453,288.667,1176.07,1253,2572
495,229.731,1091.28,351.229,1672.36,1255,2576
496,0.238,1499.02,368.209,1867.57,1257,2580
497,0.449,0.126,514.835,515.507,1257,2580
498,0.166,1619.97,60.696,1680.92,1260,2587
499,0.185,1787.84,238.321,2026.44,1264,2597
500,0.646,2839.18,250.93,3090.86,1268,2605
501,147.948,2008.04,74.927,2231.04,1272,2613
502,0.321,0.113,588.866,589.405,1272,2613
503,0.224,0.119,479.645,480.097,1272,2613
504,0.211,964.255,332.566,1297.14,1274,2617
505,0.313,0.182,557.537,558.135,1274,2617
506,0.199,0.076,380.952,381.33,1274,2617
507,0.175,914.352,314.823,1229.45,1276,2621
508,0.21,2427.56,69.854,2497.72,1280,2629
509,0.188,711.574,319.254,1031.11,1282,2633
510,0.106,1753.68,65.238,1819.12,1286,2641
511,0.256,0.082,380.187,380.619,1286,2641
512,0.848,1188.54,382.581,1572.07,1288,2645
513,0.435,2406,74.894,2481.43,1292,2653
514,170.41,2102.01,278.187,2550.73,1296,2661
515,0.187,3258.49,316.346,3575.11,1302,2673
516,0.315,0.152,566.777,567.344,1302,2673
517,0.179,0.082,473.417,473.775,1302,2673
518,0.3,748.53,320.409,1069.34,1304,2677
519,0.146,0.075,359.857,360.166,1304,2677
520,0.135,0.108,349.867,350.211,1304,2677
521,0.134,3022.9,280.05,3303.18,1310,2689
522,0.24,919.027,313.812,1233.18,1312,2693
523,0.196,2343.84,84.116,2428.25,1316,2701
524,0.254,5193,292.476,5485.84,1326,2721
525,473.465,1017.97,269.227,1760.77,1328,2725
526,0.766,0.356,811.254,812.481,1328,2725
527,0.212,0.175,524.4,524.885,1328,2725
528,0.196,0.113,359.023,359.421,1328,2725
529,0.09,416.201,278.977,695.376,1329,2728
530,0.208,2347.85,245.726,2593.87,1334,2739
531,0.201,0.126,540.207,540.629,1334,2739
532,0.156,3517.82,86.278,3604.36,1340,2751
533,0.231,0.198,604.4,604.933,1340,2751
534,0.132,513.037,277.185,790.454,1341,2754
535,0.203,0.123,601.262,601.686,1341,2754
536,0.269,2011.73,258.171,2270.27,1345,2762
537,0.206,0.044,537.057,537.408,1345,2762
538,0.076,810.903,351.638,1162.72,1347,2766
539,0.236,903.329,330.674,1234.43,1349,2770
540,0.198,0.054,540.085,540.431,1349,2770
541,0.155,0.22,661.57,662.085,1349,2770
542,0.13,1455.59,345.041,1800.87,1351,2774
543,0.264,0.138,532.973,533.464,1351,2774
544,0.233,802.359,375.34,1178.1,1353,2778
545,0.184,2773.42,264.873,3038.58,1359,2790
546,0.233,0.141,350.176,350.645,1359,2790
547,161.545,888.09,331.722,1381.47,1361,2794
548,0.23,0.172,337.405,337.896,1361,2794
549,0.102,1386.42,363.027,1749.64,1363,2798
550,0.845,0.151,803.09,804.185,1363,2798
551,0.185,494.776,321.684,816.762,1364,2801
552,0.154,915.651,342.217,1258.12,1366,2805
553,0.183,0.155,645.305,645.743,1366,2805
554,164.686,1708.39,397.242,2270.46,1368,2809
555,0.382,990.576,369.257,1360.31,1370,2813
556,0.233,2092.76,75.588,2168.68,1374,2821
557,0.364,836.408,396.465,1233.34,1376,2825
558,0.207,2005.44,66.279,2072.02,1380,2833
559,156.147,924.405,330.726,1411.51,1382,2837
560,141.692,1917.12,261.82,2320.74,1386,2845
561,0.188,421.514,288.037,709.831,1387,2848
562,0.196,0.148,528.479,528.916,1387,2848
563,0.143,0.105,383.093,383.431,1387,2848
564,0.135,0.074,468.245,468.541,1387,2848
565,1.151,2585.32,288.406,2874.97,1391,2856
566,0.241,1968.16,290.466,2258.96,1395,2864
567,0.161,3067.5,283.476,3351.23,1401,2876
568,551.906,1193.73,376.414,2122.21,1403,2880
569,0.314,5332.97,326.048,5659.43,1412,2899
570,0.274,0.105,312.304,312.796,1412,2899
571,0.202,2705.23,313.346,3018.89,1416,2909
572,0.367,818.841,373.121,1192.42,1418,2913
573,149.991,2070.26,274.564,2494.93,1422,2921
574,0.219,0.221,377.045,377.578,1422,2921
575,0.164,0.062,358.094,358.414,1422,2921
576,0.162,2702.19,94.1,2796.56,1426,2929
577,0.264,0.139,523.526,524.069,1426,2929
578,0.089,2527.93,87.533,2615.66,1430,2937
579,1.129,2988.25,88.776,3078.27,1434,2945
580,0.283,0.075,710.433,710.892,1434,2945
581,214.813,1040.78,409.764,1665.52,1436,2949
582,0.239,2022.45,432.883,2455.68,1438,2953
583,1.168,2964.8,78.372,3044.45,1442,2961
584,0.315,2276.42,295.528,2572.37,1446,2969
585,0.278,462.33,285.358,748.065,1447,2972
586,0.161,2845.26,273.183,3118.7,1451,2980
587,0.414,0.154,466.941,467.603,1451,2980
588,0.159,0.155,618.61,619.058,1451,2980
589,0.199,534.165,291.311,825.776,1452,2983
590,0.259,584.32,295.693,880.385,1453,2986
591,0.277,0.071,531.192,531.645,1453,2986
592,0.197,469.771,306.616,776.693,1454,2989
593,0.094,0.101,611.793,612.08,1454,2989
594,0.192,944.18,377.942,1322.43,1456,2993
595,0.231,0.08,488.007,488.41,1456,2993
596,0.141,0.095,401.35,401.678,1456,2993
597,0.967,0.286,1075.38,1076.74,1456,2993
598,0.231,2110.75,88.645,2199.72,1460,3001
599,0.19,1670.79,389.306,2060.38,1462,3005
600,0.313,0.139,637.779,638.334,1462,3005
601,174.318,1239.68,377.924,1792.05,1464,3009
602,0.292,896.508,373.689,1270.61,1466,3013
603,0.153,2200.51,73.48,2274.24,1470,3021
604,0.262,2806.28,374.457,3181.09,1474,3029
605,155.627,2278.18,85.102,2519.05,1478,3037
606,148.91,1069.37,410.658,1629.05,1480,3041
607,150.341,1086.05,326.021,1562.52,1482,3045
608,0.157,0.05,621.091,621.393,1482,3045
609,0.142,2700.33,402.368,3102.94,1486,3053
610,0.387,4347.28,315.101,4662.89,1492,3065
611,0.392,0.203,688.777,689.475,1492,3065
612,0.195,2347.39,331.441,2679.14,1496,3073
613,187.807,3122.79,330.01,3640.73,1500,3081
614,0.325,2121.46,85.716,2207.59,1504,3089
615,0.202,2320.98,298.712,2619.99,1508,3097
616,0.216,1569.38,87.025,1656.71,1511,3104
617,0.172,0.206,374.787,375.259,1511,3104
618,0.132,4413.12,372.041,4785.4,1517,3116
619,0.197,0.144,626.604,627.038,1517,3116
620,0.134,982.664,396.034,1378.93,1519,3120
621,0.211,0.091,625.26,625.654,1519,3120
622,0.172,0.24,647.398,647.903,1519,3120
623,0.151,4312.18,392.14,4704.56,1525,3132
624,0.383,0.091,399.571,400.145,1525,3132
625,0.163,1013.62,398.59,1412.47,1527,3136
626,0.177,549.437,399.039,948.759,1528,3139
627,0.195,2359.55,351.784,2711.64,1532,3147
628,0.212,938.509,393.484,1332.3,1534,3151
629,217.621,1695.82,410.869,2324.43,1536,3155
630,0.282,4235.42,339.828,4575.63,1542,3167
631,0.374,978.331,387.941,1366.74,1544,3171
632,0.205,2134.03,97.683,2232.01,1548,3179
633,0.214,467.739,320.398,788.445,1549,3182
634,0.186,1691.95,512.096,2204.34,1551,3186
635,0.315,1096.92,432.029,1529.36,1553,3190
636,0.196,571.464,333.532,905.285,1554,3193
637,0.24,1005.3,491.381,1497.03,1556,3197
638,0.194,5791.84,355.974,6148.11,1564,3213
639,164.883,1141.61,398.074,1704.7,1566,3217
640,157.094,1014.29,363.236,1534.79,1568,3221
641,0.25,0.23,667.186,667.758,1568,3221
642,0.232,3623.43,346.502,3970.25,1574,3233
643,0.597,0.113,1163.08,1163.9,1574,3233
644,0.276,0.107,711.363,711.84,1574,3233
645,0.158,0.126,492.853,493.232,1574,3233
646,0.187,2711.92,90.805,2803.02,1577,3240
647,0.377,3798.17,334.352,4133,1583,3252
648,0.198,0.069,743.379,743.746,1583,3252
649,0.158,0.098,712.517,712.872,1583,3252
650,0.099,2377.15,346.366,2723.72,1587,3260
651,0.163,3102.38,95.58,3198.22,1591,3268
652,0.453,0.091,399.558,400.205,1591,3268
653,0.197,0.08,527.519,527.898,1591,3268
654,173.077,3514.9,86.834,3774.93,1597,3280
655,0.23,0.075,363.817,364.216,1597,3280
656,0.134,0.061,433.075,433.365,1597,3280
657,0.187,2210.86,86.394,2297.53,1601,3288
658,0.157,2065.51,487.665,2553.44,1603,3292
659,0.536,2445.83,340.384,2786.85,1607,3300
660,0.261,3875.78,357.259,4233.41,1613,3312
661,0.182,0.041,693.283,693.603,1613,3312
662,0.207,0.086,767.823,768.209,1613,3312
663,0.14,1329.94,375.643,1705.84,1614,3315
664,0.292,5423.82,468.571,5892.77,1622,3331
665,0.257,0.216,749.93,750.494,1622,3331
666,0.218,0.05,444.879,445.237,1622,3331
667,0.178,0.057,452.537,452.863,1622,3331
668,0.176,2762.48,99.773,2862.52,1626,3339
669,0.16,2141.78,307.232,2449.26,1629,3346
670,0.25,0.091,756.161,756.593,1629,3346
671,0.169,2852.37,373.265,3225.91,1633,3354
672,0.248,1202.11,438.139,1640.6,1635,3358
673,0.208,1201.41,402.867,1604.57,1637,3362
674,0.192,3836.09,102.779,3939.15,1643,3374
675,0.177,972.848,432.595,1405.71,1645,3378
676,688.389,1343.02,410.003,2441.53,1647,3382
677,0.16,974.147,456.414,1430.82,1649,3386
678,0.134,1227.29,385.607,1613.12,1651,3390
679,0.208,996.134,489.563,1486,1653,3394
680,0.27,1190.92,401.148,1592.43,1655,3398
681,0.259,0.041,1313.61,1314.04,1655,3398
682,0.372,3211.7,374.57,3586.74,1659,3406
683,0.266,2631.69,106.192,2738.24,1663,3414
684,0.213,1091.37,493.29,1584.98,1665,3418
685,0.291,0.15,1059.29,1059.84,1665,3418
686,0.144,2600.76,106.79,2707.84,1669,3426
687,0.149,0.236,764.246,764.726,1669,3426
688,1.023,4599.43,102.42,4702.97,1673,3434
689,0.516,0.159,1017.75,1018.52,1673,3434
690,0.165,4291.41,342.032,4633.7,1679,3446
691,0.571,5291.43,409.579,5701.69,1685,3458
692,0.218,1058.48,419.253,1478.06,1687,3462
693,0.258,1262.6,463.615,1726.57,1689,3466
694,0.282,0.124,789.419,789.919,1689,3466
695,0.157,0.165,715.744,716.169,1689,3466
696,0.184,1210.72,498.598,1709.59,1691,3470
697,0.139,948.627,466.29,1415.15,1693,3474
698,0.197,1021.44,437.082,1458.82,1695,3478
699,0.186,4893.05,420.466,5313.8,1701,3490
700,1.192,0.296,3061.63,3063.35,1701,3490
701,0.515,0.147,1724.43,1725.25,1701,3490
702,0.302,0.217,888.004,888.627,1701,3490
703,0.228,0.107,915.823,916.27,1701,3490
704,0.219,1345.14,511.463,1856.92,1703,3494
705,0.232,4663.84,412.703,5076.88,1709,3506
706,602.065,1305.61,436.335,2344.12,1711,3510
707,0.118,4183.9,690.269,4874.45,1717,3522
708,0.452,3292.57,1395.84,4689.02,1719,3526
709,0.357,0.163,494.624,495.245,1719,3526
710,0.177,3562.55,250.68,3813.5,1723,3534
711,0.423,4967.08,530.307,5497.91,1729,3546
712,0.249,1314.45,583.473,1898.29,1731,3550
713,0.268,1500.2,659.812,2160.39,1733,3554
714,0.371,0.119,746.264,746.904,1733,3554
715,0.252,0.061,819.515,819.922,1733,3554
716,0.258,4934.07,553.505,5487.93,1737,3562
717,0.446,1200.61,580.7,1781.86,1739,3566
718,0.278,0.115,940.9,941.392,1739,3566
719,0.196,0.052,563.182,563.53,1739,3566
720,0.128,0.161,860.589,860.977,1739,3566
721,0.19,733.437,358.183,1091.92,1740,3569
722,0.736,0.183,1259.54,1260.58,1740,3569
723,0.266,2748.13,430.025,3178.51,1744,3577
724,0.269,0.116,610.823,611.307,1744,3577
725,0.185,3066.65,125.718,3192.66,1748,3585
726,766.436,5243.36,128.716,6138.67,1754,3597
727,0.322,0.171,871.078,871.667,1754,3597
728,0.228,0.122,609.926,610.373,1754,3597
729,207.903,1233.42,484.573,1926.02,1756,3601
730,0.224,729.919,420.818,1151.05,1757,3604
731,0.217,5257.01,417.002,5674.33,1763,3616
732,0.344,0.105,947.481,948.032,1763,3616
733,0.332,1335.35,549.205,1885,1765,3620
734,0.284,1256.73,624.725,1881.84,1767,3624
735,0.32,1379.2,554.201,1933.82,1769,3628
736,0.426,4122.16,539.624,4662.31,1774,3639
737,0.248,2091.52,539.093,2631,1776,3643
738,0.334,4827.94,373.795,5202.16,1783,3658
739,0.201,0.063,550.035,550.392,1783,3658
740,0.091,1398.46,487.665,1886.31,1785,3662
741,0.19,2514.05,521.632,3035.98,1787,3666
742,0.329,6113.34,354.239,6468,1794,3681
743,0.293,1520.52,489.614,2010.53,1796,3685
744,0.238,1594.1,472.463,2066.9,1798,3689
745,0.269,4515.15,103.435,4618.95,1802,3697
746,0.333,1201.89,515.857,1718.18,1804,3701
747,0.209,1544.6,522.406,2067.31,1806,3705
748,0.203,3178.88,409.676,3588.86,1810,3713
749,0.223,1357.79,607.192,1965.31,1812,3717
750,1.157,0.184,1350.51,1351.99,1812,3717
751,0.18,0.083,1003.3,1003.68,1812,3717
752,0.209,4331.99,112.342,4444.64,1816,3725
753,0.454,1247.58,579.985,1828.12,1818,3729
754,0.267,4907.02,441.738,5349.12,1824,3741
755,903.44,4903.19,493.295,6300.19,1830,3753
756,0.443,3850.7,118.804,3970.07,1834,3761
757,0.301,5611.55,266.3,5878.33,1838,3769
758,1.25,4403.74,157.983,4563.11,1842,3777
759,300.086,1568.98,524.532,2393.71,1844,3781
760,0.214,0.08,832.375,832.789,1844,3781
761,0.204,4787.08,422.194,5209.58,1850,3793
762,0.228,4785.1,435.898,5221.34,1854,3801
763,0.28,3166.43,460.452,3627.28,1858,3809
764,0.252,3406.07,122.295,3528.71,1862,3817
765,0.383,3881.91,106.803,3989.19,1866,3825
766,0.348,0.077,918.021,918.541,1866,3825
767,0.19,5567.9,721.748,6289.94,1872,3837
768,0.352,3009.84,111.154,3121.45,1876,3845
769,0.347,0.267,564.812,565.526,1876,3845
770,0.214,2434.18,602.705,3037.2,1878,3849
771,0.31,0.072,1031.66,1032.14,1878,3849
772,0.22,0.197,987.962,988.531,1878,3849
773,0.458,1825.18,574.73,2400.49,1880,3853
774,0.348,1957.61,863.569,2821.67,1882,3857
775,1.014,4141.76,139.671,4282.54,1886,3865
776,0.27,0.197,1201.5,1202.06,1886,3865
777,0.911,1995.95,797.316,2794.27,1887,3868
778,0.251,0.121,848.505,849.006,1887,3868
779,0.27,0.104,1179.18,1179.65,1887,3868
780,1.044,1662.65,553.804,2217.62,1888,3871
781,0.311,8698.41,513.78,9212.6,1896,3887
782,0.258,0.162,929.804,930.32,1896,3887
783,0.229,1467.49,534.745,2002.57,1898,3891
784,0.253,0.143,952.804,953.296,1898,3891
785,0.274,0.081,936.929,937.379,1898,3891
786,0.244,0.1,936.714,937.152,1898,3891
787,0.186,3359.73,450.452,3810.47,1902,3899
788,0.287,818.46,524.407,1343.26,1903,3902
789,0.267,5807.77,557.566,6365.71,1908,3913
790,0.291,1615.26,698.421,2314.07,1910,3917
791,233.953,1333.55,722.001,2289.68,1912,3921
792,0.227,0.087,1118.81,1119.23,1912,3921
793,0.223,1593.82,569.203,2163.34,1914,3925
794,0.253,1646.96,578.48,2225.79,1916,3929
795,0.348,0.197,628.205,628.848,1916,3929
796,0.298,4576.7,141.54,4718.64,1920,3937
797,0.311,3732.17,108.733,3841.32,1924,3945
798,0.179,5896.59,648.25,6545.11,1930,3957
799,0.298,2523.95,708.546,3233,1932,3961
800,0.617,5301.91,588.041,5890.71,1937,3972
801,1.248,0.063,1169.68,1171.09,1937,3972
802,0.174,4075.65,105.831,4181.76,1941,3980
803,0.217,2383.24,586.181,2969.74,1943,3984
804,0.315,5369.84,494.006,5864.26,1949,3996
805,0.203,0.118,926.411,926.83,1949,3996
806,0.244,0.033,607.354,607.73,1949,3996
807,0.151,5314.41,477.706,5792.36,1955,4008
808,0.225,7002.9,601.756,7604.99,1961,4020
809,0.477,0.062,1044.94,1045.58,1961,4020
810,0.183,0.105,708.053,708.496,1961,4020
811,0.285,1658.52,718.09,2377,1963,4024
812,0.276,3548.36,120.803,3669.54,1967,4032
813,0.232,6736.3,617.719,7354.39,1973,4044
814,1.042,0.285,1872.69,1874.17,1973,4044
815,0.24,4307.6,704.332,5012.3,1977,4052
816,1.018,3006.4,668.744,3676.28,1979,4056
817,0.301,4344.86,458.28,4803.6,1983,4064
818,0.265,1572.21,530.169,2102.74,1985,4068
819,218.113,1302.68,568.913,2089.84,1987,4072
820,0.18,0.159,1101.2,1101.64,1987,4072
821,0.141,1651.39,560.022,2211.67,1989,4076
822,0.939,0.323,1536.03,1537.39,1989,4076
823,0.218,0.083,488.461,488.854,1989,4076
824,0.138,4301.26,511.091,4812.61,1993,4084
825,0.229,0.163,759.426,759.911,1993,4084
826,0.206,7403.88,789.346,8193.54,1999,4096
827,0.412,4749.98,571.272,5321.77,2003,4104
828,0.234,0.127,1082.89,1083.35,2003,4104
829,0.305,9033.9,540.496,9574.81,2011,4120
830,1.212,2595.11,739.49,3335.91,2013,4124
831,476.565,2603.99,669.634,3750.34,2015,4128
832,0.355,1927.66,580.037,2508.15,2017,4132
833,0.37,0.102,986.4,986.973,2017,4132
834,0.274,0.146,1474.82,1475.34,2017,4132
835,0.311,0.138,914.152,914.7,2017,4132
836,0.336,0.103,675.379,675.917,2017,4132
837,0.208,770.096,1417.36,2187.85,2018,4135
838,0.317,0.202,658.6,659.224,2018,4135
839,0.156,5907.68,150.361,6058.29,2024,4147
840,0.289,1612.18,631.567,2244.13,2026,4151
841,0.138,0.13,1097.59,1097.95,2026,4151
842,0.215,1598.93,560.961,2160.23,2028,4155
843,0.217,7258.36,556.466,7815.14,2034,4167
844,0.319,3872.96,548.007,4421.41,2038,4175
845,0.209,1304.63,543.347,1848.28,2040,4179
846,0.35,0.237,1317.21,1317.89,2040,4179
847,0.169,4781.01,511.267,5292.55,2044,4187
848,0.385,0.035,750.603,751.122,2044,4187
849,0.13,5775.24,488.168,6263.64,2049,4198
850,0.717,4044.36,492.511,4537.7,2053,4206
851,0.258,4711.19,698.502,5410.05,2057,4214
852,0.343,3415.86,702.34,4118.67,2061,4222
853,0.165,1421.65,547.386,1969.29,2063,4226
854,0.195,1167,440.305,1607.6,2064,4229
855,0.23,0.168,1139.8,1140.3,2064,4229
856,0.923,2239.3,592.261,2832.58,2066,4233
857,0.385,0.174,1014.58,1015.24,2066,4233
858,0.38,3626.24,972.651,4599.42,2068,4237
859,0.554,4467.6,556.294,5024.57,2072,4245
860,254.001,1524.84,536.701,2315.66,2074,4249
861,0.25,1883.04,584.532,2467.92,2076,4253
862,0.116,3575.43,1328.47,4904.17,2080,4261
863,0.326,0.107,969.819,970.361,2080,4261
864,0.242,0.13,1128.64,1129.11,2080,4261
865,0.304,0.063,801.967,802.429,2080,4261
866,0.225,6217.82,550.822,6768.96,2086,4273
867,0.282,4293.17,145.317,4438.87,2090,4281
868,0.243,7288.77,573.445,7862.56,2096,4293
869,0.807,4507.29,128.895,4637.1,2100,4301
870,0.216,1605.05,585.929,2191.29,2102,4305
871,0.319,0.193,839.579,840.196,2102,4305
872,0.19,7101.89,730.398,7832.57,2108,4317
873,0.356,0.104,947.754,948.312,2108,4317
874,0.215,6880.7,629.395,7510.41,2114,4329
875,0.583,6610.88,549.039,7160.61,2120,4341
876,0.291,5309.29,568.598,5878.31,2124,4349
877,0.329,0.116,979.001,979.54,2124,4349
878,0.163,0.144,611.477,611.876,2124,4349
879,287.503,1833.19,603.132,2723.96,2126,4353
880,236.502,3944.48,540.857,4721.95,2130,4361
881,0.205,1431.86,627.274,2059.44,2132,4365
882,0.229,0.16,1135.22,1135.74,2132,4365
883,0.358,0.238,1090.75,1091.48,2132,4365
884,0.179,4518.1,472.827,4991.24,2136,4373
885,0.383,3909.2,133.078,4042.76,2140,4381
886,0.225,4060.64,477.092,4538.05,2144,4389
887,0.214,5389.34,639.757,6029.43,2148,4397
888,0.335,7127,905.221,8032.76,2154,4409
889,0.408,0.112,997.298,997.92,2154,4409
890,0.198,4274.06,160.141,4434.51,2158,4417
891,0.554,0.177,1202.74,1203.62,2158,4417
892,0.326,11277.2,772.431,12050.1,2168,4437
893,0.262,3660.21,102.229,3762.79,2172,4445
894,0.216,4691.11,560.942,5252.36,2176,4453
895,0.32,6066.57,139.144,6206.13,2182,4465
896,0.326,4501.9,134.264,4636.59,2186,4473
897,0.328,4225.15,137.376,4362.96,2190,4481
898,0.295,2052.83,680.905,2734.13,2192,4485
899,0.251,11688.1,585.481,12274,2202,4505
900,0.915,0.214,2176.26,2177.54,2202,4505
901,0.27,6608.33,660.261,7268.97,2207,4516
902,0.412,14229.6,665.452,14895.6,2217,4536
903,0.452,6020.2,415.901,6436.8,2221,4544
904,0.574,0.091,3474.96,3475.84,2221,4544
905,285.671,2381.78,612.839,3280.41,2223,4548
906,301.227,7477.12,146.402,7924.87,2229,4560
907,291.96,2496.71,1030.5,3819.36,2231,4564
908,0.437,0.157,1011.19,1011.88,2231,4564
909,0.247,10710.1,630.918,11341.4,2240,4583
910,0.347,7987.41,558.544,8546.48,2246,4595
911,0.294,2058.66,693.779,2752.83,2248,4599
912,0.286,8147.24,763.258,8910.93,2254,4611
913,0.437,0.193,1278,1278.74,2254,4611
914,1007.59,8638.92,761.434,10408.2,2258,4619
915,0.369,0.163,796.161,796.814,2258,4619
916,1.182,3111.69,1666.01,4779.11,2260,4623
917,1.083,0.309,1748.03,1749.53,2260,4623
918,0.279,5617.69,498.769,6116.84,2264,4631
919,0.334,0.151,1440.51,1441.2,2264,4631
920,0.272,0.131,1068.49,1068.99,2264,4631
921,0.164,0.037,824.571,824.869,2264,4631
922,0.241,0.063,989.764,990.169,2264,4631
923,0.233,4575.81,160.024,4736.22,2268,4639
924,881.704,2786.73,784.205,4452.82,2270,4643
925,451.702,2333.32,798.974,3584.16,2272,4647
926,0.382,1846.8,779.354,2626.64,2274,4651
927,0.266,5131.37,562.909,5694.66,2278,4659
928,0.35,4135.87,185.974,4322.29,2282,4667
929,0.237,0.067,1292.64,1293.05,2282,4667
930,0.18,6420.35,214.747,6635.43,2286,4675
931,0.494,0.188,1245.56,1246.34,2286,4675
932,0.266,4653.28,179.741,4833.39,2290,4683
933,0.425,4163.7,667.543,4831.82,2294,4691
934,0.322,7522.87,591.844,8115.13,2300,4703
935,0.388,0.156,1590.26,1591.01,2300,4703
936,0.241,1812.15,683.427,2495.93,2302,4707
937,286.426,1825.07,692.559,2804.21,2304,4711
938,0.241,4774.79,145.589,4920.72,2308,4719
939,0.277,845.168,509.587,1355.13,2309,4722
940,0.139,3740.59,826.466,4567.3,2311,4726
941,0.5,6695.52,1086.21,7782.39,2315,4734
942,0.366,3131.3,1137.61,4269.38,2317,4738
943,0.277,0.111,2032.12,2032.61,2317,4738
944,0.287,4050.4,541.473,4592.26,2321,4746
945,0.222,9084.28,593.172,9677.77,2327,4758
946,0.304,6784.1,644.33,7428.84,2333,4770
947,0.409,11419.6,562.49,11982.6,2343,4790
948,0.348,10289.5,763.479,11053.5,2351,4806
949,0.444,0.134,987.089,987.826,2351,4806
950,0.89,0.14,1806.48,1807.68,2351,4806
951,0.358,7423.38,707.418,8131.25,2355,4814
952,0.314,1876.86,748.166,2625.45,2357,4818
953,0.263,0.122,1034.89,1035.37,2357,4818
954,0.263,2137.15,1649.15,3786.72,2359,4822
955,0.443,1965.65,755.835,2722.03,2361,4826
956,0.46,1929.61,860.527,2790.69,2363,4830
957,1.525,0.142,2219.39,2221.25,2363,4830
958,0.294,3704.09,1035.49,4740.08,2365,4834
959,337.72,2111.19,793.672,3242.7,2367,4838
960,0.191,11437.9,703.387,12141.5,2377,4858
961,0.32,6236.06,167.043,6403.52,2381,4866
962,355.165,2950.96,763.064,4069.34,2383,4870
963,311.52,3058.79,900.42,4270.94,2385,4874
964,294.822,2325.85,926.415,3547.24,2387,4878
965,0.239,1062.79,657.912,1721.16,2388,4881
966,0.38,7883.58,691.264,8575.37,2393,4892
967,0.647,3401.91,1446.5,4849.28,2395,4896
968,312.314,2831.54,1104.27,4248.39,2397,4900
969,0.676,3218.05,1077.23,4296.12,2399,4904
970,0.614,0.118,2128.3,2129.24,2399,4904
971,354.486,2240.63,842.651,3437.89,2401,4908
972,0.334,5641.41,190.896,5832.75,2405,4916
973,0.482,6557.14,1217.67,7775.51,2409,4924
974,0.309,2874.67,1394.2,4269.28,2411,4928
975,0.27,15034.4,663.854,15698.6,2419,4944
976,0.363,8229.37,714.95,8944.82,2425,4956
977,0.206,0.087,1458.28,1458.72,2425,4956
978,334.831,3309.17,1616.31,5260.56,2427,4960
979,0.271,0.161,2116.19,2116.77,2427,4960
980,0.229,0.095,901.793,902.306,2427,4960
981,0.252,0.08,2134.12,2134.65,2427,4960
982,0.27,0.113,978.963,979.504,2427,4960
983,0.244,0.104,1527.47,1527.91,2427,4960
984,0.215,14041,668.56,14709.9,2437,4980
985,0.416,6958.66,734.221,7693.4,2443,4992
986,0.289,2264.25,1255.78,3520.52,2445,4996
987,0.286,4363.1,659.24,5022.78,2449,5004
988,0.305,2034.62,1298.89,3333.91,2451,5008
989,0.34,4465.95,775.811,5242.21,2455,5016
990,0.301,0.086,1352.72,1353.21,2455,5016
991,593.735,2542.06,936.813,4072.77,2457,5020
992,0.385,4770.89,228.197,4999.62,2461,5028
993,0.341,9626.92,1105.86,10733.3,2467,5040
994,0.338,0.185,2118.42,2119.04,2467,5040
995,0.312,4805.81,643.182,5449.4,2471,5048
996,826.211,2497.6,870.292,4194.28,2473,5052
997,311.888,2935.96,1053.21,4301.29,2475,5056
998,0.296,0.147,2329.5,2330.19,2475,5056
999,0.467,19168.1,969.607,20138.4,2485,5076
1000,0.859,0.195,2359.36,2360.61,2485,5076
1001,0.437,0.114,781.268,781.915,2485,5076
1002,0.31,0.116,710.308,710.833,2485,5076
1003,0.177,5420.13,220.226,5640.7,2489,5084
1004,0.375,7047.24,367.867,7415.63,2493,5092
1005,0.43,0.148,1649.13,1649.81,2493,5092
1006,0.347,14620.1,1245.81,15866.5,2501,5108
1007,0.334,6519.19,170.935,6690.55,2505,5116
1008,0.428,2080.56,1409.12,3490.31,2507,5120
1009,0.621,0.18,1444.15,1445.16,2507,5120
1010,0.537,3197.33,1243.55,4441.63,2509,5124
1011,0.487,3195.03,951.506,4147.18,2511,5128
1012,0.288,6492.73,227.068,6720.19,2515,5136
1013,362.64,3422.56,1100.29,4885.75,2517,5140
1014,0.39,0.171,1563.54,1564.2,2517,5140
1015,0.314,0.1,1286.99,1287.5,2517,5140
1016,0.332,5782.23,401.693,6184.41,2521,5148
1017,0.407,2711.17,849.837,3561.51,2523,5152
1018,0.234,14175,1016.12,15191.4,2531,5168
1019,361.748,2903.44,1494.63,4760,2533,5172
1020,315.501,2275.08,848.442,3439.14,2535,5176
1021,0.253,4990.81,694.947,5686.11,2539,5184
1022,0.319,7877.48,394.388,8272.39,2543,5192
1023,0.367,0.126,1582.18,1582.83,2543,5192
1024,0.338,0.088,2149.04,2149.56,2543,5192
1025,306.021,2983.08,830.108,4119.36,2545,5196
1026,527.215,4467.27,1352.93,6347.68,2547,5200
1027,0.316,3427.18,976.102,4403.74,2549,5204
1028,0.264,7158.61,779.08,7938.1,2553,5212
1029,0.45,0.09,1182.43,1183.06,2553,5212
1030,0.242,8077.29,181.546,8259.18,2557,5220
1031,407.579,3201.11,1075.67,4684.6,2559,5224
1032,0.375,0.069,2535.91,2536.85,2559,5224
1033,0.423,1542.16,1146.98,2689.76,2560,5227
1034,0.324,0.128,1686.71,1687.35,2560,5227
1035,0.305,0.096,1730.76,1731.36,2560,5227
1036,0.276,0.158,1639.11,1639.65,2560,5227
1037,0.267,2474.53,1042.55,3517.44,2562,5231
1038,0.431,3499.18,2001.73,5501.49,2564,5235
1039,0.635,3270.34,1530.04,4801.23,2566,5239
1040,0.329,13587.6,933.275,14521.3,2572,5251
1041,0.352,8651.9,333.672,8986.1,2576,5259
1042,0.344,11813.4,783.643,12597.5,2582,5271
1043,0.344,7892.05,742.279,8634.77,2588,5283
1044,0.353,0.104,1694.24,1694.8,2588,5283
1045,0.215,15610.2,659.072,16269.5,2598,5303
1046,0.404,25646.3,1002.33,26649.2,2612,5331
1047,0.475,3665.49,1590.42,5256.59,2614,5335
1048,0.246,22563,809.607,23373,2624,5355
1049,0.376,13737.3,825.302,14563.1,2630,5367
1050,0.28,13814,1199.54,15014,2636,5379
1051,0.485,6537.45,939.004,7477.08,2639,5386
1052,0.188,1950.9,727.041,2678.22,2640,5389
1053,0.23,20581,1536.16,22117.6,2650,5409
1054,352.03,3108.98,1555.53,5016.78,2652,5413
1055,0.277,3510.02,1466.33,4976.84,2654,5417
1056,0.279,12947.1,1408.19,14355.8,2660,5429
1057,715.684,8823.03,426.137,9965.11,2664,5437
1058,0.39,0.204,2606.8,2607.62,2664,5437
1059,0.261,19398.1,873.987,20272.5,2672,5453
1060,0.471,3153.65,1670.24,4824.51,2674,5457
1061,1141.4,3525.14,907.334,5574.07,2676,5461
1062,0.391,0.099,1621.83,1622.42,2676,5461
1063,0.307,8253.24,1090.89,9344.63,2680,5469
1064,0.306,13790,1419.59,15210.1,2686,5481
1065,651.652,3784.44,1478.01,5914.35,2688,5485
1066,0.336,5890.85,1153.38,7044.72,2691,5492
1067,0.32,0.091,2324.61,2325.18,2691,5492
1068,421.044,8787.46,1107.92,10316.6,2695,5500
1069,0.316,0.089,1684.3,1684.86,2695,5500
1070,0.266,0.16,2584.39,2585.03,2695,5500
1071,0.373,0.17,2624.66,2625.41,2695,5500
1072,0.257,14273.6,1066.19,15340.3,2701,5512
1073,0.547,9223.67,1399.49,10623.9,2705,5520
1074,0.381,16258.1,1471.39,17730.1,2713,5536
1075,0.33,13112.9,937.469,14050.9,2719,5548
1076,0.55,3657.39,1646.11,5304.21,2721,5552
1077,0.242,3619.57,1703.94,5323.9,2723,5556
1078,0.306,3069,946.034,4015.44,2725,5560
1079,0.263,0.114,1140.28,1140.76,2725,5560
1080,0.27,14861.6,808.88,15670.8,2733,5576
1081,355.771,4183.15,1279.78,5818.97,2735,5580
1082,0.438,0.24,1793.89,1794.73,2735,5580
1083,0.268,8029.34,235.971,8265.74,2739,5588
1084,0.256,2877.64,1021.25,3899.26,2741,5592
1085,0.245,0.156,2588.22,2588.77,2741,5592
1086,0.322,0.065,1744.33,1744.92,2741,5592
1087,0.358,24939.4,1471.02,26411,2751,5612
1088,0.52,4482.07,1643,6125.74,2753,5616
1089,333.245,6725.26,230.928,7289.56,2757,5624
1090,0.314,5293.31,1179.99,6473.73,2759,5628
1091,0.561,2995.79,1217.81,4214.31,2761,5632
1092,0.334,0.147,1624.11,1624.81,2761,5632
1093,424.778,8989.32,460.902,9875.24,2765,5640
1094,0.554,0.175,3328.11,3329.03,2765,5640
1095,10.261,4323.07,1844.3,6177.83,2767,5644
1096,0.434,4226.91,1319.94,5547.49,2769,5648
1097,0.418,9691.4,868.428,10560.4,2773,5656
1098,0.948,0.065,3128.2,3129.43,2773,5656
1099,0.385,20413.5,1495.83,21910,2783,5676
1100,0.923,3596.55,846.138,4443.7,2785,5680
1101,0.295,4388.06,1361.64,5750.16,2787,5684
1102,0.505,3586.48,1817.72,5404.87,2789,5688
1103,0.283,17645,1083.9,18729.3,2797,5704
1104,0.245,4158.34,1602.21,5760.93,2799,5708
1105,0.346,7378,1247.22,8625.67,2803,5716
1106,0.446,21923.1,1305.55,23229.3,2813,5736
1107,391.226,3452.82,1374.28,5218.59,2815,5740
1108,0.555,11770.5,428.353,12199.6,2820,5751
1109,0.531,17743,781.887,18525.6,2830,5771
1110,0.253,0.082,1762.07,1762.51,2830,5771
1111,0.265,0.113,1627.6,1628.09,2830,5771
1112,0.264,0.076,1746.94,1747.39,2830,5771
1113,0.292,3783.48,1156.2,4940.13,2832,5775
1114,0.306,0.163,2020.24,2020.86,2832,5775
1115,0.416,8884.75,950.451,9835.74,2836,5783
1116,0.324,8473.6,1436.96,9911.05,2840,5791
1117,0.312,4824.53,1667.81,6492.81,2842,5795
1118,0.594,3866.97,1222.04,5089.76,2844,5799
1119,0.434,3614.68,1131.98,4747.22,2846,5803
1120,0.346,0.129,2489.87,2490.51,2846,5803
1121,0.215,15263.1,967.269,16230.7,2853,5818
1122,0.335,22255.8,1508.57,23764.9,2861,5834
1123,0.443,18668.8,1221.23,19890.6,2869,5850
1124,0.37,4943.76,1501.81,6446.11,2871,5854
1125,426.764,4111.07,1377.23,5915.2,2873,5858
1126,0.405,8895.99,1077.96,9974.5,2877,5866
1127,0.412,0.25,2613.18,2613.99,2877,5866
1128,388.452,8999.26,424.928,9812.84,2881,5874
1129,0.345,12792,1355.15,14147.7,2887,5886
1130,0.274,0.215,1958.96,1959.56,2887,5886
1131,1.144,3461.8,1730.33,5193.43,2889,5890
1132,0.528,0.196,2116.43,2117.31,2889,5890
1133,0.19,0.091,2701.94,2702.38,2889,5890
1134,376.552,3887.27,1763.87,6027.86,2891,5894
1135,0.255,3368.04,1357.79,4726.2,2893,5898
1136,0.328,0.111,2538.96,2539.55,2893,5898
1137,0.251,0.134,1553.86,1554.41,2893,5898
1138,0.429,3349.21,1600.51,4950.29,2895,5902
1139,0.19,27955.1,1490.61,29446.1,2905,5922
1140,0.518,3855.99,1460.57,5317.22,2907,5926
1141,0.425,12219.6,1246.66,13466.8,2911,5934
1142,0.391,8287.98,1077.13,9365.67,2914,5941
1143,0.336,4583.86,1322.61,5907.01,2916,5945
1144,0.492,25122.4,915.069,26038.1,2926,5965
1145,0.475,0.091,1234.43,1235.12,2926,5965
1146,0.29,0.198,1725.97,1726.58,2926,5965
1147,0.286,3327.32,1707.23,5035,2928,5969
1148,0.308,3571.43,994.554,4566.41,2930,5973
1149,0.202,4167.23,1884.88,6052.52,2932,5977
1150,0.607,5008.1,1585.09,6594,2934,5981
1151,0.31,9770.52,1020.6,10791.6,2938,5989
1152,0.508,0.072,2448.21,2448.99,2938,5989
1153,0.34,0.079,1789.45,1790.08,2938,5989
1154,0.328,4590.82,1303.63,5894.93,2940,5993
1155,0.24,6047.97,217.346,6265.67,2944,6001
1156,0.29,2526.19,1625.82,4152.45,2946,6005
1157,0.221,18836.9,1466.47,20303.7,2954,6021
1158,0.482,10630.2,485.212,11116.1,2958,6029
1159,0.471,3935.29,2025.11,5961.07,2960,6033
1160,423.523,4888.57,1383.78,6696.13,2962,6037
1161,0.437,4119.93,1684.21,5804.77,2964,6041
1162,0.339,3363.42,1812.31,5176.27,2966,6045
1163,0.4,0.192,2826.43,2827.22,2966,6045
1164,0.405,0.097,2127.83,2128.53,2966,6045
1165,1032.57,4920.18,1844.69,7797.67,2968,6049
1166,1.09,0.316,3507.43,3508.99,2968,6049
1167,367.968,9390.89,250.211,10009.2,2972,6057
1168,0.285,0.076,2632.25,2632.76,2972,6057
1169,0.28,0.15,2322.19,2322.78,2972,6057
1170,0.312,0.12,2008.73,2009.32,2972,6057
1171,0.191,0.137,1336.75,1337.21,2972,6057
1172,0.236,14981.5,1230.64,16212.5,2978,6069
1173,0.188,25853,1482.5,27335.9,2988,6089
1174,459.64,4502.58,1843.91,6806.39,2990,6093
1175,0.391,0.24,3241.65,3242.49,2990,6093
1176,1.357,11101.6,1482.11,12585.3,2994,6101
1177,0.971,26745.8,1050.08,27797,3004,6121
1178,1.248,12827.6,534.111,13363.1,3008,6129
1179,0.464,4657.24,2014.86,6672.77,3010,6133
1180,0.343,10666.2,1520.49,12187.3,3014,6141
1181,0.543,0.147,2540.48,2541.38,3014,6141
1182,0.648,0.141,3373.31,3374.31,3014,6141
1183,0.53,0.13,2286.37,2287.24,3014,6141
1184,0.264,21496.2,1464.27,22961,3022,6157
1185,0.454,0.148,3257.65,3258.46,3022,6157
1186,0.442,18298.6,1482.12,19781.4,3028,6169
1187,0.392,4226.25,1742.18,5969.03,3030,6173
1188,0.56,4289.81,1552.51,5843.08,3032,6177
1189,0.426,10408.7,1469.82,11879.2,3036,6185
1190,0.385,4317.51,1563.31,5881.41,3038,6189
1191,0.307,17458.1,555.577,18014.2,3044,6201
1192,1.34,5448.29,2234.06,7683.9,3046,6205
1193,455.151,5280.78,1905.15,7641.38,3048,6209
1194,0.47,0.099,2890.21,2891,3048,6209
1195,0.481,5163.12,1696.17,6859.98,3050,6213
1196,0.617,5074.02,2090.7,7165.57,3052,6217
1197,0.552,0.207,3308.41,3309.38,3052,6217
1198,0.375,11283.5,1574.1,12858.1,3056,6225
1199,0.394,15179.4,1191.91,16371.9,3062,6237
1200,1.181,0.356,3292.21,3293.95,3062,6237
1201,0.33,0.055,2624.38,2624.97,3062,6237
1202,0.273,0.224,3805.15,3805.81,3062,6237
1203,0.351,22129.1,1166.51,23296.1,3070,6253
1204,0.44,0.145,1810.15,1810.89,3070,6253
1205,437.624,4007.94,1781.52,6227.25,3072,6257
1206,372.472,3866.8,1677.96,5917.41,3074,6261
1207,0.324,0.125,3099.48,3100.08,3074,6261
1208,0.269,0.126,2297.68,2298.23,3074,6261
1209,0.285,0.124,1712.71,1713.28,3074,6261
1210,376.573,3633.69,1886.33,5896.8,3076,6265
1211,0.227,9445.53,228.306,9674.18,3080,6273
1212,0.206,10197.5,277.321,10475.2,3084,6281
1213,0.403,9719.62,1698.36,11418.6,3088,6289
1214,0.354,15744.3,1646.13,17391,3093,6300
1215,0.372,12530.9,457.793,12989.2,3097,6308
1216,0.577,0.182,3831.17,3832.14,3097,6308
1217,0.496,5550.73,2244.03,7795.47,3099,6312
1218,0.27,0.164,4032.89,4033.54,3099,6312
1219,0.296,12422.5,1646.51,14069.5,3103,6320
1220,0.358,5759.39,2700.09,8460.06,3105,6324
1221,0.32,0.173,2017.59,2018.3,3105,6324
1222,0.312,12309.4,377.693,12687.6,3109,6332
1223,0.313,0.098,4036.61,4037.24,3109,6332
1224,0.364,0.122,3096.81,3097.51,3109,6332
1225,0.191,0.143,3188.38,3188.92,3109,6332
1226,1121.41,4831.44,1861.47,7814.53,3111,6336
1227,0.677,0.128,2959.88,2960.85,3111,6336
1228,0.997,23818.2,1592.55,25412,3119,6352
1229,0.418,3577.1,1821.96,5399.69,3121,6356
1230,1.163,6126.21,2504.41,8632.02,3123,6360
1231,0.652,31820,1123.88,32944.7,3135,6384
1232,0.565,9984.66,278.749,10264.1,3139,6392
1233,0.295,13905,1874.23,15779.8,3143,6400
1234,0.577,4517.28,2117.23,6635.31,3145,6404
1235,0.344,5334.85,2188.31,7523.71,3147,6408
1236,0.51,19178.8,1732.32,20911.8,3153,6420
1237,0.35,10770.4,1889.43,12660.4,3156,6427
1238,0.787,12617.7,1803.88,14422.6,3160,6435
1239,0.296,27083.2,1669.83,28753.6,3169,6454
1240,0.409,5525.99,2100.45,7627.05,3171,6458
1241,0.586,30940.2,1748.39,32689.3,3181,6478
1242,0.349,0.134,3923.99,3924.69,3181,6478
1243,0.355,10090.3,538.252,10629.1,3184,6485
1244,0.402,11685.8,302.593,11988.9,3188,6493
1245,456.201,11073.9,337.724,11868,3192,6501
1246,427.772,4321.59,2058.59,6808.17,3194,6505
1247,0.377,0.198,3723.73,3724.46,3194,6505
1248,0.406,0.13,3120.85,3121.54,3194,6505
1249,0.413,25862.3,1376.45,27239.4,3202,6521
1250,531.125,4891.42,1672.52,7095.24,3204,6525
1251,0.868,23997.3,1599.95,25598.3,3212,6541
1252,0.983,0.154,3907.26,3908.58,3212,6541
1253,0.529,17144.8,1733.62,18879.2,3218,6553
1254,433.992,2390.06,1326.25,4150.56,3219,6556
1255,0.243,0.149,2627.45,2628.04,3219,6556
1256,0.295,9657.59,1188.72,10846.8,3223,6564
1257,0.461,0.106,3910.95,3911.72,3223,6564
1258,0.507,20623.8,1770.95,22395.5,3229,6576
1259,0.554,0.137,2277.62,2278.53,3229,6576
1260,0.41,16365.4,1153.21,17519.1,3235,6588
1261,0.422,17929.5,1528.47,19458.6,3241,6600
1262,0.378,9641.27,268.7,9910.46,3244,6607
1263,0.474,17925.7,1148.59,19074.9,3250,6619
1264,0.259,10044,2013.01,12057.5,3254,6627
1265,0.438,26463.8,1161.11,27625.5,3262,6643
1266,0.433,35728.8,2153.47,37882.9,3272,6663
1267,0.418,0.19,2787.8,2788.63,3272,6663
1268,0.381,0.153,3993.56,3994.29,3272,6663
1269,0.314,0.14,3722.21,3722.88,3272,6663
1270,0.49,0.16,3709.32,3710.18,3272,6663
1271,0.255,0.114,2136.21,2136.79,3272,6663
1272,0.291,4178.1,2106.24,6284.84,3274,6667
1273,0.262,29114.7,2047.91,31163,3282,6683
1274,0.559,13271.5,585.806,13858.1,3286,6691
1275,0.664,21818.9,1442.58,23262.3,3292,6703
1276,0.429,37368.5,1207.79,38576.9,3304,6727
1277,0.449,12938.8,398.665,13338,3308,6735
1278,0.626,0.106,3027.04,3027.93,3308,6735
1279,0.323,6053.81,1692,7746.28,3310,6739
1280,1234.21,5730.46,2368.78,9333.67,3312,6743
1281,0.222,30751.8,1886.59,32638.8,3322,6763
1282,0.278,0.138,4442.23,4442.85,3322,6763
1283,799.11,6385.91,2265.76,9451.07,3324,6767
1284,0.439,4975.84,2085.64,7062.13,3326,6771
1285,0.485,21053,445.589,21499.3,3332,6783
1286,544.644,5962,2270.28,8777.21,3334,6787
1287,0.708,26617.6,1622.64,28241.1,3342,6803
1288,0.573,29724.9,1625.65,31351.3,3352,6823
1289,0.342,19552.1,1931.14,21483.8,3358,6835
1290,0.444,0.24,2745.91,2746.8,3358,6835
1291,0.298,13124.9,1888.74,15014.1,3362,6843
1292,454.139,5302.34,2122.53,7879.23,3364,6847
1293,0.436,5504.46,2457.52,7962.63,3366,6851
1294,0.243,33761.9,1858.55,35620.9,3376,6871
1295,0.613,5126.26,2308.41,7435.49,3378,6875
1296,0.407,21556.8,2019.52,23577,3384,6887
1297,0.533,12918.5,1720.84,14640,3388,6895
1298,0.636,5701.69,2150.51,7852.99,3390,6899
1299,0.363,0.117,4129.16,4129.8,3390,6899
1300,1.452,19857.5,1659.05,21518.2,3396,6911
1301,0.53,0.12,2907.1,2907.97,3396,6911
1302,0.351,14516,1904.71,16421.2,3400,6919
1303,0.561,6378,2100.63,8479.35,3402,6923
1304,0.4,5430.79,2250.49,7681.83,3404,6927
1305,0.242,12888.7,1751.91,14641,3408,6935
1306,0.315,27642.9,1938.84,29582.3,3416,6951
1307,0.324,13102.7,2063.88,15167.1,3420,6959
1308,0.465,29740.5,2388.87,32130.1,3428,6975
1309,0.665,22742,655.788,23398.7,3434,6987
1310,0.483,6701.36,2329.86,9031.92,3436,6991
1311,0.324,0.147,3909.44,3910.12,3436,6991
1312,0.294,28656.1,2010.32,30666.9,3444,7009
1313,0.397,13940.8,1871.08,15812.4,3448,7017
1314,440.634,5570.53,2331.55,8342.91,3450,7021
1315,0.444,0.215,2974.05,2974.86,3450,7021
1316,0.302,5590.27,2003.47,7594.2,3452,7025
1317,0.295,22384.8,2213.82,24599.2,3458,7037
1318,0.438,0.117,4435.2,4435.95,3458,7037
1319,0.303,6231.51,2086.28,8318.31,3460,7041
1320,0.268,0.104,2734.23,2734.81,3460,7041
1321,0.369,0.166,3791.99,3792.72,3460,7041
1322,0.312,5904.15,2530.72,8435.38,3462,7045
1323,0.375,21671,1894.87,23566.5,3468,7057
1324,0.401,14420.3,412.431,14833.3,3472,7065
1325,0.571,13891.8,2150.19,16042.8,3476,7073
1326,0.434,13308,357.071,13665.7,3480,7081
1327,0.562,0.209,4365.9,4366.87,3480,7081
1328,0.311,19630.8,1492.89,21124.2,3486,7093
1329,0.457,0.235,3719.24,3720.08,3486,7093
1330,0.237,5215.06,2109.02,7324.48,3488,7097
1331,0.262,0.16,3991.83,3992.41,3488,7097
1332,0.494,11830.4,1352.56,13183.6,3492,7105
1333,718.825,6698.94,2480.97,9898.95,3494,7109
1334,0.535,0.129,4542.1,4542.97,3494,7109
1335,0.566,0.09,3717.4,3718.25,3494,7109
1336,0.331,14134.6,361.21,14496.3,3498,7117
1337,0.514,0.224,3548.71,3549.65,3498,7117
1338,0.332,5651.53,2643.81,8295.9,3500,7121
1339,0.391,28723.8,2180.94,30905.3,3508,7137
1340,0.486,6518.72,1780.67,8300.11,3510,7141
1341,0.297,0.12,4640.07,4640.69,3510,7141
1342,0.455,0.143,3635.92,3636.75,3510,7141
1343,0.255,23798.3,2235.07,26033.9,3516,7153
1344,0.329,28381,1787,30168.5,3524,7169
1345,0.416,23318.6,1521.55,24840.7,3530,7181
1346,0.506,13955.1,1923.08,15878.8,3534,7189
1347,0.386,0.223,4257.2,4257.96,3534,7189
1348,0.451,10776.1,402.958,11179.7,3537,7196
1349,0.293,23846.7,622.005,24469.3,3543,7208
1350,1.161,54409.9,1314.85,55726.1,3557,7236
1351,0.497,29677,1410.55,31088.2,3567,7256
1352,0.255,0.192,2974.62,2975.22,3567,7256
1353,0.296,29197.5,2070.43,31268.5,3575,7272
1354,0.857,0.115,4523.99,4525.18,3575,7272
1355,542.039,5693.14,3202.57,9437.99,3577,7276
1356,0.632,0.22,4715.46,4716.54,3577,7276
1357,0.39,0.342,3443.88,3444.81,3577,7276
1358,0.398,7514.76,3113.43,10628.8,3579,7280
1359,0.388,32055.1,1909.49,33965.2,3587,7296
1360,0.604,24452.7,2081.06,26534.5,3593,7308
1361,0.427,0.135,3481.47,3482.24,3593,7308
1362,0.391,44549.3,2102.61,46652.5,3605,7332
1363,0.6,21734.9,2165.03,23900.7,3611,7344
1364,0.357,42026.3,2785.11,44812,3621,7364
1365,0.648,21964,2449.9,24414.8,3626,7375
1366,0.411,29732.4,1454.31,31187.3,3634,7391
1367,0.321,26288.6,1564.52,27853.6,3642,7407
1368,0.301,0.205,4572.96,4573.62,3642,7407
1369,0.451,3303.78,1984.34,5288.73,3643,7410
1370,0.44,0.145,3500.41,3501.16,3643,7410
1371,0.485,0.197,4348.13,4348.97,3643,7410
1372,0.324,28639.7,2378.21,31018.4,3649,7422
1373,0.639,32197,2230.43,34428.3,3657,7438
1374,0.715,17051.4,2041.62,19094,3661,7446
1375,1.046,7235.5,2640.88,9877.64,3663,7450
1376,0.342,40368.2,1811.68,42180.4,3673,7470
1377,0.46,28579.8,1921.08,30501.5,3680,7485
1378,795.254,5591.88,2560.71,8948.02,3682,7489
1379,0.5,35214.7,1530.97,36746.3,3692,7509
1380,0.404,21674.9,2109.14,23784.6,3698,7521
1381,0.343,0.138,4896.9,4897.53,3698,7521
1382,0.257,0.222,2635.93,2636.56,3698,7521
1383,0.362,5627.35,2690.99,8318.86,3700,7525
1384,0.434,16635.6,530.171,17166.4,3704,7533
1385,0.597,43991.8,2258.99,46251.6,3714,7553
1386,0.887,14493.2,505.861,15000.1,3718,7561
1387,0.479,37726.4,2220.19,39947.2,3728,7581
1388,0.367,21490.8,2042.9,23534.3,3734,7593
1389,0.464,0.08,3569.39,3570.09,3734,7593
1390,0.363,0.19,3990.3,3991.01,3734,7593
1391,552.548,6059.54,2632.52,9244.78,3736,7597
1392,0.388,39542.3,2450.16,41993.1,3746,7617
1393,0.704,0.093,2987.37,2988.38,3746,7617
1394,0.345,16797.7,628.714,17426.9,3750,7625
1395,0.477,0.171,5238.22,5239.09,3750,7625
1396,0.431,7315,2994.62,10310.3,3752,7629
1397,0.306,34764,2337.03,37101.5,3760,7645
1398,0.624,23719.2,2248.52,25968.4,3766,7657
1399,0.964,15483.6,602.666,16087.4,3770,7665
1400,0.87,59815.4,2217.82,62034.3,3784,7693
1401,0.702,6308.19,2626.03,8935.12,3786,7697
1402,0.494,27768.2,2336.85,30105.8,3792,7709
1403,0.511,15876,593.572,16470.3,3796,7717
1404,1.346,28932.4,2791.25,31725.3,3802,7729
1405,715.288,18797.7,2073.31,21586.6,3806,7737
1406,0.846,28305.5,2285.36,30591.9,3812,7749
1407,1.295,0.238,4990.1,4991.84,3812,7749
1408,0.43,33872.3,2353.45,36226.3,3820,7765
1409,556.76,6720.58,2579,9856.5,3822,7769
1410,0.335,6696.32,2913.36,9610.17,3824,7773
1411,0.492,34267.7,2333.32,36601.7,3832,7789
1412,0.955,18296.6,2262.7,20560.5,3836,7797
1413,0.488,33915,2793.55,36709.5,3844,7813
1414,0.522,0.188,5527.13,5528.05,3844,7813
1415,0.389,0.134,5242.93,5243.65,3844,7813
1416,0.768,18170,2757.66,20928.6,3848,7821
1417,0.611,16701.3,368.307,17070.3,3852,7829
1418,2.534,24956.7,2382.38,27341.8,3858,7841
1419,0.763,54770.6,2381.97,57153.6,3870,7865
1420,0.392,48409.2,2186.18,50596,3880,7885
1421,0.688,16723.3,572.338,17296.5,3884,7893
1422,0.65,7193.36,4499.27,11693.5,3886,7897
1423,0.415,26793,2393.8,29187.4,3892,7909
1424,0.43,16391.3,1976.14,18368.1,3896,7917
1425,0.37,43101,2186.91,45288.5,3906,7937
1426,0.483,38595.7,2475.63,41072,3914,7953
1427,0.677,70851.6,2382.52,73235,3930,7985
1428,0.57,7866.21,3144.61,11011.6,3932,7989
1429,0.372,0.147,6597.24,6597.96,3932,7989
1430,1.032,0.157,5279.81,5281.22,3932,7989
1431,0.503,48407.3,2343.73,50751.6,3943,8012
1432,0.423,17468.5,716.042,18185.1,3947,8020
1433,0.537,27835.7,1812.81,29649.3,3953,8032
1434,0.33,82253.8,2793.87,85048.2,3971,8068
1435,1.108,7244.99,2402.51,9648.79,3973,8072
1436,0.372,27304.6,2352.31,29657.5,3979,8084
1437,0.61,0.233,5912.09,5913.14,3979,8084
1438,0.402,31280.2,2895.2,34176,3985,8096
1439,0.395,0.203,3956.67,3957.47,3985,8096
1440,1130.02,8589.42,3227.09,12946.8,3987,8100
1441,0.466,26065.4,2511.82,28577.9,3993,8112
1442,0.376,39665.8,1683.78,41350.1,4003,8132
1443,0.488,58645.4,2416.66,61062.7,4017,8160
1444,1.217,29991.4,2542.07,32534.9,4023,8172
1445,1.387,15575.5,503.417,16080.5,4027,8180
1446,1.286,19799.4,2550.67,22351.6,4031,8188
1447,1054.63,8752.51,3072.3,12879.7,4033,8192
1448,0.636,54243.9,2883.95,57128.7,4043,8212
1449,0.347,16996.2,2154.5,19151.2,4047,8220
1450,1.137,48513.9,2893.58,51408.8,4057,8240
1451,0.402,30868.9,589.616,31459.1,4063,8252
1452,0.682,7883.76,3073.71,10958.4,4065,8256
1453,0.311,18922.6,2333.15,21256.2,4069,8264
1454,0.637,33691.7,2701.28,36393.9,4077,8280
1455,0.709,18234.1,2653.42,20888.4,4081,8288
1456,0.512,41306.2,2676.22,43983.1,4089,8304
1457,0.577,9078.39,3327.93,12407.1,4091,8308
1458,0.623,39569.6,2559.19,42129.5,4099,8324
1459,0.485,7979.61,2713.91,10694.2,4101,8328
1460,0.245,6716.82,2945.18,9662.41,4103,8332
1461,0.409,7372.02,2814.85,10187.4,4105,8336
1462,0.498,44425.3,2318.82,46744.8,4115,8356
1463,1717.08,18329,2635.04,22681.4,4119,8364
1464,0.723,18672.4,2564.67,21238,4123,8372
1465,0.43,47742.8,2938,50681.4,4133,8392
1466,0.535,0.161,5590.95,5591.85,4133,8392
1467,0.42,32040,2424.53,34465.1,4139,8404
1468,0.725,8656.57,3569.29,12226.8,4141,8408
1469,0.396,50950.1,2499.81,53450.5,4151,8428
1470,742.988,8155.6,3057.34,11956.2,4153,8432
1471,0.515,32171.6,2777.6,34949.9,4159,8444
1472,0.462,19055.3,2208.19,21264.1,4163,8452
1473,0.542,44112.8,2324.4,46437.9,4173,8472
1474,0.265,0.18,5348.05,5348.67,4173,8472
1475,0.223,0.094,4078.29,4078.76,4173,8472
1476,1544.8,38023.9,2944.57,42513.6,4181,8488
1477,0.477,8607.97,3606.95,12215.6,4183,8492
1478,0.353,0.184,6345.37,6346.1,4183,8492
1479,0.437,20188.5,3021.68,23210.8,4187,8500
1480,0.525,20984.1,2823.24,23808.1,4191,8508
1481,0.476,27801,2824.86,30626.5,4197,8520
1482,0.538,8789.56,3207.22,11997.5,4199,8524
1483,1035.55,17932.5,2554.97,21523.2,4203,8532
1484,0.333,28345.1,2551.8,30897.4,4209,8544
1485,0.398,7723.38,3363.4,11087.3,4211,8548
1486,0.271,36625.1,2527.24,39152.8,4219,8564
1487,0.413,15225.3,716.218,15942.1,4222,8571
1488,0.572,0.152,4205.84,4206.77,4222,8571
1489,714.076,8825.14,3657.37,13196.9,4224,8575
1490,0.507,32080.7,2493.6,34575,4230,8587
1491,0.53,51210,2764.9,53975.7,4240,8607
1492,0.511,27421.6,2838.4,30260.7,4246,8619
1493,1469.37,7313.63,3100.36,11883.6,4248,8623
1494,0.419,17628.3,598.574,18227.5,4252,8631
1495,0.451,29129.4,556.445,29686.4,4258,8643
1496,0.255,0.115,5873.05,5873.58,4258,8643
1497,0.486,52376.5,2898.56,55275.8,4268,8663
1498,0.446,0.161,6167.73,6168.54,4268,8663
1499,658.307,8262.54,3542.5,12463.6,4270,8667
1500,0.346,0.098,3780.29,3780.96,4270,8667
1501,0.577,21277.3,2828.47,24106.6,4274,8675
1502,0.485,20430.6,2944.04,23375.4,4278,8683
1503,0.356,19015.7,611.514,19627.8,4282,8691
1504,0.43,8553.25,3649.77,12203.7,4284,8695
1505,0.26,33600.6,2503.73,36104.8,4291,8710
1506,0.443,8618.86,3525.86,12145.4,4293,8714
1507,0.692,33133.5,2985.21,36119.6,4299,8726
1508,0.585,20770,664.181,21435,4303,8734
1509,0.391,0.112,6343.74,6344.47,4303,8734
1510,0.475,23514.1,738.378,24253.1,4307,8742
1511,0.402,57677.7,2765.44,60443.7,4319,8766
1512,0.462,0.164,6255.98,6256.75,4319,8766
1513,0.531,0.083,4312.56,4313.33,4319,8766
1514,0.306,42256.9,2850.73,45108.2,4327,8782
1515,0.675,89306.3,3202.45,92509.6,4343,8814
1516,0.897,76930.2,2637.8,79569,4359,8846
1517,0.517,4079.99,2740.54,6821.21,4360,8849
1518,0.373,0.139,6469.18,6469.84,4360,8849
1519,0.339,7980.16,3298.06,11278.7,4362,8853
1520,0.296,53225.8,2941.64,56167.9,4372,8873
1521,0.856,8715.81,3552.92,12269.8,4374,8877
1522,0.454,33280.1,2458.61,35739.3,4380,8889
1523,0.475,30212.5,2632.09,32845.2,4386,8901
1524,0.416,50514.3,3127.04,53642,4396,8921
1525,0.427,0.127,6623.29,6624.05,4396,8921
1526,707.943,8463.84,3729.72,12901.8,4398,8925
1527,0.394,39950.1,2953.89,42904.6,4406,8941
1528,0.772,0.175,4496.22,4497.37,4406,8941
1529,0.305,20659.3,667.476,21327.2,4410,8949
1530,0.318,25451.8,2732.74,28185,4415,8960
1531,0.333,19160.2,2611.14,21771.9,4419,8968
1532,0.317,77606.1,3160.38,80767,4433,8996
1533,0.529,56739.2,2932.32,59672.3,4443,9016
1534,0.67,66894.6,2960.43,69855.8,4455,9040
1535,0.375,39550.8,2846.02,42397.4,4463,9056
1536,0.548,56882,2907.9,59790.7,4473,9076
1537,0.386,57330.6,3019.19,60350.4,4483,9096
1538,0.623,21869.6,698.625,22569.1,4487,9104
1539,0.503,80811.8,2260.39,83072.9,4503,9136
1540,0.5,30219.1,2912.65,33132.5,4509,9148
1541,0.546,0.181,5459.87,5460.75,4509,9148
1542,0.277,45144.1,734.38,45878.9,4517,9164
1543,0.545,22594.7,3068.07,25663.5,4521,9172
1544,0.423,21246.6,2488.33,23735.5,4525,9180
1545,0.994,34234.6,3113.43,37349.2,4531,9192
1546,769.171,9364.04,3892.19,14025.7,4533,9196
1547,0.335,68837.9,2897.47,71735.9,4545,9220
1548,0.42,0.093,6189.67,6190.4,4545,9220
1549,0.468,32456.7,3060.75,35518.1,4551,9232
1550,0.919,18898.7,2533.81,21433.6,4555,9240
1551,0.277,45305.5,3134.28,48440.3,4563,9256
1552,0.618,35360.7,773.316,36134.8,4569,9268
1553,1728.86,9219.41,3806.12,14754.7,4571,9272
1554,0.538,9240.15,3908.67,13149.6,4573,9276
1555,0.454,0.23,6854.62,6855.5,4573,9276
1556,0.55,0.086,5310.65,5311.48,4573,9276
1557,0.504,9351.42,3836.83,13189,4575,9280
1558,0.477,45216.9,3229.84,48447.4,4583,9296
1559,0.364,34158.5,778.446,34937.5,4589,9308
1560,0.427,0.112,5773.84,5774.57,4589,9308
1561,0.28,27583.2,2924.7,30508.3,4594,9319
1562,0.441,78932,3312.26,82244.9,4608,9347
1563,0.928,37137.4,767.405,37906,4614,9359
1564,0.743,83018.9,3293.2,86313.1,4628,9387
1565,0.587,0.093,7289.69,7290.57,4628,9387
1566,1700.75,19980.8,778.922,22460.7,4632,9395
1567,0.703,8683.43,3484.68,12169,4634,9399
1568,0.448,20195,3049.57,23245.1,4638,9407
1569,0.274,32018.4,707.233,32726.1,4644,9419
1570,0.493,108695,3243.31,111939,4662,9455
1571,0.605,92568.7,2814.58,95384,4678,9487
1572,0.544,51890.7,2689.25,54580.6,4688,9507
1573,0.312,0.183,6426.29,6426.94,4688,9507
1574,0.356,57878.1,771.423,58650.1,4698,9527
1575,0.595,24092.4,778.747,24872,4702,9535
1576,0.515,77261.3,3384.45,80646.5,4714,9559
1577,0.507,80956.5,3148.93,84106.1,4728,9587
1578,0.487,43125.3,3566.98,46692.9,4736,9603
1579,0.561,0.608,6787.23,6788.61,4736,9603
1580,0.404,19877.4,839.615,20717.6,4739,9610
1581,0.407,38509.3,3444.28,41954.2,4745,9622
1582,1.341,39390.6,913.952,40306.1,4751,9634
1583,0.652,37277.3,3428.15,40706.3,4757,9646
1584,0.807,102916,3162.05,106079,4773,9678
1585,0.603,0.184,7749.96,7750.95,4773,9678
1586,0.442,34280.2,3136.76,37417.6,4779,9690
1587,0.521,62986.2,817.661,63804.6,4789,9710
1588,0.785,10601,4665.5,15267.5,4791,9714
1589,0.978,25824.1,3479.89,29305.1,4795,9722
1590,0.449,0.198,7808.68,7809.53,4795,9722
1591,1.103,25015.8,3433.53,28450.6,4799,9730
1592,0.604,52442.1,3454.18,55897.1,4807,9746
1593,8.061,0.203,7645.74,7654.2,4807,9746
1594,0.546,10516.4,4478.67,14995.8,4809,9750
1595,0.431,0.199,5305.65,5306.54,4809,9750
1596,0.531,9809.36,3981.39,13791.4,4811,9754
1597,0.409,0.208,6744.6,6745.38,4811,9754
1598,0.418,22593.2,715.57,23309.3,4815,9762
1599,0.518,90449.6,3447.94,93898.3,4830,9793
1600,1366.79,10563.5,4010.39,15940.9,4832,9797
1601,1.024,152081,3157.48,155240,4855,9844
1602,0.474,10652.9,4283.27,14936.9,4857,9848
1603,0.665,44787.3,3127.39,47915.5,4864,9863
1604,0.487,26319.3,3723.73,30043.8,4868,9871
1605,0.672,0.17,7992.92,7993.98,4868,9871
1606,0.461,45420.6,3575.85,48997.1,4875,9886
1607,0.63,10450.5,4273.55,14724.9,4877,9890
1608,0.49,25064.8,3592.87,28658.4,4881,9898
1609,0.445,40757.2,847.917,41605.8,4887,9910
1610,0.622,10823.1,4471.27,15295.2,4889,9914
1611,1.351,25076.1,898.119,25975.7,4893,9922
1612,1.143,42088.8,836.775,42927,4899,9934
1613,0.553,55323.9,3750.32,59075,4907,9950
1614,0.449,55649.7,825.742,56476.1,4915,9966
1615,0.488,10793.6,4553.24,15347.6,4917,9970
1616,0.577,10898.7,4289.27,15188.7,4919,9974
1617,0.541,41047.2,3631.71,44679.7,4925,9986
1618,0.452,20473.5,3528.7,24002.8,4928,9993
1619,1.253,40925.2,930.415,41857.1,4934,10005
1620,0.443,0.199,7480.01,7480.88,4934,10005
1621,1283.44,11461.1,4785.6,17530.4,4936,10009
1622,0.562,41418.1,3644.48,45063.3,4942,10021
1623,0.527,25501.1,3529.83,29031.7,4946,10029
1624,0.448,0.216,8241.34,8242.21,4946,10029
1625,0.504,10707.7,4533.03,15241.4,4948,10033
1626,0.355,170936,3411.6,174348,4974,10085
1627,0.474,51520.5,3523.92,55045.1,4982,10101
1628,0.661,27278,3649.7,30928.5,4986,10109
1629,0.539,64927.5,3567.21,68495.4,4996,10129
1630,0.514,76736,877.847,77614.6,5008,10153
1631,0.462,37277.1,3768.92,41046.6,5014,10165
1632,0.581,40838.3,832.982,41672.1,5020,10177
1633,0.683,66938.3,852.643,67791.8,5030,10197
1634,0.621,65518.8,3543.05,69062.7,5040,10217
1635,0.541,124521,3893.86,128415,5058,10253
1636,2062.26,11139.3,4511.61,17713.4,5060,10257
1637,0.844,0.237,5335.57,5336.85,5060,10257
1638,1.371,62821.3,3563.9,66386.8,5070,10277
1639,0.476,95147.9,3639.53,98788.1,5084,10305
1640,0.772,64594.5,3576.55,68172,5094,10325
1641,1055.76,10996.2,4612.53,16664.8,5096,10329
1642,0.464,40641.7,808.446,41450.8,5102,10341
1643,0.534,39390.9,943.905,40335.6,5108,10353
1644,0.521,11499.6,4593.59,16093.9,5110,10357
1645,0.487,42771.8,3388.26,46160.8,5116,10369
1646,0.33,0.13,8333.6,8334.27,5116,10369
1647,0.355,44659.4,4009.2,48669.2,5122,10381
1648,0.625,39368,4049.63,43418.5,5128,10393
1649,0.537,39528.9,917.863,40447.5,5134,10405
1650,1.408,71303.2,3921.19,75226,5144,10425
1651,0.588,56090.2,935.066,57026,5152,10441
1652,1026.24,11782.4,4860.11,17669.1,5154,10445
1653,1064.17,28435.7,1019.4,30519.5,5158,10453
1654,0.685,27630.2,865.383,28496.5,5162,10461
1655,0.482,41436.6,869.616,42306.9,5168,10473
1656,0.681,104855,3740.05,108596,5184,10505
1657,0.588,11872.8,4880.92,16754.6,5186,10509
1658,0.414,0.302,9374.94,9375.88,5186,10509
1659,1660.43,12235.3,4903.19,18799.2,5188,10513
1660,0.452,59626.1,4072.97,63699.8,5196,10529
1661,1636.52,27549.6,957.151,30143.5,5200,10537
1662,0.431,65702.3,3835.65,69538.6,5210,10557
1663,0.693,58382.2,3719.95,62103.1,5218,10573
1664,0.454,39918.2,3817.34,43736.1,5224,10585
1665,0.524,43968.1,3855.86,47824.7,5230,10597
1666,0.922,27655.7,896.615,28553.5,5234,10605
1667,0.718,11612.2,4756.25,16369.4,5236,10609
1668,0.494,22616.3,920.785,23537.8,5239,10616
1669,0.653,38253.6,3647.4,41901.8,5245,10628
1670,0.346,47763.3,3792.55,51556.4,5252,10643
1671,0.657,60954.4,3867.28,64822.6,5260,10659
1672,0.843,11449.9,4807.69,16258.6,5262,10663
1673,1294.54,11944,4836.64,18075.5,5264,10667
1674,0.602,28433,1029.91,29463.8,5268,10675
1675,970.559,11750.1,4760.4,17481.4,5270,10679
1676,0.46,28197.9,3954.31,32152.8,5274,10687
1677,0.482,56770.7,3876.48,60647.9,5282,10703
1678,0.512,69132.1,3709.83,72842.6,5292,10723
1679,0.588,117232,3674.61,120907,5308,10755
1680,0.542,54796.3,3716.22,58513.3,5316,10771
1681,0.571,44162.5,3986.96,48150.2,5322,10783
1682,0.485,101100,3716.98,104817,5336,10811
1683,947.336,28333.7,932.111,30213.3,5340,10819
1684,0.649,56284.4,3695.08,59980.3,5348,10835
1685,0.672,96222,968.552,97191.4,5362,10863
1686,0.591,68869.1,3665.52,72535.4,5372,10883
1687,0.555,42208.5,991.534,43200.8,5378,10895
1688,0.642,102563,3909.85,106474,5392,10923
1689,0.699,0.111,8555.25,8556.26,5392,10923
1690,0.447,0.117,8731.11,8731.87,5392,10923
1691,0.383,57362.3,4257.91,61620.8,5400,10939
1692,0.495,91845.1,3547.84,95393.6,5414,10967
1693,0.468,10909.9,4635.93,15546.5,5416,10971
1694,0.375,24579.5,3494.07,28074.1,5420,10979
1695,1976.73,11872,4691.24,18540.2,5422,10983
1696,0.681,11453.1,4849.75,16303.7,5424,10987
1697,0.474,112101,3609.86,115712,5440,11019
1698,0.511,61183.8,3540.71,64725.2,5450,11039
1699,0.406,0.215,6990.89,6991.67,5450,11039
1700,1.085,47989.7,3678.49,51669.5,5457,11054
1701,0.408,25686.8,885.965,26573.3,5461,11062
1702,1274.99,27129.9,905.702,29310.8,5465,11070
1703,0.383,0.17,6081.76,6082.46,5465,11070
1704,1.744,36692.3,3519.18,40213.4,5471,11082
1705,0.532,35816,3493.31,39310,5477,11094
1706,0.56,5336.56,3546.72,8884,5478,11097
1707,0.45,0.141,5219.96,5220.7,5478,11097
1708,0.239,25118.6,904.222,26023.2,5482,11105
1709,0.341,10702.7,4360.75,15063.9,5484,11109
1710,0.365,62751.5,3942.35,66694.4,5492,11125
1711,0.526,76084.2,4053.83,80138.8,5502,11145
1712,1039.38,11898,4921.2,17858.9,5504,11149
1713,0.562,29004.7,3857.6,32863,5508,11157
1714,0.753,0.143,8889.96,8891.06,5508,11157
1715,0.478,56304.6,3640.35,59945.6,5516,11173
1716,0.424,10672.5,4417.77,15090.8,5518,11177
1717,0.35,0.11,5127.86,5128.47,5518,11177
1718,0.223,10781.2,4198.81,14980.4,5520,11181
1719,0.224,115124,3980.79,119105,5536,11213
1720,0.5,72453.1,3588.42,76042.2,5546,11233
1721,0.613,103812,3606.04,107419,5562,11265
1722,0.555,0.168,8139.29,8140.17,5562,11265
1723,0.272,47466.4,3725.8,51192.6,5569,11280
1724,0.415,26394.7,1033.49,27428.7,5573,11288
1725,0.315,59650.3,4264.16,63914.9,5581,11304
1726,0.665,12251,5004.97,17256.8,5583,11308
1727,0.472,57264.7,3637.98,60903.4,5591,11324
1728,0.405,25894.4,3584.15,29479.1,5595,11332
1729,0.436,52348.4,3515.45,55864.5,5603,11348
1730,0.409,131021,3715.43,134737,5623,11388
1731,0.542,158135,3565.36,161701,5647,11436
1732,0.44,64212.9,962.389,65175.8,5657,11456
1733,0.52,170935,3581.92,174518,5683,11508
1734,0.603,0.11,7311.78,7312.65,5683,11508
1735,1384.17,11204.6,4780.63,17369.6,5685,11512
1736,0.592,39863,1003.38,40867.1,5691,11524
1737,0.464,55490.7,3808.13,59299.4,5699,11540
1738,0.412,27319.2,3839.81,31159.6,5703,11548
1739,0.574,27701.4,943.182,28645.3,5707,11556
1740,0.516,72091.8,3700.14,75792.6,5717,11576
1741,0.357,11270,4575.47,15846,5719,11580
1742,0.379,27044.4,3691.98,30736.9,5723,11588
1743,0.514,38994.2,3635.78,42630.7,5729,11600
1744,0.296,98457.6,3944.89,102403,5743,11628
1745,0.409,95291,3727.08,99018.6,5757,11656
1746,0.404,0.2,8506.86,8507.62,5757,11656
1747,0.439,11091.8,4633.06,15725.4,5759,11660
1748,0.446,0.303,8317.84,8318.74,5759,11660
1749,1290.73,11214.9,4666.54,17172.4,5761,11664
1750,1160.09,11491.7,4636.85,17288.9,5763,11668
1751,0.353,43109.7,3812.17,46922.4,5769,11680
1752,0.41,0.115,5740.35,5741.03,5769,11680
1753,0.246,58474,3759.36,62233.8,5777,11696
1754,0.476,27823,1028.02,28851.7,5781,11704
1755,0.431,27734.7,3791.99,31527.2,5785,11712
1756,0.405,11297.4,4667.21,15965.2,5787,11716
1757,0.415,26584.7,874.695,27460,5791,11724
1758,0.4,27208.9,3679.15,30888.6,5795,11732
1759,0.333,58776.3,3925.53,62702.3,5803,11748
1760,1433.35,11524.7,4763.86,17722,5805,11752
1761,0.571,59035.1,3930.8,62966.6,5813,11768
1762,0.282,60189.4,3904.78,64094.6,5821,11784
1763,1127.08,11567.7,4719.18,17414.2,5823,11788
1764,0.528,11148.8,4661.57,15811.1,5825,11792
1765,0.67,20660.2,995.028,21656,5828,11799
1766,0.323,0.151,8504.8,8505.43,5828,11799
1767,0.353,70339,3797.11,74136.6,5838,11819
1768,0.981,99920.4,3908.02,103830,5852,11847
1769,0.328,56690,1078.42,57769,5860,11863
1770,0.644,0.172,9730.68,9731.7,5860,11863
1771,0.38,81335.7,4228.58,85564.8,5870,11883
1772,0.521,12930.1,5863.27,18794.1,5872,11887
1773,0.676,45536.9,949.599,46487.3,5878,11899
1774,0.677,125058,4323.01,129382,5894,11931
1775,0.465,0.146,9773.3,9774.13,5894,11931
1776,0.329,50350.6,4514.73,54865.8,5900,11943
1777,2087.13,13586.1,5561,21234.5,5902,11947
1778,0.616,31828.8,4375.15,36204.8,5906,11955
1779,0.458,97063.8,4399.46,101464,5918,11979
1780,0.466,30595.9,1005.87,31602.4,5922,11987
1781,0.514,41528.9,4028.17,45557.8,5928,11999
1782,0.237,41234,3834.29,45068.7,5934,12011
1783,0.254,32599.4,1122.9,33722.7,5938,12019
1784,0.325,65847.2,4449.2,70296.9,5946,12035
1785,0.36,0.123,5547.29,5547.98,5946,12035
1786,1.177,111276,3923.53,115201,5960,12063
1787,0.592,67657.6,5852.38,73510.8,5968,12081
1788,0.593,83706.4,4393.77,88101,5978,12101
1789,0.559,34193.9,4471.88,38666.6,5982,12109
1790,0.429,13802,5885.22,19687.8,5984,12113
1791,1.066,45217.3,1010.77,46229.3,5990,12125
1792,0.32,136775,4702.14,141478,6006,12157
1793,0.882,92739.7,4025.93,96766.7,6018,12181
1794,0.453,73461.2,953.136,74414.9,6028,12201
1795,0.547,28352.7,3859.68,32213.1,6032,12209
1796,0.363,28705.2,1001.48,29707.2,6036,12217
1797,0.468,32249.2,1203.73,33453.6,6040,12225
1798,1.162,107663,4838.35,112502,6052,12249
1799,0.494,47614.6,3967.71,51583,6058,12261
1800,2255.1,14250.6,5831.98,22338,6060,12265
1801,0.48,53750.1,4625.1,58375.9,6066,12277
1802,0.526,51209.9,4752.23,55962.9,6072,12289
1803,0.561,0.292,10508.1,10509.1,6072,12289
1804,0.439,14657.6,6029.91,20688.1,6074,12293
1805,0.48,87331,4055.33,91387,6084,12313
1806,0.644,29095.2,995.411,30091.4,6088,12321
1807,0.539,59958,4522.54,64481.4,6096,12337
1808,0.551,72982,5174.18,78157,6104,12353
1809,1494.14,34333,4731.55,40559,6108,12361
1810,0.458,52705.6,4615.78,57322.1,6114,12373
1811,0.453,48417.1,4117.92,52535.6,6120,12385
1812,1265.15,12090.7,4926.19,18282.3,6122,12389
1813,0.403,29207,1079.42,30287,6126,12397
1814,0.621,58490.6,3844.74,62336.1,6134,12413
1815,0.57,57905.5,4195.44,62101.7,6142,12429
1816,0.41,51991.4,4980.99,56972.9,6148,12441
1817,0.653,131378,4565.88,135945,6162,12469
1818,1410.58,18955,5865.83,26231.7,6164,12473
1819,1094.69,18956.8,5777.56,25829.3,6166,12477
1820,0.394,58428.3,1330.31,59759.2,6172,12489
1821,1.188,136062,4716.72,140780,6188,12521
1822,0.604,31449.7,1092.16,32542.6,6192,12529
1823,0.685,30290.4,4178.36,34469.6,6196,12537
1824,0.416,0.11,7109.23,7109.91,6196,12537
1825,0.36,48303.1,4545.5,52849.2,6202,12549
1826,1.406,71774.6,4728.93,76505.1,6210,12565
1827,0.547,14188.8,6068.38,20257.9,6212,12569
1828,0.426,92025.6,5033.25,97059.4,6222,12589
1829,1.105,56176.4,4957.59,61135.3,6228,12601
1830,2267.1,11941.3,5146.5,19355.1,6230,12605
1831,0.554,80895.4,4939.79,85835.9,6240,12625
1832,0.784,14963.2,6187.32,21151.5,6242,12629
1833,0.624,159290,4778.6,164069,6260,12665
1834,0.741,132515,6177.84,138693,6274,12693
1835,2601.2,14378.5,7287.04,24266.9,6276,12697
1836,0.558,14233.3,5798.76,20032.8,6278,12701
1837,0.619,67324.6,1151.02,68476.4,6286,12717
1838,0.51,33991.4,4681.75,38673.9,6290,12725
1839,0.813,51142.5,1311.04,52454.6,6296,12737
1840,0.632,90010.1,4874.23,94885.2,6306,12757
1841,0.56,80670.7,4382.55,85053.9,6316,12777
1842,0.516,30210.8,1011.79,31223.2,6320,12785
1843,0.414,133764,4641.38,138406,6336,12817
1844,0.533,89195.3,1183.85,90379.9,6346,12837
1845,0.494,55734.1,4794.68,60529.5,6352,12849
1846,0.357,55305.9,4731.6,60038.1,6358,12861
1847,0.468,33933.6,4711.49,38645.7,6362,12869
1848,0.487,90841.1,5024.47,95866.3,6372,12889
1849,0.738,51094.7,4990.7,56086.3,6378,12901
1850,1.078,104479,4862.55,109343,6390,12925
1851,0.718,53756.2,4861.59,58618.7,6396,12937
1852,0.718,36213.7,5018.68,41233.2,6400,12945
1853,0.539,142914,4212.17,147127,6416,12977
1854,1407.67,12843.3,5362.39,19613.6,6418,12981
1855,0.364,63629.6,1040.06,64670.3,6426,12997
1856,2447.3,14905.3,6095.65,23448.6,6428,13001
1857,0.514,87772.4,4815.53,92588.6,6438,13021
1858,0.439,102757,4469.73,107228,6450,13045
1859,0.684,66207.1,4217.22,70425.2,6458,13061
1860,0.401,31424.5,4848.09,36273.1,6462,13069
1861,0.608,90257.2,4866,95124,6472,13089
1862,0.419,35518.5,5042.59,40561.7,6476,13097
1863,0.442,71456.5,1200.3,72657.4,6484,13113
1864,0.485,54627.2,1319.83,55947.6,6490,13125
1865,0.587,0.224,11042.7,11043.7,6490,13125
1866,0.482,50449.7,4325.76,54776.1,6496,13137
1867,0.522,31449.6,1206.41,32656.6,6500,13145
1868,0.491,50361.5,4362.09,54724.3,6506,13157
1869,0.638,0.208,7943.94,7944.93,6506,13157
1870,1.129,50691.3,4292.71,54985.3,6512,13169
1871,1490.47,15111,6434.19,23035.9,6514,13173
1872,0.457,0.198,11053,11053.8,6514,13173
1873,0.441,159500,4664.47,164165,6532,13209
1874,0.866,33994.7,4762.26,38758,6536,13217
1875,0.536,35507.6,4947.33,40455.7,6540,13225
1876,0.453,76823.9,4857.33,81681.8,6548,13241
1877,0.444,68178.7,4251.45,72430.8,6556,13257
1878,0.485,64021.5,4347.91,68370,6564,13273
1879,0.461,32176.8,1225.07,33402.5,6568,13281
1880,0.54,91100.2,1349.55,92450.4,6578,13301
1881,0.647,73774.6,1079.28,74854.7,6586,13317
1882,0.55,85464.9,4432.73,89898.3,6596,13337
1883,0.326,58941.6,5155.77,64097.8,6602,13349
1884,0.571,50041.6,4975.03,55017.4,6608,13361
1885,0.491,0.219,10701.8,10702.6,6608,13361
1886,2536.99,15370.7,6350.11,24257.9,6610,13365
1887,0.565,79061.7,1313.85,80376.2,6618,13381
1888,0.504,59363.9,5155,64519.6,6624,13393
1889,0.388,0.226,11462.1,11462.9,6624,13393
1890,0.385,70017.7,4540.83,74559.1,6632,13409
1891,0.622,47095.7,4641.55,51738.1,6638,13421
1892,0.57,89505.2,4841.82,94348,6648,13441
1893,0.623,154578,5367.3,159946,6664,13473
1894,0.7,77804.4,5455.45,83260.8,6672,13489
1895,2648.43,39689.3,1477.87,43815.8,6676,13497
1896,0.54,172313,5032.02,177346,6694,13533
1897,0.659,14864,6131.31,20996.1,6696,13537
1898,0.37,36505.4,5157.98,41663.9,6700,13545
1899,0.577,36073.1,4881.35,40955.2,6704,13553
1900,0.894,59219.3,5468.56,64688.9,6710,13565
1901,0.476,84736.8,5412.22,90149.7,6718,13581
1902,2673.99,13851.3,5840.33,22365.8,6720,13585
1903,0.775,33876.5,4585.93,38463.4,6724,13593
1904,1.221,59545.7,1299.61,60846.7,6730,13605
1905,2080.34,15025.3,6090.11,23196,6732,13609
1906,0.566,73145.2,4928.12,78074.1,6740,13625
1907,0.622,70725.2,1211.47,71937.4,6748,13641
1908,0.519,120402,1123.17,121526,6762,13669
1909,0.547,66569.8,1120.34,67690.9,6770,13685
1910,0.527,79272.4,5338.95,84612,6778,13701
1911,0.584,103517,5168.18,108686,6788,13721
1912,0.527,110244,5214.31,115459,6800,13745
1913,0.543,116631,5527.34,122159,6812,13769
1914,0.74,0.521,12401.7,12403.1,6812,13769
1915,0.74,16359.7,6689.9,23050.5,6814,13773
1916,0.357,38190.9,1274.43,39465.8,6818,13781
1917,0.552,36378.1,4932.06,41310.9,6822,13789
1918,0.415,14774.8,6168.72,20944.1,6824,13793
1919,0.383,14712.8,6098.81,20812.1,6826,13797
1920,0.463,36013.8,1310.54,37325,6830,13805
1921,0.395,34508.4,4710.72,39219.6,6834,13813
1922,1878.12,16475.1,6702.99,25056.4,6836,13817
1923,0.834,150251,5016.81,155269,6852,13849
1924,0.56,0.201,9995.34,9996.25,6852,13849
1925,0.541,57309.7,5070.84,62381.2,6858,13861
1926,0.593,0.2,11255.8,11256.7,6858,13861
1927,0.379,35721.4,1145.61,36867.5,6862,13869
1928,0.432,51677.2,1219.69,52897.5,6868,13881
1929,0.401,69408.1,5558.52,74967.2,6876,13897
1930,0.678,16483.3,6747.04,23231.2,6878,13901
1931,0.573,100329,5605.37,105935,6888,13921
1932,0.446,58619.9,5063.39,63683.9,6894,13933
1933,0.568,56409.9,1202.55,57613.2,6900,13945
1934,0.467,36785.7,1284.46,38070.8,6904,13953
1935,0.599,133856,5593.48,139450,6920,13985
1936,0.598,40760.7,1379.32,42140.7,6924,13993
1937,0.659,39584.4,5835.55,45420.8,6928,14001
1938,0.53,40921.4,1391.93,42314,6932,14009
1939,0.558,40198.9,1321.2,41520.9,6936,14017
1940,0.632,95743.7,5085.01,100830,6946,14037
1941,0.561,36922.3,4703.37,41626.4,6950,14045
1942,1402.16,14516.1,6039.9,21958.3,6952,14049
1943,0.54,86646.8,1131.78,87779.3,6962,14069
1944,0.493,93381.2,5413.83,98795.7,6972,14089
1945,0.588,100253,1267.4,101521,6982,14109
1946,0.467,91156.6,4998.78,96155.9,6992,14129
1947,0.779,123356,1146.15,124503,7006,14157
1948,0.498,112807,1395.59,114204,7018,14181
1949,0.501,40723.7,5630.42,46354.8,7022,14189
1950,0.565,63535,5236.27,68772,7028,14201
1951,0.586,149163,5526.89,154691,7044,14233
1952,0.859,114707,1362.54,116070,7056,14257
1953,0.548,90920.7,5163.44,96084.8,7066,14277
1954,0.6,89304.2,1163.2,90468.2,7076,14297
1955,0.495,80982.5,4765.43,85748.5,7086,14317
1956,0.449,0.106,9910.83,9911.52,7086,14317
1957,0.448,17945.4,7250.7,25196.7,7088,14321
1958,0.798,59171.5,1422.09,60594.6,7094,14333
1959,0.621,40501.8,1439.15,41941.8,7098,14341
1960,0.469,0.163,12951.8,12952.6,7098,14341
1961,0.624,41110.9,1343.22,42455.1,7102,14349
1962,2015.74,15822.9,6641.6,24480.4,7104,14353
1963,0.373,77377.5,5501.31,82879.4,7112,14369
1964,0.441,57756.4,5827.6,63584.6,7118,14381
1965,0.514,125460,5675.17,131136,7130,14405
1966,0.4,152977,5898.96,158877,7144,14433
1967,0.619,82615.6,1306.67,83923,7152,14449
1968,0.45,116131,5593.23,121724,7164,14473
1969,1.093,199228,5271.98,204501,7184,14513
1970,0.694,135569,1312.6,136882,7198,14541
1971,0.566,63870.4,5520.85,69392,7204,14553
1972,1.13,97202.6,4901.19,102105,7214,14573
1973,0.47,35849.6,1184.83,37035,7218,14581
1974,2762.22,17341.4,7170.45,27274.3,7220,14585
1975,0.432,59844.9,1407.27,61252.8,7226,14597
1976,0.492,160897,5478.6,166377,7241,14628
1977,2135.27,35265.1,4975.98,42376.5,7245,14636
1978,0.43,48068.1,5007.84,53076.5,7250,14647
1979,0.482,55285.3,5040.82,60326.8,7256,14659
1980,0.29,64180.7,4973.47,69154.5,7263,14674
1981,2429.07,16710.6,6734.63,25874.6,7265,14678
1982,0.498,77084.8,1275.65,78361.1,7273,14694
1983,0.63,0.138,9294.45,9295.37,7273,14694
1984,0.37,0.15,7970.79,7971.46,7273,14694
1985,0.504,39766.3,5329.69,45096.6,7277,14702
1986,1723.66,57044.2,4884.93,63653,7283,14714
1987,0.535,56520.3,4988.95,61509.9,7289,14726
1988,2.004,35894.6,4982.19,40878.9,7293,14734
1989,0.483,35955.3,1214.4,37170.3,7297,14742
1990,0.443,168383,5828.54,174213,7313,14774
1991,0.526,124650,1330.77,125982,7325,14798
1992,1737.96,53235.9,5331,60305.1,7331,14810
1993,0.419,35841.5,4965.39,40807.5,7335,14818
1994,0.38,145581,5050.62,150632,7351,14850
1995,2610.83,16709,6747.15,26067.1,7353,14854
1996,0.528,39281.2,1370.49,40652.3,7357,14862
1997,0.411,96773.5,5729.72,102504,7367,14882
1998,0.963,83201,5798.76,89000.9,7375,14898
1999,0.551,81557.7,1355.92,82914.3,7383,14914
2000,1.359,56328.5,5118.59,61448.6,7389,14926
2001,1.442,84073.9,5624.94,89700.4,7397,14942
2002,0.667,42325.5,5881.06,48207.4,7401,14950
2003,0.445,17079,6446.63,23526.3,7403,14954
2004,1682.83,7768.37,5036.63,14488,7404,14957
2005,1921.38,63135,1396.23,66452.8,7410,14969
2006,1.253,64639.8,1502.28,66143.5,7416,14981
2007,0.458,0.225,13140.9,13141.8,7416,14981
2008,0.289,42093.7,5750.63,47844.8,7420,14989
2009,0.467,0.242,12852.6,12853.5,7420,14989
2010,0.271,109725,5980.86,115706,7430,15009
2011,0.462,18092.4,7074.77,25167.8,7432,15013
2012,0.553,0.191,12760.9,12761.8,7432,15013
2013,0.43,41083.1,5716.06,46799.7,7436,15021
2014,0.487,8363.49,5668.12,14032.3,7437,15024
2015,0.472,86599.8,1398.27,87998.7,7445,15040
2016,0.62,75960.3,5325.73,81286.8,7453,15056
2017,0.508,0.133,6257.25,6258.01,7453,15056
2018,0.409,0.178,11497.3,11498,7453,15056
2019,0.375,36879.4,1304.64,38184.6,7457,15064
2020,0.421,79087.6,5642.81,84731,7465,15080
2021,2389.98,42845.8,1440.51,46676.5,7469,15088
2022,1783.24,38402.7,1278.47,41464.5,7473,15096
2023,0.627,37154.5,5281.86,42437.1,7477,15104
2024,0.464,115315,5206.81,120523,7489,15128
2025,2639.01,18343.3,7839.21,28821.7,7491,15132
2026,0.648,34816.4,1525.12,36342.3,7494,15139
2027,0.545,136771,6290.8,143062,7506,15163
2028,2348.84,37735.8,1385.69,41470.5,7510,15171
2029,0.431,15353.4,6457.32,21811.3,7512,15175
2030,0.323,36961.5,1263.01,38224.9,7516,15183
2031,0.443,0.1,8975.36,8976.04,7516,15183
2032,0.369,141458,5645.25,147104,7530,15211
2033,0.67,167522,5612.8,173136,7546,15243
2034,0.471,38511.7,5491.09,44003.4,7550,15251
2035,0.58,99357.1,5839.19,105197,7560,15271
2036,0.502,0.175,7232.48,7233.32,7560,15271
2037,0.381,66155.6,5787.21,71943.4,7566,15283
2038,0.372,41779.4,6085.65,47865.7,7570,15291
2039,0.575,57545.4,5467.18,63013.3,7576,15303
2040,0.491,55787.2,5415.92,61203.8,7582,15315
2041,0.587,38454.8,1264.32,39719.9,7586,15323
2042,0.383,197123,5650.97,202774,7604,15359
2043,0.674,0.146,11465.9,11466.8,7604,15359
2044,0.365,0.161,11401.3,11402,7604,15359
2045,0.481,76512,5325.06,81837.7,7612,15375
2046,0.381,152256,6089.09,158345,7626,15403
2047,3502.38,37832,5123.9,46458.5,7630,15411
2048,2190.56,39950,1494.39,43635.1,7634,15419
2049,1945.92,15871.1,6360.49,24177.6,7636,15423
2050,1706.1,16257.4,6526.45,24490.2,7638,15427
2051,0.657,99395.9,5147.01,104544,7648,15447
2052,0.489,111241,4929,116170,7660,15471
2053,0.592,15136.8,6326.42,21463.9,7662,15475
2054,0.249,108309,5482.8,113793,7673,15498
2055,0.383,31027.7,1272.96,32301.1,7676,15505
2056,0.558,0.275,11977.8,11978.8,7676,15505
2057,0.396,15940.9,6825.9,22767.3,7678,15509
2058,0.3,60275.2,1397.02,61672.6,7684,15521
2059,0.401,38857.3,5485.28,44343.2,7688,15529
2060,0.385,88055.7,6016.7,94072.9,7696,15545
2061,0.596,131234,5442.88,136677,7708,15569
2062,0.53,16611.2,7016.48,23628.4,7710,15573
2063,0.42,84467.3,5045.27,89513.1,7718,15589
2064,0.457,197890,5437.29,203327,7736,15625
2065,0.539,95941.8,5436.17,101379,7746,15645
2066,0.407,55008.2,1271.66,56280.4,7752,15657
2067,0.656,80491.8,5143.61,85636.2,7760,15673
2068,0.574,15626.9,6455.37,22082.9,7762,15677
2069,0.397,76016.3,5344.16,81361,7770,15693
2070,0.58,104566,6491.52,111059,7780,15713
2071,0.602,45001.6,1515.12,46517.5,7784,15721
2072,2718.84,15892.9,6462.17,25074.1,7786,15725
2073,0.451,59785.2,5257.7,65043.4,7792,15737
2074,0.422,80333,5238.67,85572.2,7800,15753
2075,0.732,61463.6,6120.8,67585.3,7806,15765
2076,0.58,61929.2,5972.24,67902.2,7812,15777
2077,0.502,161105,5956.3,167062,7826,15805
2078,1.307,116349,5994.5,122345,7836,15825
2079,0.483,59519.6,6318.73,65839,7841,15836
2080,1.435,98111.2,6230,104343,7849,15854
2081,0.654,46969.7,6200.67,53171.2,7853,15862
2082,0.623,0.127,14095.4,14096.3,7853,15862
2083,0.282,62922.9,5349.77,68273.1,7859,15874
2084,1.287,46325.4,6424.61,52751.5,7863,15882
2085,0.514,44525.4,1429.51,45955.6,7867,15890
2086,3014.4,15620.9,6546.96,25182.5,7869,15894
2087,0.397,54723.3,5486.81,60210.6,7875,15906
2088,0.51,37963.5,1255.5,39219.7,7879,15914
2089,0.369,112693,5358.86,118052,7889,15934
2090,0.503,58945.6,1340.56,60286.8,7895,15946
2091,0.553,38708.3,5367.69,44076.7,7899,15954
2092,0.498,16829.4,6351.68,23181.7,7901,15958
2093,3012.13,9783.42,6360.82,19156.6,7902,15961
2094,0.506,96440.4,6543.27,102984,7910,15977
2095,0.567,101954,1610.83,103566,7918,15993
2096,0.622,208341,6470.4,214812,7938,16033
2097,1.206,0.38,14565,14566.8,7938,16033
2098,0.581,75720.7,6361.69,82083.1,7944,16045
2099,0.403,0.211,14308.1,14308.9,7944,16045
2100,3282.07,34352.8,1555.15,39190.3,7947,16052
2101,1543.69,46159.4,6359.61,54063,7951,16060
2102,0.987,62532.8,5327.82,67861.8,7957,16072
2103,0.706,16707.3,6895.18,23603.3,7959,16076
2104,0.378,59057.1,1395.97,60453.5,7965,16088
2105,0.373,41306.8,1584.73,42892.1,7969,16096
2106,0.544,85038.2,5365.42,90404.3,7977,16112
2107,0.478,125537,6407.61,131945,7989,16136
2108,0.658,225291,5379.76,230672,8009,16176
2109,0.722,270650,5555.38,276206,8033,16224
2110,0.844,58329.7,5517.79,63848.4,8039,16236
2111,0.598,0.213,8106.51,8107.45,8039,16236
2112,0.333,30107.5,1447.03,31555,8042,16243
2113,0.435,51317.7,1402.56,52720.8,8047,16254
2114,0.397,47636.3,1631.58,49268.4,8051,16262
2115,2897.79,47675.1,1720.61,52293.8,8055,16270
2116,0.693,47504.9,6532.96,54038.7,8059,16278
2117,2104.31,47923.8,6791.74,56820,8063,16286
2118,0.557,115195,5409.29,120605,8074,16309
2119,0.59,62072.2,1356.47,63429.4,8080,16321
2120,0.503,117939,5540.44,123480,8092,16345
2121,1.262,46084.4,1393.38,47479.2,8096,16353
2122,2408.73,20190.4,8225.64,30824.9,8098,16357
2123,0.604,193143,6583.33,199727,8114,16389
2124,0.671,49233.9,6597.79,55832.5,8118,16397
2125,1.269,61460.5,1506.88,62968.8,8124,16409
2126,0.428,126199,5699.28,131899,8136,16433
2127,0.622,40167.7,1699.09,41867.6,8140,16441
2128,0.65,0.092,13388.1,13389,8140,16441
2129,0.484,96046,6484.23,102531,8148,16457
2130,0.477,124706,6511.62,131218,8158,16477
2131,0.556,19551.8,7991.7,27544.2,8160,16481
2132,0.472,64261.8,1355.12,65617.5,8166,16493
2133,0.581,16193.4,6795.45,22989.6,8168,16497
2134,0.91,18228.4,8338.7,26568.2,8170,16501
2135,0.731,71368.5,6685.57,78055,8176,16513
2136,0.691,96063.7,1651.25,97715.8,8184,16529
2137,0.768,47439.8,1613.31,49054,8188,16537
2138,0.866,72138.4,1341.42,73480.8,8194,16549
2139,0.609,106904,5519.45,112425,8204,16569
2140,0.403,86703.9,5551.31,92255.7,8212,16585
2141,0.454,133376,6628.84,140006,8224,16609
2142,0.687,298470,5548.96,304020,8250,16661
2143,0.702,81887.5,5653.36,87541.7,8258,16677
2144,0.384,124486,5677.55,130165,8270,16701
2145,0.387,40731,1375.86,42107.4,8274,16709
2146,0.475,105520,5588.83,111109,8284,16729
2147,2558.02,18751.9,7032.3,28342.4,8286,16733
2148,0.41,110867,5833.64,116701,8296,16753
2149,0.948,146516,5749.42,152266,8310,16781
2150,1.167,42256.5,1696.14,43953.9,8314,16789
2151,0.573,228785,5584.07,234370,8332,16825
2152,0.55,204598,5530.79,210129,8352,16865
2153,2931.64,48796.4,1675.89,53404.1,8356,16873
2154,0.779,74927.9,7767.15,82696,8362,16885
2155,0.735,20282.4,8336.31,28619.6,8364,16889
2156,2207.08,17197.3,7098.11,26502.7,8366,16893
2157,0.493,0.098,12719.8,12720.5,8366,16893
2158,0.378,0.097,9968.43,9969.06,8366,16893
2159,0.322,83839,5920.66,89760.2,8374,16909
2160,0.577,40459.6,1436.32,41896.6,8378,16917
2161,0.375,148739,6738.16,155478,8390,16941
2162,0.721,84824.3,5520.75,90345.9,8398,16957
2163,0.408,63339,5869.6,69209.1,8404,16969
2164,2493.59,17638,7417.36,27549.1,8406,16973
2165,1439.23,18135.2,7207.6,26782.2,8408,16977
2166,1358.82,17173.2,7148.82,25681,8410,16981
2167,0.38,41717.2,1476.89,43194.6,8414,16989
2168,0.424,187531,6366.27,193898,8431,17024
2169,0.442,36621.8,1525.88,38148.3,8434,17031
2170,0.534,112724,5757.56,118482,8444,17051
2171,1792.34,17278.9,7146.85,26218.2,8446,17055
2172,0.335,0.175,13569.5,13570.1,8446,17055
2173,0.446,227493,5786.8,233281,8467,17098
2174,0.374,200475,8817.84,209293,8481,17126
2175,0.57,225653,6038.21,231692,8492,17149
2176,3229.4,22659.1,9329.47,35218.2,8494,17153
2177,0.551,0.097,11138.6,11139.4,8494,17153
2178,0.339,106936,1820.24,108757,8502,17169
2179,0.358,84332.9,7507.49,91840.9,8508,17181
2180,1.267,130637,5905.42,136544,8520,17205
2181,0.651,65524.7,1401.26,66926.8,8526,17217
2182,0.585,129089,6716.28,135806,8538,17241
2183,0.694,0.208,14881.5,14882.5,8538,17241
2184,0.409,91848.3,6709.41,98558.2,8546,17257
2185,0.736,156595,6762.58,163359,8558,17281
2186,1.273,0.319,13824.3,13826,8558,17281
2187,0.466,154609,6017.58,160627,8572,17309
2188,0.565,44187.9,1543.21,45731.8,8576,17317
2189,0.611,138208,5984.16,144192,8588,17341
2190,0.777,19282.5,7591.09,26874.5,8590,17345
2191,0.468,0.113,8981.6,8982.31,8590,17345
2192,2750.95,17859.9,7561.75,28172.7,8592,17349
2193,0.472,18101,7403.37,25504.9,8594,17353
2194,1.112,43513.7,6117.89,49632.9,8598,17361
2195,0.576,0.271,13799.8,13800.8,8598,17361
2196,0.508,109000,5885.14,114886,8608,17381
2197,0.564,42762.7,6388,49151.4,8612,17389
2198,0.433,41943,1478.44,43422,8616,17397
2199,0.382,67187.5,5754.49,72942.5,8622,17409
2200,1.042,74400.9,5754.27,80156.4,8628,17421
2201,0.948,128210,6852.99,135064,8638,17441
2202,0.489,99196,6606.54,105803,8646,17457
2203,0.458,137499,5988.73,143489,8658,17481
2204,0.51,0.093,9307.77,9308.51,8658,17481
2205,0.328,94795.2,6120.46,100916,8667,17500
2206,0.392,190220,7389.36,197610,8683,17532
2207,2585.81,20146.7,8219.49,30952.3,8685,17536
2208,0.392,90123.8,7049.64,97174,8692,17551
2209,2023.16,17711.9,7522.64,27257.8,8694,17555
2210,0.484,0.168,13469.5,13470.3,8694,17555
2211,0.55,66653.5,1591.61,68245.8,8700,17567
2212,0.937,47556.4,1628.77,49186.3,8704,17575
2213,0.438,0.173,15018.1,15018.9,8704,17575
2214,0.456,47201.9,1599.26,48801.8,8708,17583
2215,0.489,115898,6508.81,122408,8718,17603
2216,0.355,174737,6459.92,181197,8732,17631
2217,0.389,19681.7,8293.7,27976,8734,17635
2218,1.04,49710.9,6906.9,56619,8738,17643
2219,0.472,68893.1,6577.61,75471.4,8744,17655
2220,0.66,146436,1624.19,148061,8756,17679
2221,0.53,91991.8,6713.19,98705.7,8764,17695
2222,0.521,48876.4,1696.75,50573.9,8768,17703
2223,0.799,123395,1648.92,125045,8778,17723
2224,0.435,48866.3,1778.15,50645,8782,17731
2225,0.292,203487,6860.31,210348,8798,17763
2226,0.349,102781,6812.84,109595,8806,17779
2227,0.729,200018,6629.1,206648,8822,17811
2228,0.756,155353,1656.68,157011,8834,17835
2229,1.214,119542,7647.57,127191,8843,17854
2230,0.53,73826,7533.24,81359.9,8849,17866
2231,0.778,38728,7075.83,45804.7,8852,17873
2232,0.678,0.112,13880.2,13881.2,8852,17873
2233,0.359,213447,6548.96,219996,8870,17909
2234,1.12,45953.9,6119.52,52074.6,8874,17917
2235,0.5,72006.3,6175.96,78182.9,8880,17929
2236,0.519,70939.2,1494.63,72434.4,8886,17941
2237,0.474,89278.6,6238.6,95517.8,8894,17957
2238,0.463,0.379,9311.87,9312.84,8894,17957
2239,0.348,71343,6205.27,77548.8,8900,17969
2240,0.439,18359,7669.76,26029.3,8902,17973
2241,0.421,0.196,7724.35,7725.11,8902,17973
2242,0.351,68124.3,6072.32,74197.1,8908,17985
2243,0.428,43675.4,6496.08,50172.1,8912,17993
2244,0.473,47390.5,6480.19,53871.3,8916,18001
2245,0.47,166622,7202.37,173825,8928,18025
2246,0.559,21631.2,9474.57,31106.5,8930,18029
2247,0.416,140406,5923.9,146331,8942,18053
2248,3245.4,19133.3,8046.8,30425.7,8944,18057
2249,1.285,82054,7326.3,89381.8,8950,18069
2250,2155.63,18212.5,7673.98,28042.2,8952,18073
2251,0.502,62972.8,1456.11,64429.5,8958,18085
2252,1522.88,45782.8,6271.31,53577.1,8962,18093
2253,0.531,45263.7,1515.77,46780.1,8966,18101
2254,0.384,114228,6482.29,120711,8976,18121
2255,3063.56,18696.7,7563.21,29323.7,8978,18125
2256,0.499,132349,5871.15,138220,8990,18149
2257,0.392,86700.5,1499.38,88200.4,8998,18165
2258,0.36,0.152,13505.4,13506.1,8998,18165
2259,1.396,66389.2,1683.81,68074.5,9004,18177
2260,0.653,18664.1,7646.12,26311,9006,18181
2261,0.365,18001.6,7689.53,25691.6,9008,18185
2262,0.626,44438.4,6293.46,50732.6,9012,18193
2263,0.602,68816.1,1497.31,70314.2,9018,18205
2264,0.369,67386.2,6136.12,73522.8,9024,18217
2265,1.63,0.153,10655.7,10657.6,9024,18217
2266,0.475,237957,7233.76,245191,9042,18253
2267,0.471,66942.7,6247.47,73190.8,9048,18265
2268,0.49,44386.6,6266.77,50654,9052,18273
2269,0.297,178700,5980.99,184681,9068,18305
2270,0.415,200015,7117.22,207133,9084,18337
2271,0.901,203210,6148.15,209359,9102,18373
2272,0.42,45200.8,6148.57,51349.9,9106,18381
2273,0.546,226228,5947.76,232176,9126,18421
2274,3277.64,18641.8,7905.04,29824.6,9128,18425
2275,0.592,307784,7370.86,315156,9154,18477
2276,0.594,187905,6892.73,194798,9168,18505
2277,0.442,270876,7212.06,278088,9188,18545
2278,1.169,138002,7309.53,145313,9198,18565
2279,0.463,82495.1,7137.8,89633.5,9204,18577
2280,3291.07,18459,7900.77,29651,9206,18581
2281,0.501,116412,6283.18,122696,9216,18601
2282,0.367,205554,1545.27,207099,9234,18637
2283,0.491,109507,6075.72,115583,9244,18657
2284,0.477,114604,1567.93,116172,9254,18677
2285,3329.47,46899.2,6538.89,56767.8,9258,18685
2286,0.748,265855,6268.19,272124,9280,18729
2287,0.635,137898,1552.11,139451,9292,18753
2288,0.751,89331.8,6337.12,95669.9,9300,18769
2289,0.491,157613,6247.76,163861,9314,18797
2290,0.615,111365,6066.68,117433,9324,18817
2291,0.613,0.311,13708.8,13709.8,9324,18817
2292,0.367,89516.6,1483.46,91000.5,9332,18833
2293,0.392,70568.5,6162,76731,9338,18845
2294,0.425,52906.6,1878.9,54786,9342,18853
2295,0.572,145087,7541.72,152629,9352,18873
2296,0.622,105043,7065.48,112110,9360,18889
2297,3466.58,19207.3,8402.28,31076.3,9362,18893
2298,2007.16,19667.2,8156.61,29831.1,9364,18897
2299,0.485,115281,6785.55,122067,9374,18917
2300,2018.63,21796,8887.3,32702.2,9376,18921
2301,0.561,84386,7425.29,91812,9382,18933
2302,0.584,21660.9,9325.17,30986.8,9384,18937
2303,0.418,82306.9,1957.3,84264.8,9390,18949
2304,0.498,0.171,12881.5,12882.3,9390,18949
2305,0.448,21998.9,10091,32090.6,9392,18953
2306,0.856,138383,6410.06,144794,9404,18977
2307,0.482,74859.5,6804.96,81665.1,9410,18989
2308,1.091,0.293,17093.7,17095.2,9410,18989
2309,0.567,194466,7442.47,201910,9424,19017
2310,0.522,153391,6421.27,159813,9436,19041
2311,2661.28,22841.5,9302.78,34805.8,9438,19045
2312,0.673,139196,8068.18,147265,9448,19065
2313,0.562,192536,7558.41,200095,9462,19093
2314,0.617,53590.6,7293.91,60885.3,9466,19101
2315,0.478,20786.7,8026.18,28813.5,9468,19105
2316,2824.88,11608.8,7404.75,21838.7,9469,19108
2317,0.516,22334.8,9259.7,31595.2,9471,19112
2318,0.395,160656,7422.92,168079,9483,19136
2319,0.648,139261,7548.47,146810,9493,19156
2320,0.51,177410,6824.35,184235,9507,19184
2321,0.361,99873.5,7878.93,107753,9515,19200
2322,0.466,224475,7122.38,231598,9531,19232
2323,0.526,128445,7152.71,135598,9541,19252
2324,0.54,51496.3,7097.48,58594.5,9545,19260
2325,0.417,104956,7128.15,112085,9553,19276
2326,0.534,80440.4,7230.79,87671.9,9559,19288
2327,0.553,20545.8,8432.42,28978.9,9561,19292
2328,0.555,98771.3,6735.43,105507,9569,19308
2329,0.441,211354,7830.34,219185,9585,19340
2330,0.557,264726,6517.48,271244,9605,19380
2331,0.567,20288.5,8368.61,28657.8,9607,19384
2332,2560.28,23795.6,9758.12,36114.2,9609,19388
2333,0.598,153382,7869.58,161252,9619,19408
2334,0.458,134044,7814.07,141859,9628,19427
2335,0.516,23718.4,9933.09,33652.2,9630,19431
2336,3532.62,21744.2,8853.75,34130.8,9632,19435
2337,0.552,207873,7084.49,214958,9648,19467
2338,0.513,153438,6827.53,160266,9660,19491
2339,0.589,92558.3,6887.88,99446.9,9667,19506
2340,0.478,22150.2,9646.65,31797.5,9669,19510
2341,0.496,111992,7702.23,119695,9677,19526
2342,0.498,115235,8124.57,123360,9685,19542
2343,0.609,0.165,12932.7,12933.6,9685,19542
2344,0.305,52553.9,1828.67,54383,9689,19550
2345,1.001,50540.5,6808.8,57350.4,9693,19558
2346,0.627,133943,7436.31,141380,9703,19578
2347,0.605,0.208,16567.1,16568.1,9703,19578
2348,1.042,0.23,8644.79,8646.22,9703,19578
2349,0.445,195317,8207.9,203525,9717,19606
2350,1.251,83392.5,7575.07,90969,9723,19618
2351,0.589,104376,1687.19,106064,9731,19634
2352,0.46,214500,7978.65,222479,9747,19666
2353,0.546,257535,7262.01,264798,9765,19702
2354,0.612,53382.6,7381.06,60764.5,9769,19710
2355,0.328,118475,7419.26,125895,9777,19726
2356,0.567,21984.3,9112.27,31097.3,9779,19730
2357,0.294,0.168,12737.3,12737.9,9779,19730
2358,0.339,140999,8184.03,149184,9789,19750
2359,0.443,150321,7571.36,157893,9799,19770
2360,0.526,22723,9313.49,32037.2,9801,19774
2361,0.401,0.136,16734.7,16735.4,9801,19774
2362,0.329,0.156,11030.3,11031,9801,19774
2363,0.594,102795,6873.65,109670,9809,19790
2364,0.503,222003,8115.11,230119,9825,19822
2365,0.652,91896.7,8180.03,100078,9831,19834
2366,0.496,22721.8,8737.02,31459.4,9833,19838
2367,0.524,78806.9,6854.63,85662.2,9839,19850
2368,0.445,20839.8,8547.94,29388.3,9841,19854
2369,0.43,114342,8078.6,122421,9849,19870
2370,0.58,341937,9806.44,351744,9871,19914
2371,0.605,24432.6,10515.7,34949.1,9873,19918
2372,3962.38,78343.5,1805.46,84111.5,9879,19930
2373,0.538,179329,7150.47,186480,9893,19958
2374,0.49,106181,1904.64,108087,9901,19974
2375,0.647,54834,1870.43,56705.2,9905,19982
2376,1.436,59486.4,2062.28,61550.3,9909,19990
2377,0.542,176181,7012.29,183194,9923,20018
2378,0.411,142317,1899.74,144217,9933,20038
2379,0.57,297549,8243.93,305794,9953,20078
2380,0.772,137400,7015.66,144416,9963,20098
2381,0.633,74145.7,7165.3,81311.8,9969,20110
2382,0.447,97813.6,7237.91,105052,9976,20125
2383,0.494,113784,1717.34,115502,9985,20144
2384,0.465,116405,7817.61,124223,9993,20160
2385,3659.42,20931.8,8497.47,33088.8,9995,20164
2386,0.837,161634,6929.56,168564,10007,20188
2387,0.761,20591.8,8391.27,28983.9,10009,20192
2388,0.336,133310,6805.47,140116,10019,20212
2389,0.391,0.254,11763.7,11764.5,10019,20212
2390,0.436,105141,7888.31,113030,10027,20228
2391,0.513,56751.3,2128.59,58880.5,10031,20236
2392,0.434,91625.6,8034.14,99660.4,10037,20248
2393,0.568,158285,7121.38,165407,10049,20272
2394,0.478,129974,1662.67,131638,10059,20292
2395,0.481,93984.9,1689.21,95674.7,10067,20308
2396,0.503,81045.8,8152,89198.4,10073,20320
2397,0.461,116212,1926.42,118139,10081,20336
2398,0.492,221386,7025.94,228412,10097,20368
2399,0.544,83872.4,1793.43,85666.5,10103,20380
2400,1.325,58808.3,8001.84,66811.6,10107,20388
2401,0.591,59130.5,2144.35,61275.6,10111,20396
2402,0.808,114827,7330.24,122159,10119,20412
2403,0.44,52221.7,1909.4,54131.7,10123,20420
2404,0.599,105061,1716.53,106778,10131,20436
2405,0.55,73352.8,6988.38,80341.8,10137,20448
2406,0.724,189531,8105.87,197638,10151,20476
2407,1.186,142306,7188.67,149496,10161,20496
2408,0.492,281470,7751.9,289223,10181,20536
2409,4310.9,59427.2,2142.05,65880.4,10185,20544
2410,0.883,242508,7982.9,250492,10201,20576
2411,1.513,179558,7813.76,187373,10213,20600
2412,0.711,55383,1884.23,57268.1,10217,20608
2413,0.514,147078,1998.57,149077,10227,20628
2414,0.614,89018.7,7901.74,96921.2,10233,20640
2415,0.565,78124.1,7106.89,85231.7,10239,20652
2416,0.527,51708.1,1711.75,53420.5,10243,20660
2417,1.299,190190,7148.67,197340,10257,20688
2418,1.301,155137,2143.36,157282,10267,20708
2419,0.647,149012,1984.4,150997,10277,20728
2420,3758.46,21463.2,9021.08,34243,10279,20732
2421,0.823,126433,6841.42,133275,10289,20752
2422,0.386,120049,6704.71,126755,10299,20772
2423,0.432,142682,1962.53,144645,10309,20792
2424,1.048,340965,8092.48,349059,10333,20840
2425,3747.43,24727.4,10334.6,38809.7,10335,20844
2426,0.644,182438,8016.36,190455,10347,20868
2427,0.61,181358,7857.07,189216,10359,20892
2428,3546.88,21529.4,9009.15,34085.6,10361,20896
2429,0.464,267268,2076.12,269345,10379,20932
2430,0.535,280693,8438.96,289133,10397,20968
2431,0.624,87980.3,2059.73,90040.8,10403,20980
2432,0.649,144534,8093.28,152628,10413,21000
2433,3897.75,21824.6,9071.34,34793.8,10415,21004
2434,0.609,191116,6967.69,198084,10429,21032
2435,0.615,128613,2084.69,130698,10439,21052
2436,0.526,62181.9,8836.78,71019.3,10443,21060
2437,0.62,316960,6983.34,323944,10465,21104
2438,0.566,51775.5,1745.55,53521.8,10469,21112
2439,3325.41,25937.8,10683.6,39946.9,10471,21116
2440,0.835,252639,2051.88,254692,10487,21148
2441,0.705,150242,8397.74,158640,10497,21168
2442,0.596,61562.1,8493.66,70056.5,10501,21176
2443,0.317,85157.8,7025,92183.2,10507,21188
2444,0.944,137030,7346.73,144378,10517,21208
2445,3819.87,26752.1,10692.2,41264.4,10519,21212
2446,0.542,129767,2111.1,131879,10527,21228
2447,0.509,250610,6972.66,257583,10543,21260
2448,0.556,189324,7451.45,196776,10557,21288
2449,0.555,111113,1798.17,112912,10565,21304
2450,1.419,63281.4,8678.66,71961.7,10569,21312
2451,0.622,59065.4,1784.85,60851,10573,21320
2452,1.049,53597.4,1855.18,55453.7,10577,21328
2453,4129.65,26224.7,10650.8,41005.3,10579,21332
2454,0.538,134074,8795.44,142870,10587,21348
2455,0.692,0.122,19431.9,19432.9,10587,21348
2456,0.491,224944,7244.58,232189,10601,21376
2457,0.498,126709,7133.03,133842,10611,21396
2458,0.514,335957,8342.15,344300,10635,21444
2459,0.573,220308,1976.36,222285,10649,21472
2460,0.453,239274,7208.09,246482,10665,21504
2461,0.485,52797.8,1731.23,54529.7,10669,21512
2462,0.489,166458,8468.89,174927,10681,21536
2463,0.705,156794,2141.53,158937,10691,21556
2464,0.53,249125,8524.8,257650,10707,21588
2465,0.796,357130,7094.03,364225,10731,21636
2466,0.677,51098,1722.06,52820.9,10735,21644
2467,0.257,210670,7180.88,217851,10751,21676
2468,0.679,54552.4,8628.33,63181.6,10755,21684
2469,0.504,297166,6936.05,304103,10775,21724
2470,0.451,156532,6945.14,163477,10787,21748
2471,0.537,51116,1786.84,52903.5,10791,21756
2472,0.468,51520.6,1809.86,53331.1,10795,21764
2473,0.416,52272.3,1738.01,54010.9,10799,21772
2474,0.545,59266.7,8497.21,67764.6,10803,21780
2475,0.686,193531,2173.98,195706,10815,21804
2476,0.767,83355.9,1816.88,85173.6,10821,21816
2477,0.598,81492.8,1837.19,83330.7,10827,21828
2478,0.334,82050.5,7395.6,89446.6,10833,21840
2479,3620.3,26192.7,10944.1,40757.3,10835,21844
2480,0.673,193693,9039.44,202733,10847,21868
2481,0.582,264004,8455.6,272461,10863,21900
2482,0.853,117484,7435.21,124920,10871,21916
2483,0.433,127528,7062.34,134591,10881,21936
2484,0.433,285022,7387.26,292410,10899,21972
2485,0.539,115447,7318.17,122766,10908,21991
2486,0.66,80787.6,1764.75,82553.2,10914,22003
2487,0.522,107091,7283.1,114374,10922,22019
2488,0.425,181979,8427.26,190406,10934,22043
2489,0.608,88413.7,8792.81,97207.3,10940,22055
2490,0.666,131310,9078.76,140390,10948,22071
2491,0.551,58026.6,7452.75,65480.1,10952,22079
2492,0.488,52795.4,7217.81,60013.8,10956,22087
2493,0.283,108277,7433.66,115711,10964,22103
2494,0.609,137283,9016.05,146300,10974,22123
2495,0.796,27032.3,11140.9,38174.1,10976,22127
2496,0.515,27017.7,11317.2,38335.5,10978,22131
2497,0.436,165934,7945.1,173879,10988,22151
2498,0.497,111411,8086.23,119498,10996,22167
2499,0.486,156776,8733.17,165510,11006,22187
2500,1.163,152237,8161.91,160400,11016,22207
2501,0.508,152144,8456.5,160601,11026,22227
2502,0.61,60435.9,8602.59,69039.2,11030,22235
2503,0.56,233310,9164.26,242475,11044,22263
2504,0.594,0.159,20295.6,20296.5,11044,22263
2505,4696.95,24931.7,10258.3,39887.2,11046,22267
2506,0.979,132104,7424.45,139529,11056,22287
2507,0.419,154310,1810.74,156121,11068,22311
2508,0.453,64967.1,2333.99,67301.7,11072,22319
2509,0.613,213320,8488.13,221809,11084,22343
2510,3716.16,53160.1,1875.72,58752.1,11088,22351
2511,0.582,21941.2,9196.47,31138.4,11090,22355
2512,0.496,72220.5,7533.81,79754.9,11095,22366
2513,0.365,112163,7250.26,119414,11103,22384
2514,0.467,84708.6,7334.38,92043.6,11109,22396
2515,0.475,53768,1934.69,55703.3,11113,22404
2516,0.332,222252,8925.52,231178,11127,22432
2517,1.018,202328,7543.87,209873,11141,22460
2518,0.55,52926.6,7562.15,60489.5,11145,22468
2519,0.431,165159,2336.53,167496,11155,22488
2520,0.932,0.075,18499.1,18500.3,11155,22488
2521,0.456,66734.2,9075.01,75809.8,11159,22496
2522,0.575,245090,8323.84,253415,11175,22528
2523,0.67,56668.7,1923.81,58593.3,11179,22536
2524,0.508,165821,9054.08,174876,11189,22556
2525,0.654,317769,7436.92,325206,11209,22596
2526,0.642,54915.3,1859.78,56775.9,11213,22604
2527,0.503,78959.3,1838.83,80798.8,11219,22616
2528,0.589,128775,9359.75,138136,11227,22632
2529,0.562,105560,9215.25,114776,11233,22644
2530,0.547,93431.2,2051.42,95483.4,11239,22656
2531,0.634,217201,7479.61,224682,11253,22684
2532,0.522,383050,9656.78,392708,11277,22732
2533,0.676,27106.5,11032.3,38139.6,11279,22736
2534,0.492,141361,7530.19,148892,11289,22756
2535,0.457,282773,9254.03,292028,11307,22792
2536,0.763,192898,8437.12,201336,11319,22816
2537,0.587,212911,7636.55,220548,11333,22844
2538,0.438,85119.5,1859.18,86979.3,11339,22856
2539,0.363,200635,9239.25,209874,11351,22880
2540,0.83,0.314,16418.8,16420.2,11351,22880
2541,0.463,132218,2020.68,134239,11359,22896
2542,0.89,0.249,15460.5,15461.8,11359,22896
2543,3773.97,28185.2,11820.3,43779.7,11361,22900
2544,0.72,66230.6,2319.39,68550.9,11365,22908
2545,0.499,0.171,17977.3,17978.1,11365,22908
2546,0.354,129956,2271.06,132227,11373,22924
2547,0.509,301033,9043.56,310077,11391,22960
2548,0.604,223581,8545.83,232128,11405,22988
2549,0.593,117490,7972.91,125463,11413,23004
2550,1.023,281335,7618.06,288955,11431,23040
2551,0.432,216987,8468.99,225456,11445,23068
2552,0.555,128372,8937.96,137311,11453,23084
2553,1.717,57265.1,1988.78,59255.7,11457,23092
2554,0.417,0.347,11602.8,11603.7,11457,23092
2555,0.27,23216.1,9873.83,33090.4,11459,23096
2556,0.289,22998.3,9976.94,32975.7,11461,23100
2557,0.407,23138.1,9800.87,32939.6,11463,23104
2558,0.367,186598,2330.05,188929,11475,23128
2559,0.626,129134,8916.33,138051,11483,23144
2560,0.506,266168,7687.71,273857,11499,23176
2561,0.377,269645,9408.46,279054,11517,23212
2562,0.61,167367,2253.47,169621,11527,23232
2563,0.599,100545,2154.76,102701,11533,23244
2564,0.435,277378,7779.63,285159,11551,23280
2565,0.374,186577,8941.32,195519,11563,23304
2566,0.501,0.182,19243.5,19244.4,11563,23304
2567,4313.42,74835.7,8676.14,87825.5,11568,23315
2568,0.486,61921,8653.72,70575.4,11572,23323
2569,0.481,151250,8417,159668,11581,23342
2570,0.491,0.205,12812.2,12813.1,11581,23342
2571,0.385,110128,8342.82,118471,11588,23357
2572,0.471,157909,7656.9,165567,11598,23377
2573,0.606,241299,9536.13,250836,11614,23411
2574,0.55,68220,2309,70529.7,11618,23419
2575,4427.37,62345.4,2215.84,68988.8,11622,23427
2576,0.793,133697,8568.69,142266,11630,23443
2577,0.686,132656,8373.13,141030,11638,23459
2578,0.587,95599.5,1962.61,97562.8,11644,23471
2579,0.684,95576.7,9572.43,105150,11650,23483
2580,0.639,203180,8843.73,212024,11662,23507
2581,0.566,126365,2096.3,128462,11670,23523
2582,0.694,0.199,19837.1,19838.1,11670,23523
2583,4132.05,23898.3,9776.13,37806.7,11672,23527
2584,2915.01,24409.4,9918.04,37242.6,11674,23531
2585,0.477,43028.8,7861.06,50890.5,11677,23538
2586,0.331,190797,7883.11,198681,11690,23565
2587,0.401,228270,8934.06,237205,11704,23593
2588,0.607,0.09,16200.1,16201,11704,23593
2589,0.389,244197,8191.79,252389,11720,23625
2590,0.539,259895,9091.3,268987,11736,23657
2591,0.572,205601,7972.17,213574,11750,23685
2592,0.538,266266,9555.84,275822,11766,23717
2593,0.666,29012.9,12148.3,41162,11768,23721
2594,0.467,27282.6,10383.7,37666.8,11770,23725
2595,3526.48,24260.8,9999.28,37786.8,11772,23729
2596,0.524,24058.6,10410.8,34470.1,11774,23733
2597,0.481,150449,8536.22,158986,11784,23753
2598,0.481,178022,8152.73,186176,11796,23777
2599,0.466,154022,9638.03,163660,11806,23797
